INSERT INTO BRAND(id,name) VALUES(1,'CroMagnon');
INSERT INTO STRENGTH(id,name) VALUES(1,'Full');
INSERT INTO COUNTRY(id,name) VALUES(1,'Nicaragua');
INSERT INTO CIGAR(id,name,brand_id,country_id,strength_id) VALUES(1,'ANTHROPOLOGY',1,1,1);
INSERT INTO BRAND(id,name) VALUES(2,'El Güegüense');
INSERT INTO STRENGTH(id,name) VALUES(2,'Medium-Full');
INSERT INTO CIGAR(id,name,brand_id,country_id,strength_id) VALUES(2,'CORONA GORDA',2,1,2);
INSERT INTO BRAND(id,name) VALUES(3,'Padilla La Pilar');
INSERT INTO STRENGTH(id,name) VALUES(3,'Medium');
INSERT INTO COUNTRY(id,name) VALUES(2,'Honduras');
INSERT INTO CIGAR(id,name,brand_id,country_id,strength_id) VALUES(3,'ROBUSTO',3,2,3);
INSERT INTO BRAND(id,name) VALUES(4,'Rocky Patel Twentieth Anniversary');
INSERT INTO CIGAR(id,name,brand_id,country_id,strength_id) VALUES(4,'LANCERO',4,2,3);
INSERT INTO BRAND(id,name) VALUES(5,'Hammer + Sickle Tradicion Serie');
INSERT INTO STRENGTH(id,name) VALUES(4,'Mild-Medium');
INSERT INTO COUNTRY(id,name) VALUES(3,'Dominican');
INSERT INTO CIGAR(id,name,brand_id,country_id,strength_id) VALUES(5,'ROBUSTO',5,3,4);
INSERT INTO BRAND(id,name) VALUES(6,'Fuente Fuente OpusX Lost City');
INSERT INTO CIGAR(id,name,brand_id,country_id,strength_id) VALUES(6,'PIRAMIDE',6,3,2);
INSERT INTO BRAND(id,name) VALUES(7,'Espada by Montecristo Estoque');
INSERT INTO CIGAR(id,name,brand_id,country_id,strength_id) VALUES(7,'TORPEDO',7,1,3);
INSERT INTO BRAND(id,name) VALUES(8,'Matilde Oscura');
INSERT INTO CIGAR(id,name,brand_id,country_id,strength_id) VALUES(8,'ROBUSTO',8,3,2);
INSERT INTO BRAND(id,name) VALUES(9,'Nat Sherman Timeless Collection');
INSERT INTO CIGAR(id,name,brand_id,country_id,strength_id) VALUES(9,'DIVINO',9,3,2);
INSERT INTO BRAND(id,name) VALUES(10,'San Cristobal');
INSERT INTO CIGAR(id,name,brand_id,country_id,strength_id) VALUES(10,'OVATION',10,1,2);
INSERT INTO BRAND(id,name) VALUES(11,'Nica Rustica');
INSERT INTO CIGAR(id,name,brand_id,country_id,strength_id) VALUES(11,'EL BRUJITO',11,1,1);
INSERT INTO BRAND(id,name) VALUES(12,'Litto Gomez Diez');
INSERT INTO CIGAR(id,name,brand_id,country_id,strength_id) VALUES(12,'SMALL BATCH NO. 6',12,3,1);
INSERT INTO BRAND(id,name) VALUES(13,'E.P. Carrillo New Wave Reserva');
INSERT INTO CIGAR(id,name,brand_id,country_id,strength_id) VALUES(13,'BELICOSO D'ORO',13,3,3);
INSERT INTO BRAND(id,name) VALUES(14,'Eiroa The First 20 Years');
INSERT INTO CIGAR(id,name,brand_id,country_id,strength_id) VALUES(14,'46 X 6 PRENSADO',14,2,2);
INSERT INTO BRAND(id,name) VALUES(15,'Hoyo de Monterrey Excalibur Cameroon');
INSERT INTO CIGAR(id,name,brand_id,country_id,strength_id) VALUES(15,'LANCELOT',15,2,3);
INSERT INTO BRAND(id,name) VALUES(16,'Padrón Dámaso');
INSERT INTO CIGAR(id,name,brand_id,country_id,strength_id) VALUES(16,'NO. 17',16,1,4);
INSERT INTO BRAND(id,name) VALUES(17,'Villiger Talanga');
INSERT INTO CIGAR(id,name,brand_id,country_id,strength_id) VALUES(17,'ROBUSTO',17,1,2);
INSERT INTO BRAND(id,name) VALUES(18,'El Centurion H-2K-CT');
INSERT INTO CIGAR(id,name,brand_id,country_id,strength_id) VALUES(18,'CORONA BOX PRESSED',18,1,2);
INSERT INTO BRAND(id,name) VALUES(19,'Enclave');
INSERT INTO CIGAR(id,name,brand_id,country_id,strength_id) VALUES(19,'FIGURADO',19,1,1);
INSERT INTO BRAND(id,name) VALUES(20,'Laranja Reserva');
INSERT INTO CIGAR(id,name,brand_id,country_id,strength_id) VALUES(20,'CAIXA',20,1,3);
INSERT INTO BRAND(id,name) VALUES(21,'Alec Bradley Nica Puro Rosado');
INSERT INTO CIGAR(id,name,brand_id,country_id,strength_id) VALUES(21,'CHURCHILL',21,1,2);
INSERT INTO BRAND(id,name) VALUES(22,'Romeo y Julieta');
INSERT INTO COUNTRY(id,name) VALUES(4,'Cuba');
INSERT INTO CIGAR(id,name,brand_id,country_id,strength_id) VALUES(22,'CEDROS DE LUXE',22,4,3);
INSERT INTO BRAND(id,name) VALUES(23,'Henry Clay Tattoo');
INSERT INTO CIGAR(id,name,brand_id,country_id,strength_id) VALUES(23,'TORO',23,3,2);
INSERT INTO BRAND(id,name) VALUES(24,'Daniel Marshall Red Label');
INSERT INTO CIGAR(id,name,brand_id,country_id,strength_id) VALUES(24,'PANETELA BOX-AGED 1 YEAR',24,1,2);
INSERT INTO BRAND(id,name) VALUES(25,'Nub Habano');
INSERT INTO CIGAR(id,name,brand_id,country_id,strength_id) VALUES(25,'464T',25,1,1);
INSERT INTO BRAND(id,name) VALUES(26,'Partagas');
INSERT INTO CIGAR(id,name,brand_id,country_id,strength_id) VALUES(26,'NO. 1',26,3,4);
INSERT INTO BRAND(id,name) VALUES(27,'Macanudo Maduro');
INSERT INTO CIGAR(id,name,brand_id,country_id,strength_id) VALUES(27,'BARON DE ROTHSCHILD',27,3,3);
INSERT INTO BRAND(id,name) VALUES(28,'H. Upmann Vintage Cameroon');
INSERT INTO CIGAR(id,name,brand_id,country_id,strength_id) VALUES(28,'LONSDALE',28,3,4);
INSERT INTO BRAND(id,name) VALUES(29,'Casa Turrent Serie 1901');
INSERT INTO COUNTRY(id,name) VALUES(5,'Mexico');
INSERT INTO CIGAR(id,name,brand_id,country_id,strength_id) VALUES(29,'ROBUSTO',29,5,2);
INSERT INTO BRAND(id,name) VALUES(30,'L&#039;Atelier Extension de la Racine');
INSERT INTO CIGAR(id,name,brand_id,country_id,strength_id) VALUES(30,'',30,1,2);
INSERT INTO BRAND(id,name) VALUES(31,'Rocky Patel Sun Grown Maduro');
INSERT INTO CIGAR(id,name,brand_id,country_id,strength_id) VALUES(31,'LANCERO',31,1,1);
INSERT INTO BRAND(id,name) VALUES(32,'Alec Bradley Coyol');
INSERT INTO CIGAR(id,name,brand_id,country_id,strength_id) VALUES(32,'PETIT LANCERO',32,2,2);
INSERT INTO BRAND(id,name) VALUES(33,'Oliva Serie V');
INSERT INTO CIGAR(id,name,brand_id,country_id,strength_id) VALUES(33,'LANCERO',33,1,3);
INSERT INTO BRAND(id,name) VALUES(34,'La Riqueza');
INSERT INTO CIGAR(id,name,brand_id,country_id,strength_id) VALUES(34,'NO. 1',34,1,2);
INSERT INTO BRAND(id,name) VALUES(35,'My Father');
INSERT INTO CIGAR(id,name,brand_id,country_id,strength_id) VALUES(35,'NO. 4 LANCERO',35,1,4);
INSERT INTO BRAND(id,name) VALUES(36,'La Flor Dominicana Double Ligero');
INSERT INTO CIGAR(id,name,brand_id,country_id,strength_id) VALUES(36,'LANCERO',36,3,1);
INSERT INTO BRAND(id,name) VALUES(37,'Partagás');
INSERT INTO CIGAR(id,name,brand_id,country_id,strength_id) VALUES(37,'MADURO NO. 1',37,4,3);
INSERT INTO BRAND(id,name) VALUES(38,'Brick House');
INSERT INTO CIGAR(id,name,brand_id,country_id,strength_id) VALUES(38,'SHORT TORPEDO',38,1,2);
INSERT INTO BRAND(id,name) VALUES(39,'La Palina Family Series Miami');
INSERT INTO COUNTRY(id,name) VALUES(6,'U.S.A.');
INSERT INTO CIGAR(id,name,brand_id,country_id,strength_id) VALUES(39,'PASHA',39,6,3);
INSERT INTO CIGAR(id,name,brand_id,country_id,strength_id) VALUES(40,'CHURCHILL TUBO',22,4,3);
INSERT INTO BRAND(id,name) VALUES(40,'Joya de Nicaragua Antaño 1970');
INSERT INTO CIGAR(id,name,brand_id,country_id,strength_id) VALUES(41,'LANCERO',40,1,2);
INSERT INTO BRAND(id,name) VALUES(41,'Camacho Ecuador');
INSERT INTO CIGAR(id,name,brand_id,country_id,strength_id) VALUES(42,'FIGURADO',41,2,2);
INSERT INTO BRAND(id,name) VALUES(42,'Casa Cuba');
INSERT INTO CIGAR(id,name,brand_id,country_id,strength_id) VALUES(43,'DOBLE CINCO',42,3,3);
INSERT INTO BRAND(id,name) VALUES(43,'Undercrown Shade');
INSERT INTO STRENGTH(id,name) VALUES(5,'Mild');
INSERT INTO CIGAR(id,name,brand_id,country_id,strength_id) VALUES(44,'CORONA DOBLE',43,1,5);
INSERT INTO BRAND(id,name) VALUES(44,'Quai d&#039;Orsay');
INSERT INTO CIGAR(id,name,brand_id,country_id,strength_id) VALUES(45,'TO DIPLOMATICO EXCLUSIVO FRANCIA',44,4,3);
INSERT INTO BRAND(id,name) VALUES(45,'Montecristo');
INSERT INTO CIGAR(id,name,brand_id,country_id,strength_id) VALUES(46,'DOUBLE EDMUNDO',45,4,3);
INSERT INTO BRAND(id,name) VALUES(46,'Davidoff');
INSERT INTO CIGAR(id,name,brand_id,country_id,strength_id) VALUES(47,'NO. 1',46,3,5);
INSERT INTO BRAND(id,name) VALUES(47,'Ashton');
INSERT INTO CIGAR(id,name,brand_id,country_id,strength_id) VALUES(48,'8-9-8',47,3,5);
INSERT INTO BRAND(id,name) VALUES(48,'Room101 Master Collection Three');
INSERT INTO CIGAR(id,name,brand_id,country_id,strength_id) VALUES(49,'MUTANTE',48,2,2);
INSERT INTO CIGAR(id,name,brand_id,country_id,strength_id) VALUES(50,'NO. 2',45,4,3);
INSERT INTO BRAND(id,name) VALUES(49,'Montecristo Classic');
INSERT INTO CIGAR(id,name,brand_id,country_id,strength_id) VALUES(51,'ESPECIAL NO. 1',49,3,3);
INSERT INTO BRAND(id,name) VALUES(50,'Padrón');
INSERT INTO CIGAR(id,name,brand_id,country_id,strength_id) VALUES(52,'2000',50,1,2);
INSERT INTO BRAND(id,name) VALUES(51,'Diplomaticos');
INSERT INTO CIGAR(id,name,brand_id,country_id,strength_id) VALUES(53,'NO. 2',51,4,3);
INSERT INTO BRAND(id,name) VALUES(52,'Davidoff Colorado Claro');
INSERT INTO CIGAR(id,name,brand_id,country_id,strength_id) VALUES(54,'ANIVERSARIO NO. 3',52,3,3);
INSERT INTO CIGAR(id,name,brand_id,country_id,strength_id) VALUES(55,'8-9-8',37,4,3);
INSERT INTO CIGAR(id,name,brand_id,country_id,strength_id) VALUES(56,'CEDROS DE LUXE NO. 1',22,4,3);
INSERT INTO BRAND(id,name) VALUES(53,'Illusione Fume d&#039;Amour');
INSERT INTO CIGAR(id,name,brand_id,country_id,strength_id) VALUES(57,'EROS',53,1,3);
INSERT INTO BRAND(id,name) VALUES(54,'Psyko Seven');
INSERT INTO CIGAR(id,name,brand_id,country_id,strength_id) VALUES(58,'CORONA',54,3,2);
INSERT INTO BRAND(id,name) VALUES(55,'Cohiba');
INSERT INTO CIGAR(id,name,brand_id,country_id,strength_id) VALUES(59,'LANCERO',55,4,3);
INSERT INTO BRAND(id,name) VALUES(56,'CAO Pilón');
INSERT INTO CIGAR(id,name,brand_id,country_id,strength_id) VALUES(60,'CHURCHILL',56,1,2);
INSERT INTO BRAND(id,name) VALUES(57,'Casa Magna Colorado');
INSERT INTO CIGAR(id,name,brand_id,country_id,strength_id) VALUES(61,'CHURCHILL',57,1,2);
INSERT INTO CIGAR(id,name,brand_id,country_id,strength_id) VALUES(62,'ESPECIAL',45,4,3);
INSERT INTO BRAND(id,name) VALUES(58,'Macanudo Café');
INSERT INTO CIGAR(id,name,brand_id,country_id,strength_id) VALUES(63,'BARON DE ROTHSCHILD',58,3,5);
INSERT INTO CIGAR(id,name,brand_id,country_id,strength_id) VALUES(64,'ROBUSTO',55,4,2);
INSERT INTO BRAND(id,name) VALUES(59,'The Griffin&#039;s');
INSERT INTO CIGAR(id,name,brand_id,country_id,strength_id) VALUES(65,'00',59,3,5);
INSERT INTO BRAND(id,name) VALUES(60,'Hoyo de Monterrey');
INSERT INTO CIGAR(id,name,brand_id,country_id,strength_id) VALUES(66,'EPICURE ESPECIAL (TUBO)',60,4,3);
INSERT INTO BRAND(id,name) VALUES(61,'Asylum 13 Ogre');
INSERT INTO CIGAR(id,name,brand_id,country_id,strength_id) VALUES(67,'LANCERO 38 X 7',61,1,3);
INSERT INTO BRAND(id,name) VALUES(62,'Flores y Rodriguez Connecticut Valley Reserve');
INSERT INTO CIGAR(id,name,brand_id,country_id,strength_id) VALUES(68,'ROBUSTO',62,3,2);
INSERT INTO BRAND(id,name) VALUES(63,'Perdomo Habano Bourbon Barrel-Aged Maduro');
INSERT INTO CIGAR(id,name,brand_id,country_id,strength_id) VALUES(69,'CHURCHILL',63,1,2);
INSERT INTO BRAND(id,name) VALUES(64,'La Aurora 107 Maduro');
INSERT INTO CIGAR(id,name,brand_id,country_id,strength_id) VALUES(70,'BELICOSO',64,3,2);
INSERT INTO BRAND(id,name) VALUES(65,'Casa Fernandez Aganorsa Leaf');
INSERT INTO CIGAR(id,name,brand_id,country_id,strength_id) VALUES(71,'TORPEDO',65,6,2);
INSERT INTO BRAND(id,name) VALUES(66,'La Gloria Cubana Serie R');
INSERT INTO CIGAR(id,name,brand_id,country_id,strength_id) VALUES(72,'NO. 7',66,3,3);
INSERT INTO BRAND(id,name) VALUES(67,'Gurkha Cellar Reserve Platinum');
INSERT INTO CIGAR(id,name,brand_id,country_id,strength_id) VALUES(73,'SOLARA',67,1,2);
INSERT INTO BRAND(id,name) VALUES(68,'Romeo y Julieta Reserva Real');
INSERT INTO CIGAR(id,name,brand_id,country_id,strength_id) VALUES(74,'CHURCHILL',68,3,4);
INSERT INTO BRAND(id,name) VALUES(69,'Nestor Miranda Collection Maduro');
INSERT INTO CIGAR(id,name,brand_id,country_id,strength_id) VALUES(75,'TORO',69,1,2);
INSERT INTO BRAND(id,name) VALUES(70,'Aging Room Bin No. 1');
INSERT INTO CIGAR(id,name,brand_id,country_id,strength_id) VALUES(76,'D MINOR',70,3,2);
INSERT INTO BRAND(id,name) VALUES(71,'Montecristo White');
INSERT INTO CIGAR(id,name,brand_id,country_id,strength_id) VALUES(77,'ESPECIAL NO. 1',71,3,4);
INSERT INTO BRAND(id,name) VALUES(72,'Norteño');
INSERT INTO CIGAR(id,name,brand_id,country_id,strength_id) VALUES(78,'EDICIÓN LIMITADA 2015 CHURCHILL',72,1,2);
INSERT INTO CIGAR(id,name,brand_id,country_id,strength_id) VALUES(79,'DOBLE CINCO',42,3,3);
INSERT INTO CIGAR(id,name,brand_id,country_id,strength_id) VALUES(80,'DOBLE SEIS',42,3,3);
INSERT INTO CIGAR(id,name,brand_id,country_id,strength_id) VALUES(81,'DOBLE CUATRO',42,3,3);
INSERT INTO CIGAR(id,name,brand_id,country_id,strength_id) VALUES(82,'DOBLE TRES',42,3,2);
INSERT INTO CIGAR(id,name,brand_id,country_id,strength_id) VALUES(83,'ROBUSTO',3,2,3);
INSERT INTO CIGAR(id,name,brand_id,country_id,strength_id) VALUES(84,'TORO',3,2,3);
INSERT INTO CIGAR(id,name,brand_id,country_id,strength_id) VALUES(85,'CORONA DOBLE',43,1,5);
INSERT INTO CIGAR(id,name,brand_id,country_id,strength_id) VALUES(86,'BELICOSO',43,1,4);
INSERT INTO CIGAR(id,name,brand_id,country_id,strength_id) VALUES(87,'GORDITO',43,1,4);
INSERT INTO CIGAR(id,name,brand_id,country_id,strength_id) VALUES(88,'GRAN TORO',43,1,5);
INSERT INTO CIGAR(id,name,brand_id,country_id,strength_id) VALUES(89,'ROBUSTO',43,1,5);
INSERT INTO CIGAR(id,name,brand_id,country_id,strength_id) VALUES(90,'CORONA',43,1,3);
INSERT INTO CIGAR(id,name,brand_id,country_id,strength_id) VALUES(91,'TO DIPLOMATICO EXCLUSIVO FRANCIA',44,4,3);
INSERT INTO BRAND(id,name) VALUES(73,'My Father Le Bijou 1922');
INSERT INTO CIGAR(id,name,brand_id,country_id,strength_id) VALUES(92,'TORPEDO BOX PRESSED',73,1,2);
INSERT INTO BRAND(id,name) VALUES(74,'Ramon Allones');
INSERT INTO CIGAR(id,name,brand_id,country_id,strength_id) VALUES(93,'SPECIALLY SELECTED',74,4,2);
INSERT INTO BRAND(id,name) VALUES(75,'Alec Bradley Fine &amp; Rare');
INSERT INTO CIGAR(id,name,brand_id,country_id,strength_id) VALUES(94,'10=(86)',75,2,2);
INSERT INTO CIGAR(id,name,brand_id,country_id,strength_id) VALUES(95,'CORONA GORDA',2,1,2);
INSERT INTO CIGAR(id,name,brand_id,country_id,strength_id) VALUES(96,'TORO HUACO',2,1,2);
INSERT INTO CIGAR(id,name,brand_id,country_id,strength_id) VALUES(97,'CHURCHILL',2,1,3);
INSERT INTO CIGAR(id,name,brand_id,country_id,strength_id) VALUES(98,'TORPEDO',2,1,2);
INSERT INTO CIGAR(id,name,brand_id,country_id,strength_id) VALUES(99,'ROBUSTO',2,1,2);
INSERT INTO BRAND(id,name) VALUES(76,'Tabaquero Hamlet Paredes');
INSERT INTO CIGAR(id,name,brand_id,country_id,strength_id) VALUES(100,'ROBUSTO',76,1,2);
INSERT INTO CIGAR(id,name,brand_id,country_id,strength_id) VALUES(101,'SALOMON',76,1,2);
INSERT INTO CIGAR(id,name,brand_id,country_id,strength_id) VALUES(102,'TORO',76,1,2);
INSERT INTO CIGAR(id,name,brand_id,country_id,strength_id) VALUES(103,'CORONA',76,1,2);
INSERT INTO CIGAR(id,name,brand_id,country_id,strength_id) VALUES(104,'ROBUSTO GRANDE',76,1,1);
INSERT INTO CIGAR(id,name,brand_id,country_id,strength_id) VALUES(105,'EPICURE NO. 1',60,4,3);
INSERT INTO CIGAR(id,name,brand_id,country_id,strength_id) VALUES(106,'EROS',53,1,3);
INSERT INTO CIGAR(id,name,brand_id,country_id,strength_id) VALUES(107,'ROBUSTO',29,5,2);
INSERT INTO CIGAR(id,name,brand_id,country_id,strength_id) VALUES(108,'TORPEDO',29,5,3);
INSERT INTO CIGAR(id,name,brand_id,country_id,strength_id) VALUES(109,'GRAN ROBUSTO',29,5,2);
INSERT INTO CIGAR(id,name,brand_id,country_id,strength_id) VALUES(110,'SOLARA',67,1,2);
INSERT INTO CIGAR(id,name,brand_id,country_id,strength_id) VALUES(111,'HEDONISM',67,1,2);
INSERT INTO CIGAR(id,name,brand_id,country_id,strength_id) VALUES(112,'KRAKEN',67,1,2);
INSERT INTO BRAND(id,name) VALUES(77,'Oliva Serie G Maduro');
INSERT INTO CIGAR(id,name,brand_id,country_id,strength_id) VALUES(113,'BELICOSO',77,1,3);
INSERT INTO CIGAR(id,name,brand_id,country_id,strength_id) VALUES(114,'CHURCHILL',77,1,3);
INSERT INTO CIGAR(id,name,brand_id,country_id,strength_id) VALUES(115,'PERFECTO',77,1,2);
INSERT INTO CIGAR(id,name,brand_id,country_id,strength_id) VALUES(116,'ROBUSTO',77,1,2);
INSERT INTO CIGAR(id,name,brand_id,country_id,strength_id) VALUES(117,'TORPEDO',77,1,3);
INSERT INTO CIGAR(id,name,brand_id,country_id,strength_id) VALUES(118,'PRESIDENTE',77,1,3);
INSERT INTO CIGAR(id,name,brand_id,country_id,strength_id) VALUES(119,'SPECIAL G',77,1,2);
INSERT INTO CIGAR(id,name,brand_id,country_id,strength_id) VALUES(120,'NO. 2',45,4,3);
INSERT INTO BRAND(id,name) VALUES(78,'La Gloria Cubana');
INSERT INTO CIGAR(id,name,brand_id,country_id,strength_id) VALUES(121,'TORPEDO',78,3,2);
INSERT INTO CIGAR(id,name,brand_id,country_id,strength_id) VALUES(122,'TORO',4,2,2);
INSERT INTO CIGAR(id,name,brand_id,country_id,strength_id) VALUES(123,'SANCHO',57,1,2);
INSERT INTO BRAND(id,name) VALUES(79,'Project 805');
INSERT INTO CIGAR(id,name,brand_id,country_id,strength_id) VALUES(124,'CHURCHILL',79,3,3);
INSERT INTO CIGAR(id,name,brand_id,country_id,strength_id) VALUES(125,'BELICOSO',62,3,2);
INSERT INTO BRAND(id,name) VALUES(80,'Casa Fernandez Miami Reserva');
INSERT INTO CIGAR(id,name,brand_id,country_id,strength_id) VALUES(126,'COROJO ROBUSTO',80,6,2);
INSERT INTO BRAND(id,name) VALUES(81,'Heritage By Dunhill');
INSERT INTO CIGAR(id,name,brand_id,country_id,strength_id) VALUES(127,'TORO',81,2,3);
INSERT INTO CIGAR(id,name,brand_id,country_id,strength_id) VALUES(128,'CORONA',64,3,2);
INSERT INTO BRAND(id,name) VALUES(82,'Nat Sherman Panamericana');
INSERT INTO CIGAR(id,name,brand_id,country_id,strength_id) VALUES(129,'CERVANTES',82,1,2);
INSERT INTO BRAND(id,name) VALUES(83,'Alec Bradley Tempus Nicaragua');
INSERT INTO CIGAR(id,name,brand_id,country_id,strength_id) VALUES(130,'TERRA NOVA',83,2,2);
INSERT INTO BRAND(id,name) VALUES(84,'La Palina El Diario');
INSERT INTO CIGAR(id,name,brand_id,country_id,strength_id) VALUES(131,'KB II',84,2,3);
INSERT INTO BRAND(id,name) VALUES(85,'Blind Man&#039;s Bluff');
INSERT INTO CIGAR(id,name,brand_id,country_id,strength_id) VALUES(132,'TO',85,2,3);
INSERT INTO BRAND(id,name) VALUES(86,'Arturo Fuente');
INSERT INTO CIGAR(id,name,brand_id,country_id,strength_id) VALUES(133,'CUBAN CORONA MADURO',86,3,3);
INSERT INTO CIGAR(id,name,brand_id,country_id,strength_id) VALUES(134,'50 X 5 PRENSADO',14,2,3);
INSERT INTO BRAND(id,name) VALUES(87,'Liga Privada T52');
INSERT INTO CIGAR(id,name,brand_id,country_id,strength_id) VALUES(135,'BELICOSO',87,1,2);
INSERT INTO CIGAR(id,name,brand_id,country_id,strength_id) VALUES(136,'SALOMON',76,1,2);
INSERT INTO CIGAR(id,name,brand_id,country_id,strength_id) VALUES(137,'10=(86)',75,2,2);
INSERT INTO CIGAR(id,name,brand_id,country_id,strength_id) VALUES(138,'TORO HUACO',2,1,2);
INSERT INTO CIGAR(id,name,brand_id,country_id,strength_id) VALUES(139,'EPICURE NO. 1',60,4,3);
INSERT INTO CIGAR(id,name,brand_id,country_id,strength_id) VALUES(140,'CHURCHILL',77,1,3);
INSERT INTO BRAND(id,name) VALUES(88,'Flor de las Antillas');
INSERT INTO CIGAR(id,name,brand_id,country_id,strength_id) VALUES(141,'BELICOSO',88,1,2);
INSERT INTO BRAND(id,name) VALUES(89,'Room 101 Namakubi');
INSERT INTO CIGAR(id,name,brand_id,country_id,strength_id) VALUES(142,'ROXXO',89,2,2);
INSERT INTO BRAND(id,name) VALUES(90,'Tatuaje Cabinet');
INSERT INTO CIGAR(id,name,brand_id,country_id,strength_id) VALUES(143,'UNICO',90,6,3);
INSERT INTO BRAND(id,name) VALUES(91,'Liga Privada Único Serie');
INSERT INTO CIGAR(id,name,brand_id,country_id,strength_id) VALUES(144,'DIRTY RAT',91,1,2);
INSERT INTO BRAND(id,name) VALUES(92,'San Cristobal Revelation');
INSERT INTO CIGAR(id,name,brand_id,country_id,strength_id) VALUES(145,'TRIUMPH',92,1,2);
INSERT INTO BRAND(id,name) VALUES(93,'La Flor Dominicana Cameroon Cabinet');
INSERT INTO CIGAR(id,name,brand_id,country_id,strength_id) VALUES(146,'TORPEDO',93,3,2);
INSERT INTO BRAND(id,name) VALUES(94,'Camacho Connecticut');
INSERT INTO CIGAR(id,name,brand_id,country_id,strength_id) VALUES(147,'CORONA',94,2,3);
INSERT INTO BRAND(id,name) VALUES(95,'Jericho Hill');
INSERT INTO CIGAR(id,name,brand_id,country_id,strength_id) VALUES(148,'LBV',95,1,2);
INSERT INTO BRAND(id,name) VALUES(96,'Avo Classic');
INSERT INTO CIGAR(id,name,brand_id,country_id,strength_id) VALUES(149,'NO. 5',96,3,3);
INSERT INTO BRAND(id,name) VALUES(97,'Ashton Estate Sun Grown');
INSERT INTO CIGAR(id,name,brand_id,country_id,strength_id) VALUES(150,' 22-YEAR SALUTE',97,3,2);
INSERT INTO BRAND(id,name) VALUES(98,'Davidoff Grand Cru');
INSERT INTO CIGAR(id,name,brand_id,country_id,strength_id) VALUES(151,'NO. 2',98,3,5);
INSERT INTO BRAND(id,name) VALUES(99,'Padrón Serie 1926');
INSERT INTO CIGAR(id,name,brand_id,country_id,strength_id) VALUES(152,'NO. 35',99,1,2);
INSERT INTO BRAND(id,name) VALUES(100,'Illusione');
INSERT INTO CIGAR(id,name,brand_id,country_id,strength_id) VALUES(153,'MK',100,1,2);
INSERT INTO CIGAR(id,name,brand_id,country_id,strength_id) VALUES(154,'MONTECRISTO COURT',71,3,3);
INSERT INTO CIGAR(id,name,brand_id,country_id,strength_id) VALUES(155,'SERIE D NO. 6',37,4,3);
INSERT INTO BRAND(id,name) VALUES(101,'Hoyo de Tradición');
INSERT INTO CIGAR(id,name,brand_id,country_id,strength_id) VALUES(156,'EPICURE',101,2,3);
INSERT INTO BRAND(id,name) VALUES(102,'CAO Flathead Steel Horse');
INSERT INTO CIGAR(id,name,brand_id,country_id,strength_id) VALUES(157,'APEHANGER',102,1,2);
INSERT INTO BRAND(id,name) VALUES(103,'Trinidad');
INSERT INTO CIGAR(id,name,brand_id,country_id,strength_id) VALUES(158,'COLONIALES',103,4,3);
INSERT INTO BRAND(id,name) VALUES(104,'MBombay Classic');
INSERT INTO COUNTRY(id,name) VALUES(7,'Costa');
INSERT INTO CIGAR(id,name,brand_id,country_id,strength_id) VALUES(159,'PERFECTO',104,7,3);
INSERT INTO CIGAR(id,name,brand_id,country_id,strength_id) VALUES(160,'HERMOSOS NO. 4 AÑEJADOS',60,4,3);
INSERT INTO BRAND(id,name) VALUES(105,'H. Upmann');
INSERT INTO CIGAR(id,name,brand_id,country_id,strength_id) VALUES(161,'HALF CORONA',105,4,2);
INSERT INTO BRAND(id,name) VALUES(106,'Leccia Tobacco White');
INSERT INTO CIGAR(id,name,brand_id,country_id,strength_id) VALUES(162,'PERFECTO',106,1,2);
INSERT INTO BRAND(id,name) VALUES(107,'Perdomo Small Batch Series Sun Grown');
INSERT INTO CIGAR(id,name,brand_id,country_id,strength_id) VALUES(163,'HALF CORONA',107,1,2);
INSERT INTO CIGAR(id,name,brand_id,country_id,strength_id) VALUES(164,'PETIT ROBUSTO',60,4,3);
INSERT INTO CIGAR(id,name,brand_id,country_id,strength_id) VALUES(165,'HEDONISM',67,1,2);
INSERT INTO BRAND(id,name) VALUES(108,'Cohiba Nicaragua');
INSERT INTO CIGAR(id,name,brand_id,country_id,strength_id) VALUES(166,'N45',108,1,1);
INSERT INTO BRAND(id,name) VALUES(109,'Bolivar');
INSERT INTO CIGAR(id,name,brand_id,country_id,strength_id) VALUES(167,'ROYAL CORONA',109,4,3);
INSERT INTO BRAND(id,name) VALUES(110,'VegaFina Nicaragua');
INSERT INTO CIGAR(id,name,brand_id,country_id,strength_id) VALUES(168,'CORONA',110,3,3);
INSERT INTO BRAND(id,name) VALUES(111,'Montecristo Open');
INSERT INTO CIGAR(id,name,brand_id,country_id,strength_id) VALUES(169,'MASTER',111,4,3);
INSERT INTO BRAND(id,name) VALUES(112,'New World Connecticut');
INSERT INTO CIGAR(id,name,brand_id,country_id,strength_id) VALUES(170,'ROBUSTO',112,1,4);
INSERT INTO BRAND(id,name) VALUES(113,'Padilla San Andrés');
INSERT INTO CIGAR(id,name,brand_id,country_id,strength_id) VALUES(171,'TORO',113,2,2);
INSERT INTO CIGAR(id,name,brand_id,country_id,strength_id) VALUES(172,'WIDE CHURCHILL',22,4,3);
INSERT INTO BRAND(id,name) VALUES(114,'Joya Red');
INSERT INTO CIGAR(id,name,brand_id,country_id,strength_id) VALUES(173,'TORO',114,1,3);
INSERT INTO CIGAR(id,name,brand_id,country_id,strength_id) VALUES(174,'ESPLENDIDO',55,4,2);
INSERT INTO BRAND(id,name) VALUES(115,'La Bohéme Encantador');
INSERT INTO CIGAR(id,name,brand_id,country_id,strength_id) VALUES(175,'TURIN',115,3,2);
INSERT INTO BRAND(id,name) VALUES(116,'Montecristo Epic');
INSERT INTO CIGAR(id,name,brand_id,country_id,strength_id) VALUES(176,'CHURCHILL',116,3,3);
INSERT INTO BRAND(id,name) VALUES(117,'San Cristobal de la Habana');
INSERT INTO CIGAR(id,name,brand_id,country_id,strength_id) VALUES(177,'LA PUNTA',117,4,4);
INSERT INTO BRAND(id,name) VALUES(118,'H. Upmann Legacy');
INSERT INTO CIGAR(id,name,brand_id,country_id,strength_id) VALUES(178,'CORONA',118,2,2);
INSERT INTO CIGAR(id,name,brand_id,country_id,strength_id) VALUES(179,'ROMEO NO. 1 (TUBO)',22,4,2);
INSERT INTO CIGAR(id,name,brand_id,country_id,strength_id) VALUES(180,'ROBUSTO GRANDE',72,1,3);
INSERT INTO BRAND(id,name) VALUES(119,'E.P. Carrillo New Wave Connecticut');
INSERT INTO CIGAR(id,name,brand_id,country_id,strength_id) VALUES(181,'GRAN VIA',119,3,4);
INSERT INTO BRAND(id,name) VALUES(120,'Vegueros');
INSERT INTO CIGAR(id,name,brand_id,country_id,strength_id) VALUES(182,'ENTRETIEMPO',120,4,3);
INSERT INTO CIGAR(id,name,brand_id,country_id,strength_id) VALUES(183,'ENTREACTO',46,3,3);
INSERT INTO BRAND(id,name) VALUES(121,'La Aroma de Cuba Edicion Especial');
INSERT INTO CIGAR(id,name,brand_id,country_id,strength_id) VALUES(184,'NO. 4',121,1,2);
INSERT INTO BRAND(id,name) VALUES(122,'Davidoff Millennium Blend Series');
INSERT INTO CIGAR(id,name,brand_id,country_id,strength_id) VALUES(185,'CHURCHILL',122,3,3);
INSERT INTO BRAND(id,name) VALUES(123,'Romeo y Julieta Reserve');
INSERT INTO CIGAR(id,name,brand_id,country_id,strength_id) VALUES(186,'CHURCHILL',123,2,2);
INSERT INTO BRAND(id,name) VALUES(124,'Sublimes');
INSERT INTO CIGAR(id,name,brand_id,country_id,strength_id) VALUES(187,'GRANDE',124,1,2);
INSERT INTO BRAND(id,name) VALUES(125,'Punch');
INSERT INTO CIGAR(id,name,brand_id,country_id,strength_id) VALUES(188,'DOUBLE CORONA EMS',125,2,3);
INSERT INTO BRAND(id,name) VALUES(126,'Hammer + Sickle Hermitage No. 1');
INSERT INTO CIGAR(id,name,brand_id,country_id,strength_id) VALUES(189,'CHURCHILL',126,2,3);
INSERT INTO BRAND(id,name) VALUES(127,'Nat Sherman 1930');
INSERT INTO CIGAR(id,name,brand_id,country_id,strength_id) VALUES(190,'SUPER LANCERO',127,3,2);
INSERT INTO BRAND(id,name) VALUES(128,'Nub Maduro');
INSERT INTO CIGAR(id,name,brand_id,country_id,strength_id) VALUES(191,'460',128,1,2);
INSERT INTO CIGAR(id,name,brand_id,country_id,strength_id) VALUES(192,'MAGNUM',47,3,5);
INSERT INTO BRAND(id,name) VALUES(129,'Padrón 1964 Anniversary Series ');
INSERT INTO CIGAR(id,name,brand_id,country_id,strength_id) VALUES(193,'CORONA',129,1,2);
INSERT INTO BRAND(id,name) VALUES(130,'Henry Clay Stalk Cut');
INSERT INTO CIGAR(id,name,brand_id,country_id,strength_id) VALUES(194,'TORO',130,3,2);
INSERT INTO CIGAR(id,name,brand_id,country_id,strength_id) VALUES(195,'NO. 1 ROBUSTO',35,1,2);
INSERT INTO CIGAR(id,name,brand_id,country_id,strength_id) VALUES(196,'DOBLE SEIS',42,3,3);
INSERT INTO BRAND(id,name) VALUES(131,'Espinosa Especial');
INSERT INTO CIGAR(id,name,brand_id,country_id,strength_id) VALUES(197,'NO. 1',131,1,2);
INSERT INTO CIGAR(id,name,brand_id,country_id,strength_id) VALUES(198,'CORONA LARGA',38,1,2);
INSERT INTO CIGAR(id,name,brand_id,country_id,strength_id) VALUES(199,'CORONA MAJOR (TUBO)',105,4,3);
INSERT INTO BRAND(id,name) VALUES(132,'Kristoff Galerones Ceniza de Plata');
INSERT INTO CIGAR(id,name,brand_id,country_id,strength_id) VALUES(200,'ROBUSTO',132,3,2);
INSERT INTO CIGAR(id,name,brand_id,country_id,strength_id) VALUES(201,'PERFECTO',106,1,2);
INSERT INTO CIGAR(id,name,brand_id,country_id,strength_id) VALUES(202,'ROBUSTO',106,1,3);
INSERT INTO CIGAR(id,name,brand_id,country_id,strength_id) VALUES(203,'TORO',106,1,3);
INSERT INTO CIGAR(id,name,brand_id,country_id,strength_id) VALUES(204,'DOUBLE TORO',106,1,2);
INSERT INTO CIGAR(id,name,brand_id,country_id,strength_id) VALUES(205,'LITTLE GUY',106,1,3);
INSERT INTO CIGAR(id,name,brand_id,country_id,strength_id) VALUES(206,'PERFECTO',104,7,3);
INSERT INTO CIGAR(id,name,brand_id,country_id,strength_id) VALUES(207,'CORONA',104,7,3);
INSERT INTO CIGAR(id,name,brand_id,country_id,strength_id) VALUES(208,'CHURCHILL',104,7,4);
INSERT INTO CIGAR(id,name,brand_id,country_id,strength_id) VALUES(209,'BELICOSO',104,7,4);
INSERT INTO CIGAR(id,name,brand_id,country_id,strength_id) VALUES(210,'ROBUSTO',104,7,3);
INSERT INTO CIGAR(id,name,brand_id,country_id,strength_id) VALUES(211,'HERMOSOS NO. 4 AÑEJADOS',60,4,3);
INSERT INTO CIGAR(id,name,brand_id,country_id,strength_id) VALUES(212,'HALF CORONA',107,1,2);
INSERT INTO CIGAR(id,name,brand_id,country_id,strength_id) VALUES(213,'ROTHSCHILD',107,1,3);
INSERT INTO CIGAR(id,name,brand_id,country_id,strength_id) VALUES(214,'TORO ESPECIAL',107,1,3);
INSERT INTO CIGAR(id,name,brand_id,country_id,strength_id) VALUES(215,'BELICOSO',107,1,3);
INSERT INTO BRAND(id,name) VALUES(133,'Alec Bradley Post Embargo');
INSERT INTO CIGAR(id,name,brand_id,country_id,strength_id) VALUES(216,'ROBUSTO',133,2,2);
INSERT INTO CIGAR(id,name,brand_id,country_id,strength_id) VALUES(217,'GORDO',133,2,3);
INSERT INTO CIGAR(id,name,brand_id,country_id,strength_id) VALUES(218,'LANCERO',133,2,1);
INSERT INTO CIGAR(id,name,brand_id,country_id,strength_id) VALUES(219,'TORO',133,2,3);
INSERT INTO BRAND(id,name) VALUES(134,'Room101 Johnny Tobacconaut');
INSERT INTO CIGAR(id,name,brand_id,country_id,strength_id) VALUES(220,'CHINGONOVA',134,2,2);
INSERT INTO CIGAR(id,name,brand_id,country_id,strength_id) VALUES(221,'FILEROID',134,2,2);
INSERT INTO CIGAR(id,name,brand_id,country_id,strength_id) VALUES(222,'RANFLACTIC',134,2,2);
INSERT INTO BRAND(id,name) VALUES(135,'CAO Flathead');
INSERT INTO CIGAR(id,name,brand_id,country_id,strength_id) VALUES(223,'V660 CARB',135,1,1);
INSERT INTO BRAND(id,name) VALUES(136,'Arturo Fuente Don Carlos');
INSERT INTO CIGAR(id,name,brand_id,country_id,strength_id) VALUES(224,'BELICOSO',136,3,3);
INSERT INTO BRAND(id,name) VALUES(137,'Padrón Family Reserve');
INSERT INTO CIGAR(id,name,brand_id,country_id,strength_id) VALUES(225,'50 YEARS NATURAL',137,1,3);
