INSERT INTO BRAND(id,name) VALUES(1,'CroMagnon');
INSERT INTO STRENGTH(id,name) VALUES(1,'Full');
INSERT INTO COUNTRY(id,name) VALUES(1,'Nicaragua');
INSERT INTO CIGAR(id,name,brand_id,country_id,strength_id) VALUES(1,'ANTHROPOLOGY',1,1,1);
INSERT INTO BRAND(id,name) VALUES(2,'El Güegüense');
INSERT INTO STRENGTH(id,name) VALUES(2,'Medium-Full');
INSERT INTO CIGAR(id,name,brand_id,country_id,strength_id) VALUES(2,'CORONA GORDA',2,1,2);
INSERT INTO BRAND(id,name) VALUES(3,'Padilla La Pilar');
INSERT INTO STRENGTH(id,name) VALUES(3,'Medium');
INSERT INTO COUNTRY(id,name) VALUES(2,'Honduras');
INSERT INTO CIGAR(id,name,brand_id,country_id,strength_id) VALUES(3,'ROBUSTO',3,2,3);
INSERT INTO BRAND(id,name) VALUES(4,'Rocky Patel Twentieth Anniversary');
INSERT INTO CIGAR(id,name,brand_id,country_id,strength_id) VALUES(4,'LANCERO',4,2,3);
INSERT INTO BRAND(id,name) VALUES(5,'Hammer + Sickle Tradicion Serie');
INSERT INTO STRENGTH(id,name) VALUES(4,'Mild-Medium');
INSERT INTO COUNTRY(id,name) VALUES(3,'Dominican');
INSERT INTO CIGAR(id,name,brand_id,country_id,strength_id) VALUES(5,'ROBUSTO',5,3,4);
INSERT INTO BRAND(id,name) VALUES(6,'Fuente Fuente OpusX Lost City');
INSERT INTO CIGAR(id,name,brand_id,country_id,strength_id) VALUES(6,'PIRAMIDE',6,3,2);
INSERT INTO BRAND(id,name) VALUES(7,'Espada by Montecristo Estoque');
INSERT INTO CIGAR(id,name,brand_id,country_id,strength_id) VALUES(7,'TORPEDO',7,1,3);
INSERT INTO BRAND(id,name) VALUES(8,'Matilde Oscura');
INSERT INTO CIGAR(id,name,brand_id,country_id,strength_id) VALUES(8,'ROBUSTO',8,3,2);
INSERT INTO BRAND(id,name) VALUES(9,'Nat Sherman Timeless Collection');
INSERT INTO CIGAR(id,name,brand_id,country_id,strength_id) VALUES(9,'DIVINO',9,3,2);
INSERT INTO BRAND(id,name) VALUES(10,'San Cristobal');
INSERT INTO CIGAR(id,name,brand_id,country_id,strength_id) VALUES(10,'OVATION',10,1,2);
INSERT INTO BRAND(id,name) VALUES(11,'Nica Rustica');
INSERT INTO CIGAR(id,name,brand_id,country_id,strength_id) VALUES(11,'EL BRUJITO',11,1,1);
INSERT INTO BRAND(id,name) VALUES(12,'Litto Gomez Diez');
INSERT INTO CIGAR(id,name,brand_id,country_id,strength_id) VALUES(12,'SMALL BATCH NO. 6',12,3,1);
INSERT INTO BRAND(id,name) VALUES(13,'E.P. Carrillo New Wave Reserva');
INSERT INTO CIGAR(id,name,brand_id,country_id,strength_id) VALUES(13,'BELICOSO D''ORO',13,3,3);
INSERT INTO BRAND(id,name) VALUES(14,'Eiroa The First 20 Years');
INSERT INTO CIGAR(id,name,brand_id,country_id,strength_id) VALUES(14,'46 X 6 PRENSADO',14,2,2);
INSERT INTO BRAND(id,name) VALUES(15,'Hoyo de Monterrey Excalibur Cameroon');
INSERT INTO CIGAR(id,name,brand_id,country_id,strength_id) VALUES(15,'LANCELOT',15,2,3);
INSERT INTO BRAND(id,name) VALUES(16,'Padrón Dámaso');
INSERT INTO CIGAR(id,name,brand_id,country_id,strength_id) VALUES(16,'NO. 17',16,1,4);
INSERT INTO BRAND(id,name) VALUES(17,'Villiger Talanga');
INSERT INTO CIGAR(id,name,brand_id,country_id,strength_id) VALUES(17,'ROBUSTO',17,1,2);
INSERT INTO BRAND(id,name) VALUES(18,'El Centurion H-2K-CT');
INSERT INTO CIGAR(id,name,brand_id,country_id,strength_id) VALUES(18,'CORONA BOX PRESSED',18,1,2);
INSERT INTO BRAND(id,name) VALUES(19,'Enclave');
INSERT INTO CIGAR(id,name,brand_id,country_id,strength_id) VALUES(19,'FIGURADO',19,1,1);
INSERT INTO BRAND(id,name) VALUES(20,'Laranja Reserva');
INSERT INTO CIGAR(id,name,brand_id,country_id,strength_id) VALUES(20,'CAIXA',20,1,3);
INSERT INTO BRAND(id,name) VALUES(21,'Alec Bradley Nica Puro Rosado');
INSERT INTO CIGAR(id,name,brand_id,country_id,strength_id) VALUES(21,'CHURCHILL',21,1,2);
INSERT INTO BRAND(id,name) VALUES(22,'Romeo y Julieta');
INSERT INTO COUNTRY(id,name) VALUES(4,'Cuba');
INSERT INTO CIGAR(id,name,brand_id,country_id,strength_id) VALUES(22,'CEDROS DE LUXE',22,4,3);
INSERT INTO BRAND(id,name) VALUES(23,'Henry Clay Tattoo');
INSERT INTO CIGAR(id,name,brand_id,country_id,strength_id) VALUES(23,'TORO',23,3,2);
INSERT INTO BRAND(id,name) VALUES(24,'Daniel Marshall Red Label');
INSERT INTO CIGAR(id,name,brand_id,country_id,strength_id) VALUES(24,'PANETELA BOX-AGED 1 YEAR',24,1,2);
INSERT INTO BRAND(id,name) VALUES(25,'Nub Habano');
INSERT INTO CIGAR(id,name,brand_id,country_id,strength_id) VALUES(25,'464T',25,1,1);
INSERT INTO BRAND(id,name) VALUES(26,'Partagas');
INSERT INTO CIGAR(id,name,brand_id,country_id,strength_id) VALUES(26,'NO. 1',26,3,4);
INSERT INTO BRAND(id,name) VALUES(27,'Macanudo Maduro');
INSERT INTO CIGAR(id,name,brand_id,country_id,strength_id) VALUES(27,'BARON DE ROTHSCHILD',27,3,3);
INSERT INTO BRAND(id,name) VALUES(28,'H. Upmann Vintage Cameroon');
INSERT INTO CIGAR(id,name,brand_id,country_id,strength_id) VALUES(28,'LONSDALE',28,3,4);
INSERT INTO BRAND(id,name) VALUES(29,'Casa Turrent Serie 1901');
INSERT INTO COUNTRY(id,name) VALUES(5,'Mexico');
INSERT INTO CIGAR(id,name,brand_id,country_id,strength_id) VALUES(29,'ROBUSTO',29,5,2);
INSERT INTO BRAND(id,name) VALUES(30,'L''Atelier Extension de la Racine');
INSERT INTO CIGAR(id,name,brand_id,country_id,strength_id) VALUES(30,'',30,1,2);
INSERT INTO BRAND(id,name) VALUES(31,'Rocky Patel Sun Grown Maduro');
INSERT INTO CIGAR(id,name,brand_id,country_id,strength_id) VALUES(31,'LANCERO',31,1,1);
INSERT INTO BRAND(id,name) VALUES(32,'Alec Bradley Coyol');
INSERT INTO CIGAR(id,name,brand_id,country_id,strength_id) VALUES(32,'PETIT LANCERO',32,2,2);
INSERT INTO BRAND(id,name) VALUES(33,'Oliva Serie V');
INSERT INTO CIGAR(id,name,brand_id,country_id,strength_id) VALUES(33,'LANCERO',33,1,3);
INSERT INTO BRAND(id,name) VALUES(34,'La Riqueza');
INSERT INTO CIGAR(id,name,brand_id,country_id,strength_id) VALUES(34,'NO. 1',34,1,2);
INSERT INTO BRAND(id,name) VALUES(35,'My Father');
INSERT INTO CIGAR(id,name,brand_id,country_id,strength_id) VALUES(35,'NO. 4 LANCERO',35,1,4);
INSERT INTO BRAND(id,name) VALUES(36,'La Flor Dominicana Double Ligero');
INSERT INTO CIGAR(id,name,brand_id,country_id,strength_id) VALUES(36,'LANCERO',36,3,1);
INSERT INTO BRAND(id,name) VALUES(37,'Partagás');
INSERT INTO CIGAR(id,name,brand_id,country_id,strength_id) VALUES(37,'MADURO NO. 1',37,4,3);
INSERT INTO BRAND(id,name) VALUES(38,'Brick House');
INSERT INTO CIGAR(id,name,brand_id,country_id,strength_id) VALUES(38,'SHORT TORPEDO',38,1,2);
INSERT INTO BRAND(id,name) VALUES(39,'La Palina Family Series Miami');
INSERT INTO COUNTRY(id,name) VALUES(6,'U.S.A.');
INSERT INTO CIGAR(id,name,brand_id,country_id,strength_id) VALUES(39,'PASHA',39,6,3);
INSERT INTO CIGAR(id,name,brand_id,country_id,strength_id) VALUES(40,'CHURCHILL TUBO',22,4,3);
INSERT INTO BRAND(id,name) VALUES(40,'Joya de Nicaragua Antaño 1970');
INSERT INTO CIGAR(id,name,brand_id,country_id,strength_id) VALUES(41,'LANCERO',40,1,2);
INSERT INTO BRAND(id,name) VALUES(41,'Camacho Ecuador');
INSERT INTO CIGAR(id,name,brand_id,country_id,strength_id) VALUES(42,'FIGURADO',41,2,2);
INSERT INTO BRAND(id,name) VALUES(42,'Casa Cuba');
INSERT INTO CIGAR(id,name,brand_id,country_id,strength_id) VALUES(43,'DOBLE CINCO',42,3,3);
INSERT INTO BRAND(id,name) VALUES(43,'Undercrown Shade');
INSERT INTO STRENGTH(id,name) VALUES(5,'Mild');
INSERT INTO CIGAR(id,name,brand_id,country_id,strength_id) VALUES(44,'CORONA DOBLE',43,1,5);
INSERT INTO BRAND(id,name) VALUES(44,'Quai d''Orsay');
INSERT INTO CIGAR(id,name,brand_id,country_id,strength_id) VALUES(45,'TO DIPLOMATICO EXCLUSIVO FRANCIA',44,4,3);
INSERT INTO BRAND(id,name) VALUES(45,'Montecristo');
INSERT INTO CIGAR(id,name,brand_id,country_id,strength_id) VALUES(46,'DOUBLE EDMUNDO',45,4,3);
INSERT INTO BRAND(id,name) VALUES(46,'Davidoff');
INSERT INTO CIGAR(id,name,brand_id,country_id,strength_id) VALUES(47,'NO. 1',46,3,5);
INSERT INTO BRAND(id,name) VALUES(47,'Ashton');
INSERT INTO CIGAR(id,name,brand_id,country_id,strength_id) VALUES(48,'8-9-8',47,3,5);
INSERT INTO BRAND(id,name) VALUES(48,'Room101 Master Collection Three');
INSERT INTO CIGAR(id,name,brand_id,country_id,strength_id) VALUES(49,'MUTANTE',48,2,2);
INSERT INTO CIGAR(id,name,brand_id,country_id,strength_id) VALUES(50,'NO. 2',45,4,3);
INSERT INTO BRAND(id,name) VALUES(49,'Montecristo Classic');
INSERT INTO CIGAR(id,name,brand_id,country_id,strength_id) VALUES(51,'ESPECIAL NO. 1',49,3,3);
INSERT INTO BRAND(id,name) VALUES(50,'Padrón');
INSERT INTO CIGAR(id,name,brand_id,country_id,strength_id) VALUES(52,'2000',50,1,2);
INSERT INTO BRAND(id,name) VALUES(51,'Diplomaticos');
INSERT INTO CIGAR(id,name,brand_id,country_id,strength_id) VALUES(53,'NO. 2',51,4,3);
INSERT INTO BRAND(id,name) VALUES(52,'Davidoff Colorado Claro');
INSERT INTO CIGAR(id,name,brand_id,country_id,strength_id) VALUES(54,'ANIVERSARIO NO. 3',52,3,3);
INSERT INTO CIGAR(id,name,brand_id,country_id,strength_id) VALUES(55,'8-9-8',37,4,3);
INSERT INTO CIGAR(id,name,brand_id,country_id,strength_id) VALUES(56,'CEDROS DE LUXE NO. 1',22,4,3);
INSERT INTO BRAND(id,name) VALUES(53,'Illusione Fume d''Amour');
INSERT INTO CIGAR(id,name,brand_id,country_id,strength_id) VALUES(57,'EROS',53,1,3);
INSERT INTO BRAND(id,name) VALUES(54,'Psyko Seven');
INSERT INTO CIGAR(id,name,brand_id,country_id,strength_id) VALUES(58,'CORONA',54,3,2);
INSERT INTO BRAND(id,name) VALUES(55,'Cohiba');
INSERT INTO CIGAR(id,name,brand_id,country_id,strength_id) VALUES(59,'LANCERO',55,4,3);
INSERT INTO BRAND(id,name) VALUES(56,'CAO Pilón');
INSERT INTO CIGAR(id,name,brand_id,country_id,strength_id) VALUES(60,'CHURCHILL',56,1,2);
INSERT INTO BRAND(id,name) VALUES(57,'Casa Magna Colorado');
INSERT INTO CIGAR(id,name,brand_id,country_id,strength_id) VALUES(61,'CHURCHILL',57,1,2);
INSERT INTO CIGAR(id,name,brand_id,country_id,strength_id) VALUES(62,'ESPECIAL',45,4,3);
INSERT INTO BRAND(id,name) VALUES(58,'Macanudo Café');
INSERT INTO CIGAR(id,name,brand_id,country_id,strength_id) VALUES(63,'BARON DE ROTHSCHILD',58,3,5);
INSERT INTO CIGAR(id,name,brand_id,country_id,strength_id) VALUES(64,'ROBUSTO',55,4,2);
INSERT INTO BRAND(id,name) VALUES(59,'The Griffin''s');
INSERT INTO CIGAR(id,name,brand_id,country_id,strength_id) VALUES(65,'00',59,3,5);
INSERT INTO BRAND(id,name) VALUES(60,'Hoyo de Monterrey');
INSERT INTO CIGAR(id,name,brand_id,country_id,strength_id) VALUES(66,'EPICURE ESPECIAL (TUBO)',60,4,3);
INSERT INTO BRAND(id,name) VALUES(61,'Asylum 13 Ogre');
INSERT INTO CIGAR(id,name,brand_id,country_id,strength_id) VALUES(67,'LANCERO 38 X 7',61,1,3);
INSERT INTO BRAND(id,name) VALUES(62,'Flores y Rodriguez Connecticut Valley Reserve');
INSERT INTO CIGAR(id,name,brand_id,country_id,strength_id) VALUES(68,'ROBUSTO',62,3,2);
INSERT INTO BRAND(id,name) VALUES(63,'Perdomo Habano Bourbon Barrel-Aged Maduro');
INSERT INTO CIGAR(id,name,brand_id,country_id,strength_id) VALUES(69,'CHURCHILL',63,1,2);
INSERT INTO BRAND(id,name) VALUES(64,'La Aurora 107 Maduro');
INSERT INTO CIGAR(id,name,brand_id,country_id,strength_id) VALUES(70,'BELICOSO',64,3,2);
INSERT INTO BRAND(id,name) VALUES(65,'Casa Fernandez Aganorsa Leaf');
INSERT INTO CIGAR(id,name,brand_id,country_id,strength_id) VALUES(71,'TORPEDO',65,6,2);
INSERT INTO BRAND(id,name) VALUES(66,'La Gloria Cubana Serie R');
INSERT INTO CIGAR(id,name,brand_id,country_id,strength_id) VALUES(72,'NO. 7',66,3,3);
INSERT INTO BRAND(id,name) VALUES(67,'Gurkha Cellar Reserve Platinum');
INSERT INTO CIGAR(id,name,brand_id,country_id,strength_id) VALUES(73,'SOLARA',67,1,2);
INSERT INTO BRAND(id,name) VALUES(68,'Romeo y Julieta Reserva Real');
INSERT INTO CIGAR(id,name,brand_id,country_id,strength_id) VALUES(74,'CHURCHILL',68,3,4);
INSERT INTO BRAND(id,name) VALUES(69,'Nestor Miranda Collection Maduro');
INSERT INTO CIGAR(id,name,brand_id,country_id,strength_id) VALUES(75,'TORO',69,1,2);
INSERT INTO BRAND(id,name) VALUES(70,'Aging Room Bin No. 1');
INSERT INTO CIGAR(id,name,brand_id,country_id,strength_id) VALUES(76,'D MINOR',70,3,2);
INSERT INTO BRAND(id,name) VALUES(71,'Montecristo White');
INSERT INTO CIGAR(id,name,brand_id,country_id,strength_id) VALUES(77,'ESPECIAL NO. 1',71,3,4);
INSERT INTO BRAND(id,name) VALUES(72,'Norteño');
INSERT INTO CIGAR(id,name,brand_id,country_id,strength_id) VALUES(78,'EDICIÓN LIMITADA 2015 CHURCHILL',72,1,2);
INSERT INTO CIGAR(id,name,brand_id,country_id,strength_id) VALUES(79,'DOBLE CINCO',42,3,3);
INSERT INTO CIGAR(id,name,brand_id,country_id,strength_id) VALUES(80,'DOBLE SEIS',42,3,3);
INSERT INTO CIGAR(id,name,brand_id,country_id,strength_id) VALUES(81,'DOBLE CUATRO',42,3,3);
INSERT INTO CIGAR(id,name,brand_id,country_id,strength_id) VALUES(82,'DOBLE TRES',42,3,2);
INSERT INTO CIGAR(id,name,brand_id,country_id,strength_id) VALUES(83,'ROBUSTO',3,2,3);
INSERT INTO CIGAR(id,name,brand_id,country_id,strength_id) VALUES(84,'TORO',3,2,3);
INSERT INTO CIGAR(id,name,brand_id,country_id,strength_id) VALUES(85,'CORONA DOBLE',43,1,5);
INSERT INTO CIGAR(id,name,brand_id,country_id,strength_id) VALUES(86,'BELICOSO',43,1,4);
INSERT INTO CIGAR(id,name,brand_id,country_id,strength_id) VALUES(87,'GORDITO',43,1,4);
INSERT INTO CIGAR(id,name,brand_id,country_id,strength_id) VALUES(88,'GRAN TORO',43,1,5);
INSERT INTO CIGAR(id,name,brand_id,country_id,strength_id) VALUES(89,'ROBUSTO',43,1,5);
INSERT INTO CIGAR(id,name,brand_id,country_id,strength_id) VALUES(90,'CORONA',43,1,3);
INSERT INTO CIGAR(id,name,brand_id,country_id,strength_id) VALUES(91,'TO DIPLOMATICO EXCLUSIVO FRANCIA',44,4,3);
INSERT INTO BRAND(id,name) VALUES(73,'My Father Le Bijou 1922');
INSERT INTO CIGAR(id,name,brand_id,country_id,strength_id) VALUES(92,'TORPEDO BOX PRESSED',73,1,2);
INSERT INTO BRAND(id,name) VALUES(74,'Ramon Allones');
INSERT INTO CIGAR(id,name,brand_id,country_id,strength_id) VALUES(93,'SPECIALLY SELECTED',74,4,2);
INSERT INTO BRAND(id,name) VALUES(75,'Alec Bradley Fine & Rare');
INSERT INTO CIGAR(id,name,brand_id,country_id,strength_id) VALUES(94,'10=(86)',75,2,2);
INSERT INTO CIGAR(id,name,brand_id,country_id,strength_id) VALUES(95,'CORONA GORDA',2,1,2);
INSERT INTO CIGAR(id,name,brand_id,country_id,strength_id) VALUES(96,'TORO HUACO',2,1,2);
INSERT INTO CIGAR(id,name,brand_id,country_id,strength_id) VALUES(97,'CHURCHILL',2,1,3);
INSERT INTO CIGAR(id,name,brand_id,country_id,strength_id) VALUES(98,'TORPEDO',2,1,2);
INSERT INTO CIGAR(id,name,brand_id,country_id,strength_id) VALUES(99,'ROBUSTO',2,1,2);
INSERT INTO BRAND(id,name) VALUES(76,'Tabaquero Hamlet Paredes');
INSERT INTO CIGAR(id,name,brand_id,country_id,strength_id) VALUES(100,'ROBUSTO',76,1,2);
INSERT INTO CIGAR(id,name,brand_id,country_id,strength_id) VALUES(101,'SALOMON',76,1,2);
INSERT INTO CIGAR(id,name,brand_id,country_id,strength_id) VALUES(102,'TORO',76,1,2);
INSERT INTO CIGAR(id,name,brand_id,country_id,strength_id) VALUES(103,'CORONA',76,1,2);
INSERT INTO CIGAR(id,name,brand_id,country_id,strength_id) VALUES(104,'ROBUSTO GRANDE',76,1,1);
INSERT INTO CIGAR(id,name,brand_id,country_id,strength_id) VALUES(105,'EPICURE NO. 1',60,4,3);
INSERT INTO CIGAR(id,name,brand_id,country_id,strength_id) VALUES(106,'EROS',53,1,3);
INSERT INTO CIGAR(id,name,brand_id,country_id,strength_id) VALUES(107,'ROBUSTO',29,5,2);
INSERT INTO CIGAR(id,name,brand_id,country_id,strength_id) VALUES(108,'TORPEDO',29,5,3);
INSERT INTO CIGAR(id,name,brand_id,country_id,strength_id) VALUES(109,'GRAN ROBUSTO',29,5,2);
INSERT INTO CIGAR(id,name,brand_id,country_id,strength_id) VALUES(110,'SOLARA',67,1,2);
INSERT INTO CIGAR(id,name,brand_id,country_id,strength_id) VALUES(111,'HEDONISM',67,1,2);
INSERT INTO CIGAR(id,name,brand_id,country_id,strength_id) VALUES(112,'KRAKEN',67,1,2);
INSERT INTO BRAND(id,name) VALUES(77,'Oliva Serie G Maduro');
INSERT INTO CIGAR(id,name,brand_id,country_id,strength_id) VALUES(113,'BELICOSO',77,1,3);
INSERT INTO CIGAR(id,name,brand_id,country_id,strength_id) VALUES(114,'CHURCHILL',77,1,3);
INSERT INTO CIGAR(id,name,brand_id,country_id,strength_id) VALUES(115,'PERFECTO',77,1,2);
INSERT INTO CIGAR(id,name,brand_id,country_id,strength_id) VALUES(116,'ROBUSTO',77,1,2);
INSERT INTO CIGAR(id,name,brand_id,country_id,strength_id) VALUES(117,'TORPEDO',77,1,3);
INSERT INTO CIGAR(id,name,brand_id,country_id,strength_id) VALUES(118,'PRESIDENTE',77,1,3);
INSERT INTO CIGAR(id,name,brand_id,country_id,strength_id) VALUES(119,'SPECIAL G',77,1,2);
INSERT INTO CIGAR(id,name,brand_id,country_id,strength_id) VALUES(120,'NO. 2',45,4,3);
INSERT INTO BRAND(id,name) VALUES(78,'La Gloria Cubana');
INSERT INTO CIGAR(id,name,brand_id,country_id,strength_id) VALUES(121,'TORPEDO',78,3,2);
INSERT INTO CIGAR(id,name,brand_id,country_id,strength_id) VALUES(122,'TORO',4,2,2);
INSERT INTO CIGAR(id,name,brand_id,country_id,strength_id) VALUES(123,'SANCHO',57,1,2);
INSERT INTO BRAND(id,name) VALUES(79,'Project 805');
INSERT INTO CIGAR(id,name,brand_id,country_id,strength_id) VALUES(124,'CHURCHILL',79,3,3);
INSERT INTO CIGAR(id,name,brand_id,country_id,strength_id) VALUES(125,'BELICOSO',62,3,2);
INSERT INTO BRAND(id,name) VALUES(80,'Casa Fernandez Miami Reserva');
INSERT INTO CIGAR(id,name,brand_id,country_id,strength_id) VALUES(126,'COROJO ROBUSTO',80,6,2);
INSERT INTO BRAND(id,name) VALUES(81,'Heritage By Dunhill');
INSERT INTO CIGAR(id,name,brand_id,country_id,strength_id) VALUES(127,'TORO',81,2,3);
INSERT INTO CIGAR(id,name,brand_id,country_id,strength_id) VALUES(128,'CORONA',64,3,2);
INSERT INTO BRAND(id,name) VALUES(82,'Nat Sherman Panamericana');
INSERT INTO CIGAR(id,name,brand_id,country_id,strength_id) VALUES(129,'CERVANTES',82,1,2);
INSERT INTO BRAND(id,name) VALUES(83,'Alec Bradley Tempus Nicaragua');
INSERT INTO CIGAR(id,name,brand_id,country_id,strength_id) VALUES(130,'TERRA NOVA',83,2,2);
INSERT INTO BRAND(id,name) VALUES(84,'La Palina El Diario');
INSERT INTO CIGAR(id,name,brand_id,country_id,strength_id) VALUES(131,'KB II',84,2,3);
INSERT INTO BRAND(id,name) VALUES(85,'Blind Man''s Bluff');
INSERT INTO CIGAR(id,name,brand_id,country_id,strength_id) VALUES(132,'TO',85,2,3);
INSERT INTO BRAND(id,name) VALUES(86,'Arturo Fuente');
INSERT INTO CIGAR(id,name,brand_id,country_id,strength_id) VALUES(133,'CUBAN CORONA MADURO',86,3,3);
INSERT INTO CIGAR(id,name,brand_id,country_id,strength_id) VALUES(134,'50 X 5 PRENSADO',14,2,3);
INSERT INTO BRAND(id,name) VALUES(87,'Liga Privada T52');
INSERT INTO CIGAR(id,name,brand_id,country_id,strength_id) VALUES(135,'BELICOSO',87,1,2);
INSERT INTO CIGAR(id,name,brand_id,country_id,strength_id) VALUES(136,'SALOMON',76,1,2);
INSERT INTO CIGAR(id,name,brand_id,country_id,strength_id) VALUES(137,'10=(86)',75,2,2);
INSERT INTO CIGAR(id,name,brand_id,country_id,strength_id) VALUES(138,'TORO HUACO',2,1,2);
INSERT INTO CIGAR(id,name,brand_id,country_id,strength_id) VALUES(139,'EPICURE NO. 1',60,4,3);
INSERT INTO CIGAR(id,name,brand_id,country_id,strength_id) VALUES(140,'CHURCHILL',77,1,3);
INSERT INTO BRAND(id,name) VALUES(88,'Flor de las Antillas');
INSERT INTO CIGAR(id,name,brand_id,country_id,strength_id) VALUES(141,'BELICOSO',88,1,2);
INSERT INTO BRAND(id,name) VALUES(89,'Room 101 Namakubi');
INSERT INTO CIGAR(id,name,brand_id,country_id,strength_id) VALUES(142,'ROXXO',89,2,2);
INSERT INTO BRAND(id,name) VALUES(90,'Tatuaje Cabinet');
INSERT INTO CIGAR(id,name,brand_id,country_id,strength_id) VALUES(143,'UNICO',90,6,3);
INSERT INTO BRAND(id,name) VALUES(91,'Liga Privada Único Serie');
INSERT INTO CIGAR(id,name,brand_id,country_id,strength_id) VALUES(144,'DIRTY RAT',91,1,2);
INSERT INTO BRAND(id,name) VALUES(92,'San Cristobal Revelation');
INSERT INTO CIGAR(id,name,brand_id,country_id,strength_id) VALUES(145,'TRIUMPH',92,1,2);
INSERT INTO BRAND(id,name) VALUES(93,'La Flor Dominicana Cameroon Cabinet');
INSERT INTO CIGAR(id,name,brand_id,country_id,strength_id) VALUES(146,'TORPEDO',93,3,2);
INSERT INTO BRAND(id,name) VALUES(94,'Camacho Connecticut');
INSERT INTO CIGAR(id,name,brand_id,country_id,strength_id) VALUES(147,'CORONA',94,2,3);
INSERT INTO BRAND(id,name) VALUES(95,'Jericho Hill');
INSERT INTO CIGAR(id,name,brand_id,country_id,strength_id) VALUES(148,'LBV',95,1,2);
INSERT INTO BRAND(id,name) VALUES(96,'Avo Classic');
INSERT INTO CIGAR(id,name,brand_id,country_id,strength_id) VALUES(149,'NO. 5',96,3,3);
INSERT INTO BRAND(id,name) VALUES(97,'Ashton Estate Sun Grown');
INSERT INTO CIGAR(id,name,brand_id,country_id,strength_id) VALUES(150,' 22-YEAR SALUTE',97,3,2);
INSERT INTO BRAND(id,name) VALUES(98,'Davidoff Grand Cru');
INSERT INTO CIGAR(id,name,brand_id,country_id,strength_id) VALUES(151,'NO. 2',98,3,5);
INSERT INTO BRAND(id,name) VALUES(99,'Padrón Serie 1926');
INSERT INTO CIGAR(id,name,brand_id,country_id,strength_id) VALUES(152,'NO. 35',99,1,2);
INSERT INTO BRAND(id,name) VALUES(100,'Illusione');
INSERT INTO CIGAR(id,name,brand_id,country_id,strength_id) VALUES(153,'MK',100,1,2);
INSERT INTO CIGAR(id,name,brand_id,country_id,strength_id) VALUES(154,'MONTECRISTO COURT',71,3,3);
INSERT INTO CIGAR(id,name,brand_id,country_id,strength_id) VALUES(155,'SERIE D NO. 6',37,4,3);
INSERT INTO BRAND(id,name) VALUES(101,'Hoyo de Tradición');
INSERT INTO CIGAR(id,name,brand_id,country_id,strength_id) VALUES(156,'EPICURE',101,2,3);
INSERT INTO BRAND(id,name) VALUES(102,'CAO Flathead Steel Horse');
INSERT INTO CIGAR(id,name,brand_id,country_id,strength_id) VALUES(157,'APEHANGER',102,1,2);
INSERT INTO BRAND(id,name) VALUES(103,'Trinidad');
INSERT INTO CIGAR(id,name,brand_id,country_id,strength_id) VALUES(158,'COLONIALES',103,4,3);
INSERT INTO BRAND(id,name) VALUES(104,'MBombay Classic');
INSERT INTO COUNTRY(id,name) VALUES(7,'Costa');
INSERT INTO CIGAR(id,name,brand_id,country_id,strength_id) VALUES(159,'PERFECTO',104,7,3);
INSERT INTO CIGAR(id,name,brand_id,country_id,strength_id) VALUES(160,'HERMOSOS NO. 4 AÑEJADOS',60,4,3);
INSERT INTO BRAND(id,name) VALUES(105,'H. Upmann');
INSERT INTO CIGAR(id,name,brand_id,country_id,strength_id) VALUES(161,'HALF CORONA',105,4,2);
INSERT INTO BRAND(id,name) VALUES(106,'Leccia Tobacco White');
INSERT INTO CIGAR(id,name,brand_id,country_id,strength_id) VALUES(162,'PERFECTO',106,1,2);
INSERT INTO BRAND(id,name) VALUES(107,'Perdomo Small Batch Series Sun Grown');
INSERT INTO CIGAR(id,name,brand_id,country_id,strength_id) VALUES(163,'HALF CORONA',107,1,2);
INSERT INTO CIGAR(id,name,brand_id,country_id,strength_id) VALUES(164,'PETIT ROBUSTO',60,4,3);
INSERT INTO CIGAR(id,name,brand_id,country_id,strength_id) VALUES(165,'HEDONISM',67,1,2);
INSERT INTO BRAND(id,name) VALUES(108,'Cohiba Nicaragua');
INSERT INTO CIGAR(id,name,brand_id,country_id,strength_id) VALUES(166,'N45',108,1,1);
INSERT INTO BRAND(id,name) VALUES(109,'Bolivar');
INSERT INTO CIGAR(id,name,brand_id,country_id,strength_id) VALUES(167,'ROYAL CORONA',109,4,3);
INSERT INTO BRAND(id,name) VALUES(110,'VegaFina Nicaragua');
INSERT INTO CIGAR(id,name,brand_id,country_id,strength_id) VALUES(168,'CORONA',110,3,3);
INSERT INTO BRAND(id,name) VALUES(111,'Montecristo Open');
INSERT INTO CIGAR(id,name,brand_id,country_id,strength_id) VALUES(169,'MASTER',111,4,3);
INSERT INTO BRAND(id,name) VALUES(112,'New World Connecticut');
INSERT INTO CIGAR(id,name,brand_id,country_id,strength_id) VALUES(170,'ROBUSTO',112,1,4);
INSERT INTO BRAND(id,name) VALUES(113,'Padilla San Andrés');
INSERT INTO CIGAR(id,name,brand_id,country_id,strength_id) VALUES(171,'TORO',113,2,2);
INSERT INTO CIGAR(id,name,brand_id,country_id,strength_id) VALUES(172,'WIDE CHURCHILL',22,4,3);
INSERT INTO BRAND(id,name) VALUES(114,'Joya Red');
INSERT INTO CIGAR(id,name,brand_id,country_id,strength_id) VALUES(173,'TORO',114,1,3);
INSERT INTO BRAND(id,name) VALUES(115,'La Bohéme Encantador');
INSERT INTO CIGAR(id,name,brand_id,country_id,strength_id) VALUES(174,'TURIN',115,3,2);
INSERT INTO BRAND(id,name) VALUES(116,'Montecristo Epic');
INSERT INTO CIGAR(id,name,brand_id,country_id,strength_id) VALUES(175,'CHURCHILL',116,3,3);
INSERT INTO BRAND(id,name) VALUES(117,'San Cristobal de la Habana');
INSERT INTO CIGAR(id,name,brand_id,country_id,strength_id) VALUES(176,'LA PUNTA',117,4,4);
INSERT INTO BRAND(id,name) VALUES(118,'H. Upmann Legacy');
INSERT INTO CIGAR(id,name,brand_id,country_id,strength_id) VALUES(177,'CORONA',118,2,2);
INSERT INTO CIGAR(id,name,brand_id,country_id,strength_id) VALUES(178,'ROMEO NO. 1 (TUBO)',22,4,2);
INSERT INTO CIGAR(id,name,brand_id,country_id,strength_id) VALUES(179,'ROBUSTO GRANDE',72,1,3);
INSERT INTO BRAND(id,name) VALUES(119,'E.P. Carrillo New Wave Connecticut');
INSERT INTO CIGAR(id,name,brand_id,country_id,strength_id) VALUES(180,'GRAN VIA',119,3,4);
INSERT INTO BRAND(id,name) VALUES(120,'Vegueros');
INSERT INTO CIGAR(id,name,brand_id,country_id,strength_id) VALUES(181,'ENTRETIEMPO',120,4,3);
INSERT INTO CIGAR(id,name,brand_id,country_id,strength_id) VALUES(182,'ENTREACTO',46,3,3);
INSERT INTO BRAND(id,name) VALUES(121,'La Aroma de Cuba Edicion Especial');
INSERT INTO CIGAR(id,name,brand_id,country_id,strength_id) VALUES(183,'NO. 4',121,1,2);
INSERT INTO BRAND(id,name) VALUES(122,'Davidoff Millennium Blend Series');
INSERT INTO CIGAR(id,name,brand_id,country_id,strength_id) VALUES(184,'CHURCHILL',122,3,3);
INSERT INTO BRAND(id,name) VALUES(123,'Romeo y Julieta Reserve');
INSERT INTO CIGAR(id,name,brand_id,country_id,strength_id) VALUES(185,'CHURCHILL',123,2,2);
INSERT INTO BRAND(id,name) VALUES(124,'Sublimes');
INSERT INTO CIGAR(id,name,brand_id,country_id,strength_id) VALUES(186,'GRANDE',124,1,2);
INSERT INTO BRAND(id,name) VALUES(125,'Punch');
INSERT INTO CIGAR(id,name,brand_id,country_id,strength_id) VALUES(187,'DOUBLE CORONA EMS',125,2,3);
INSERT INTO BRAND(id,name) VALUES(126,'Hammer + Sickle Hermitage No. 1');
INSERT INTO CIGAR(id,name,brand_id,country_id,strength_id) VALUES(188,'CHURCHILL',126,2,3);
INSERT INTO BRAND(id,name) VALUES(127,'Nat Sherman 1930');
INSERT INTO CIGAR(id,name,brand_id,country_id,strength_id) VALUES(189,'SUPER LANCERO',127,3,2);
INSERT INTO BRAND(id,name) VALUES(128,'Nub Maduro');
INSERT INTO CIGAR(id,name,brand_id,country_id,strength_id) VALUES(190,'460',128,1,2);
INSERT INTO CIGAR(id,name,brand_id,country_id,strength_id) VALUES(191,'MAGNUM',47,3,5);
INSERT INTO BRAND(id,name) VALUES(129,'Padrón 1964 Anniversary Series');
INSERT INTO CIGAR(id,name,brand_id,country_id,strength_id) VALUES(192,'CORONA',129,1,2);
INSERT INTO BRAND(id,name) VALUES(130,'Henry Clay Stalk Cut');
INSERT INTO CIGAR(id,name,brand_id,country_id,strength_id) VALUES(193,'TORO',130,3,2);
INSERT INTO CIGAR(id,name,brand_id,country_id,strength_id) VALUES(194,'NO. 1 ROBUSTO',35,1,2);
INSERT INTO CIGAR(id,name,brand_id,country_id,strength_id) VALUES(195,'DOBLE SEIS',42,3,3);
INSERT INTO BRAND(id,name) VALUES(131,'Espinosa Especial');
INSERT INTO CIGAR(id,name,brand_id,country_id,strength_id) VALUES(196,'NO. 1',131,1,2);
INSERT INTO CIGAR(id,name,brand_id,country_id,strength_id) VALUES(197,'CORONA LARGA',38,1,2);
INSERT INTO CIGAR(id,name,brand_id,country_id,strength_id) VALUES(198,'CORONA MAJOR (TUBO)',105,4,3);
INSERT INTO BRAND(id,name) VALUES(132,'Kristoff Galerones Ceniza de Plata');
INSERT INTO CIGAR(id,name,brand_id,country_id,strength_id) VALUES(199,'ROBUSTO',132,3,2);
INSERT INTO CIGAR(id,name,brand_id,country_id,strength_id) VALUES(200,'PERFECTO',106,1,2);
INSERT INTO CIGAR(id,name,brand_id,country_id,strength_id) VALUES(201,'ROBUSTO',106,1,3);
INSERT INTO CIGAR(id,name,brand_id,country_id,strength_id) VALUES(202,'TORO',106,1,3);
INSERT INTO CIGAR(id,name,brand_id,country_id,strength_id) VALUES(203,'DOUBLE TORO',106,1,2);
INSERT INTO CIGAR(id,name,brand_id,country_id,strength_id) VALUES(204,'LITTLE GUY',106,1,3);
INSERT INTO CIGAR(id,name,brand_id,country_id,strength_id) VALUES(205,'PERFECTO',104,7,3);
INSERT INTO CIGAR(id,name,brand_id,country_id,strength_id) VALUES(206,'CORONA',104,7,3);
INSERT INTO CIGAR(id,name,brand_id,country_id,strength_id) VALUES(207,'CHURCHILL',104,7,4);
INSERT INTO CIGAR(id,name,brand_id,country_id,strength_id) VALUES(208,'BELICOSO',104,7,4);
INSERT INTO CIGAR(id,name,brand_id,country_id,strength_id) VALUES(209,'ROBUSTO',104,7,3);
INSERT INTO CIGAR(id,name,brand_id,country_id,strength_id) VALUES(210,'HERMOSOS NO. 4 AÑEJADOS',60,4,3);
INSERT INTO CIGAR(id,name,brand_id,country_id,strength_id) VALUES(211,'HALF CORONA',107,1,2);
INSERT INTO CIGAR(id,name,brand_id,country_id,strength_id) VALUES(212,'ROTHSCHILD',107,1,3);
INSERT INTO CIGAR(id,name,brand_id,country_id,strength_id) VALUES(213,'TORO ESPECIAL',107,1,3);
INSERT INTO CIGAR(id,name,brand_id,country_id,strength_id) VALUES(214,'BELICOSO',107,1,3);
INSERT INTO BRAND(id,name) VALUES(133,'Alec Bradley Post Embargo');
INSERT INTO CIGAR(id,name,brand_id,country_id,strength_id) VALUES(215,'ROBUSTO',133,2,2);
INSERT INTO CIGAR(id,name,brand_id,country_id,strength_id) VALUES(216,'GORDO',133,2,3);
INSERT INTO CIGAR(id,name,brand_id,country_id,strength_id) VALUES(217,'LANCERO',133,2,1);
INSERT INTO CIGAR(id,name,brand_id,country_id,strength_id) VALUES(218,'TORO',133,2,3);
INSERT INTO BRAND(id,name) VALUES(134,'Room101 Johnny Tobacconaut');
INSERT INTO CIGAR(id,name,brand_id,country_id,strength_id) VALUES(219,'CHINGONOVA',134,2,2);
INSERT INTO CIGAR(id,name,brand_id,country_id,strength_id) VALUES(220,'FILEROID',134,2,2);
INSERT INTO CIGAR(id,name,brand_id,country_id,strength_id) VALUES(221,'RANFLACTIC',134,2,2);
INSERT INTO BRAND(id,name) VALUES(135,'CAO Flathead');
INSERT INTO CIGAR(id,name,brand_id,country_id,strength_id) VALUES(222,'V660 CARB',135,1,1);
INSERT INTO BRAND(id,name) VALUES(136,'Arturo Fuente Don Carlos');
INSERT INTO CIGAR(id,name,brand_id,country_id,strength_id) VALUES(223,'BELICOSO',136,3,3);
INSERT INTO BRAND(id,name) VALUES(137,'Padrón Family Reserve');
INSERT INTO CIGAR(id,name,brand_id,country_id,strength_id) VALUES(224,'50 YEARS NATURAL',137,1,3);
INSERT INTO BRAND(id,name) VALUES(138,'The Edge Habano');
INSERT INTO CIGAR(id,name,brand_id,country_id,strength_id) VALUES(225,'TORPEDO',138,1,1);
INSERT INTO BRAND(id,name) VALUES(139,'Ashton Symmetry');
INSERT INTO CIGAR(id,name,brand_id,country_id,strength_id) VALUES(226,'ROBUSTO',139,3,2);
INSERT INTO CIGAR(id,name,brand_id,country_id,strength_id) VALUES(227,'BELICOSO FINO',109,4,1);
INSERT INTO BRAND(id,name) VALUES(140,'Liga Privada No. 9');
INSERT INTO CIGAR(id,name,brand_id,country_id,strength_id) VALUES(228,'CORONA DOBLE',140,1,1);
INSERT INTO BRAND(id,name) VALUES(141,'Hammer + Sickle Tradición Serie');
INSERT INTO CIGAR(id,name,brand_id,country_id,strength_id) VALUES(229,'CHURCHILL',141,3,4);
INSERT INTO BRAND(id,name) VALUES(142,'La Bohéme');
INSERT INTO CIGAR(id,name,brand_id,country_id,strength_id) VALUES(230,'PITTORE',142,3,3);
INSERT INTO CIGAR(id,name,brand_id,country_id,strength_id) VALUES(231,'TORO',20,1,2);
INSERT INTO CIGAR(id,name,brand_id,country_id,strength_id) VALUES(232,'VIGÍA',103,4,2);
INSERT INTO BRAND(id,name) VALUES(143,'Alec Bradley Sanctum');
INSERT INTO CIGAR(id,name,brand_id,country_id,strength_id) VALUES(233,'TORO',143,2,4);
INSERT INTO BRAND(id,name) VALUES(144,'Avo Syncro Nicaragua');
INSERT INTO CIGAR(id,name,brand_id,country_id,strength_id) VALUES(234,'TORO',144,3,3);
INSERT INTO BRAND(id,name) VALUES(145,'La Mission du L''Atelier');
INSERT INTO CIGAR(id,name,brand_id,country_id,strength_id) VALUES(235,'',145,1,2);
INSERT INTO CIGAR(id,name,brand_id,country_id,strength_id) VALUES(236,'ROBUSTO',81,2,3);
INSERT INTO BRAND(id,name) VALUES(146,'The King Is Dead');
INSERT INTO CIGAR(id,name,brand_id,country_id,strength_id) VALUES(237,'THE LAST PAYDAY',146,3,3);
INSERT INTO BRAND(id,name) VALUES(147,'Espada by Montecristo');
INSERT INTO CIGAR(id,name,brand_id,country_id,strength_id) VALUES(238,'QUILLON',147,1,2);
INSERT INTO BRAND(id,name) VALUES(148,'Nat Sherman Timeless Collection Nicaragua');
INSERT INTO CIGAR(id,name,brand_id,country_id,strength_id) VALUES(239,'652T',148,1,2);
INSERT INTO BRAND(id,name) VALUES(149,'Padilla Miami 8&11');
INSERT INTO CIGAR(id,name,brand_id,country_id,strength_id) VALUES(240,'EDO',149,6,2);
INSERT INTO BRAND(id,name) VALUES(150,'Nub Cameroon');
INSERT INTO CIGAR(id,name,brand_id,country_id,strength_id) VALUES(241,'358',150,1,2);
INSERT INTO BRAND(id,name) VALUES(151,'La Flor Dominicana Coronado');
INSERT INTO CIGAR(id,name,brand_id,country_id,strength_id) VALUES(242,'CORONA ESPECIAL',151,3,1);
INSERT INTO CIGAR(id,name,brand_id,country_id,strength_id) VALUES(243,'ROBUSTO EXTRA',124,1,3);
INSERT INTO CIGAR(id,name,brand_id,country_id,strength_id) VALUES(244,'CORONA LARGA',38,1,2);
INSERT INTO CIGAR(id,name,brand_id,country_id,strength_id) VALUES(245,'CHURCHILL',38,1,3);
INSERT INTO CIGAR(id,name,brand_id,country_id,strength_id) VALUES(246,'MIGHTY MIGHTY',38,1,2);
INSERT INTO CIGAR(id,name,brand_id,country_id,strength_id) VALUES(247,'TORO',38,1,3);
INSERT INTO CIGAR(id,name,brand_id,country_id,strength_id) VALUES(248,'ROBUSTO',38,1,3);
INSERT INTO CIGAR(id,name,brand_id,country_id,strength_id) VALUES(249,'THE TRAVELER',38,1,2);
INSERT INTO CIGAR(id,name,brand_id,country_id,strength_id) VALUES(250,'SHORT TORPEDO',38,1,2);
INSERT INTO CIGAR(id,name,brand_id,country_id,strength_id) VALUES(251,'CORONA GORDA AÑEJADOS',37,4,3);
INSERT INTO CIGAR(id,name,brand_id,country_id,strength_id) VALUES(252,'NO. 1',131,1,2);
INSERT INTO CIGAR(id,name,brand_id,country_id,strength_id) VALUES(253,'NO. 5',131,1,2);
INSERT INTO CIGAR(id,name,brand_id,country_id,strength_id) VALUES(254,'NO. 4',131,1,3);
INSERT INTO BRAND(id,name) VALUES(152,'Viva Republica Advanced Warfare');
INSERT INTO CIGAR(id,name,brand_id,country_id,strength_id) VALUES(255,'PETIT CORONA',152,3,1);
INSERT INTO CIGAR(id,name,brand_id,country_id,strength_id) VALUES(256,'CORONA',152,3,2);
INSERT INTO BRAND(id,name) VALUES(153,'Aging Room Quattro F59');
INSERT INTO CIGAR(id,name,brand_id,country_id,strength_id) VALUES(257,'CONCERTO',153,3,2);
INSERT INTO CIGAR(id,name,brand_id,country_id,strength_id) VALUES(258,'ESPRESSIVO',153,3,2);
INSERT INTO CIGAR(id,name,brand_id,country_id,strength_id) VALUES(259,'MAESTRO',153,3,2);
INSERT INTO CIGAR(id,name,brand_id,country_id,strength_id) VALUES(260,'VIBRATO',153,3,1);
INSERT INTO CIGAR(id,name,brand_id,country_id,strength_id) VALUES(261,'STRETTO',153,3,1);
INSERT INTO BRAND(id,name) VALUES(154,'Padrón 50th Anniversary');
INSERT INTO CIGAR(id,name,brand_id,country_id,strength_id) VALUES(262,'LIMITED EDITION NATURAL',154,1,3);
INSERT INTO CIGAR(id,name,brand_id,country_id,strength_id) VALUES(263,'LIMITED EDITION MADURO',154,1,2);
INSERT INTO BRAND(id,name) VALUES(155,'Azan White Premium');
INSERT INTO CIGAR(id,name,brand_id,country_id,strength_id) VALUES(264,'ROBUSTO EXTRA',155,1,3);
INSERT INTO CIGAR(id,name,brand_id,country_id,strength_id) VALUES(265,'TORO DE LUXE',155,1,3);
INSERT INTO CIGAR(id,name,brand_id,country_id,strength_id) VALUES(266,'CAMPANA',155,1,2);
INSERT INTO CIGAR(id,name,brand_id,country_id,strength_id) VALUES(267,'ROBUSTO',155,1,2);
INSERT INTO BRAND(id,name) VALUES(156,'Davidoff Winston Churchill');
INSERT INTO CIGAR(id,name,brand_id,country_id,strength_id) VALUES(268,'LIMITED EDITION 2016 THE RACONTEUR',156,3,4);
INSERT INTO CIGAR(id,name,brand_id,country_id,strength_id) VALUES(269,'WIDE CHURCHILL',22,4,3);
INSERT INTO BRAND(id,name) VALUES(157,'Saint Luis Rey');
INSERT INTO CIGAR(id,name,brand_id,country_id,strength_id) VALUES(270,'BELICOSO',157,2,3);
INSERT INTO CIGAR(id,name,brand_id,country_id,strength_id) VALUES(271,'GIGANTE',81,2,2);
INSERT INTO BRAND(id,name) VALUES(158,'Kristoff San Andrés');
INSERT INTO CIGAR(id,name,brand_id,country_id,strength_id) VALUES(272,'ROBUSTO',158,3,2);
INSERT INTO CIGAR(id,name,brand_id,country_id,strength_id) VALUES(273,'FIGURADO',94,2,4);
INSERT INTO BRAND(id,name) VALUES(159,'Punch Gran Puro');
INSERT INTO CIGAR(id,name,brand_id,country_id,strength_id) VALUES(274,'SANTA RITA',159,2,3);
INSERT INTO CIGAR(id,name,brand_id,country_id,strength_id) VALUES(275,'MONARCH',47,3,5);
INSERT INTO CIGAR(id,name,brand_id,country_id,strength_id) VALUES(276,'ROBUSTO GRANDE',4,2,3);
INSERT INTO CIGAR(id,name,brand_id,country_id,strength_id) VALUES(277,'GRAN CORONA',130,3,1);
INSERT INTO CIGAR(id,name,brand_id,country_id,strength_id) VALUES(278,'MACHITO',40,1,2);
INSERT INTO BRAND(id,name) VALUES(160,'Illusione Epernay');
INSERT INTO CIGAR(id,name,brand_id,country_id,strength_id) VALUES(279,'LE GRANDE',160,2,3);
INSERT INTO CIGAR(id,name,brand_id,country_id,strength_id) VALUES(280,'PETIT CORONA',86,3,2);
INSERT INTO BRAND(id,name) VALUES(161,'San Cristobal Elegancia');
INSERT INTO CIGAR(id,name,brand_id,country_id,strength_id) VALUES(281,'PYRAMID',161,1,4);
INSERT INTO CIGAR(id,name,brand_id,country_id,strength_id) VALUES(282,'GORDO',63,1,2);
INSERT INTO BRAND(id,name) VALUES(162,'The Edge Lite');
INSERT INTO CIGAR(id,name,brand_id,country_id,strength_id) VALUES(283,'BATTALION',162,2,5);
INSERT INTO CIGAR(id,name,brand_id,country_id,strength_id) VALUES(284,'SHORT ROBUSTO',11,1,1);
INSERT INTO BRAND(id,name) VALUES(163,'Padilla Corojo ''99');
INSERT INTO CIGAR(id,name,brand_id,country_id,strength_id) VALUES(285,'TO',163,2,2);
INSERT INTO CIGAR(id,name,brand_id,country_id,strength_id) VALUES(286,'ALISON',39,6,3);
INSERT INTO BRAND(id,name) VALUES(164,'Surrogates');
INSERT INTO CIGAR(id,name,brand_id,country_id,strength_id) VALUES(287,'CRACKER CRUMBS',164,1,2);
INSERT INTO CIGAR(id,name,brand_id,country_id,strength_id) VALUES(288,'TUBO',88,1,2);
INSERT INTO BRAND(id,name) VALUES(165,'My Uzi Weighs a Ton');
INSERT INTO CIGAR(id,name,brand_id,country_id,strength_id) VALUES(289,'6X60',165,1,2);
INSERT INTO CIGAR(id,name,brand_id,country_id,strength_id) VALUES(290,'PETIT CORONA',122,3,3);
INSERT INTO BRAND(id,name) VALUES(166,'The Banker by H. Upmann');
INSERT INTO CIGAR(id,name,brand_id,country_id,strength_id) VALUES(291,'BASIS POINT NO. 2',166,3,2);
INSERT INTO BRAND(id,name) VALUES(167,'Hoyo de Monterrey Excalibur');
INSERT INTO CIGAR(id,name,brand_id,country_id,strength_id) VALUES(292,'NO. I',167,2,4);
INSERT INTO CIGAR(id,name,brand_id,country_id,strength_id) VALUES(293,'TORO GRANDE',101,2,3);
INSERT INTO BRAND(id,name) VALUES(168,'Oliva Connecticut Reserve');
INSERT INTO CIGAR(id,name,brand_id,country_id,strength_id) VALUES(294,'PETIT CORONA',168,1,3);
INSERT INTO BRAND(id,name) VALUES(169,'Macanudo Crü Royale');
INSERT INTO CIGAR(id,name,brand_id,country_id,strength_id) VALUES(295,'GIGANTE',169,3,3);
INSERT INTO BRAND(id,name) VALUES(170,'Arturo Fuente Añejo');
INSERT INTO CIGAR(id,name,brand_id,country_id,strength_id) VALUES(296,'RESERVA NO. 888',170,3,2);
INSERT INTO CIGAR(id,name,brand_id,country_id,strength_id) VALUES(297,'N60',108,1,2);
INSERT INTO BRAND(id,name) VALUES(171,'Davidoff Nicaragua');
INSERT INTO CIGAR(id,name,brand_id,country_id,strength_id) VALUES(298,'DIADEMA',171,3,2);
INSERT INTO BRAND(id,name) VALUES(172,'Cabaiguan');
INSERT INTO CIGAR(id,name,brand_id,country_id,strength_id) VALUES(299,'IMPERIALES',172,1,3);
INSERT INTO BRAND(id,name) VALUES(173,'E.P. Carrillo Selección Oscuro');
INSERT INTO CIGAR(id,name,brand_id,country_id,strength_id) VALUES(300,'PIRAMIDES ROYAL',173,3,2);
INSERT INTO BRAND(id,name) VALUES(174,'Eiroa');
INSERT INTO CIGAR(id,name,brand_id,country_id,strength_id) VALUES(301,'60X6',174,2,3);
INSERT INTO CIGAR(id,name,brand_id,country_id,strength_id) VALUES(302,'CHURCHILL',38,1,3);
INSERT INTO CIGAR(id,name,brand_id,country_id,strength_id) VALUES(303,'CONCERTO',153,3,2);
INSERT INTO CIGAR(id,name,brand_id,country_id,strength_id) VALUES(304,'CORONA GORDA AÑEJADOS',37,4,3);
INSERT INTO CIGAR(id,name,brand_id,country_id,strength_id) VALUES(305,'NO. 5',131,1,2);
INSERT INTO CIGAR(id,name,brand_id,country_id,strength_id) VALUES(306,'PETIT CORONA',152,3,1);
INSERT INTO CIGAR(id,name,brand_id,country_id,strength_id) VALUES(307,'LIMITED EDITION NATURAL',154,1,3);
INSERT INTO CIGAR(id,name,brand_id,country_id,strength_id) VALUES(308,'TORO DE LUXE',155,1,3);
INSERT INTO CIGAR(id,name,brand_id,country_id,strength_id) VALUES(309,'ROBUSTO',133,2,2);
INSERT INTO CIGAR(id,name,brand_id,country_id,strength_id) VALUES(310,'GORDO',133,2,3);
INSERT INTO CIGAR(id,name,brand_id,country_id,strength_id) VALUES(311,'CHINGONOVA',134,2,2);
INSERT INTO CIGAR(id,name,brand_id,country_id,strength_id) VALUES(312,'7000 MADURO',50,1,2);
INSERT INTO BRAND(id,name) VALUES(175,'Camacho Corojo');
INSERT INTO CIGAR(id,name,brand_id,country_id,strength_id) VALUES(313,'CHURCHILL',175,2,3);
INSERT INTO CIGAR(id,name,brand_id,country_id,strength_id) VALUES(314,'SIGLO I',55,4,2);
INSERT INTO BRAND(id,name) VALUES(176,'La Sirena');
INSERT INTO CIGAR(id,name,brand_id,country_id,strength_id) VALUES(315,'TRIDENT',176,1,2);
INSERT INTO CIGAR(id,name,brand_id,country_id,strength_id) VALUES(316,'SERIE D NO. 4',37,4,3);
INSERT INTO CIGAR(id,name,brand_id,country_id,strength_id) VALUES(317,'NO. 5',98,3,4);
INSERT INTO CIGAR(id,name,brand_id,country_id,strength_id) VALUES(318,'SMALL CLUB CORONA',74,4,2);
INSERT INTO BRAND(id,name) VALUES(177,'Inch Natural by E.P. Carrillo');
INSERT INTO CIGAR(id,name,brand_id,country_id,strength_id) VALUES(319,'NO. 60',177,3,3);
INSERT INTO BRAND(id,name) VALUES(178,'La Hacienda');
INSERT INTO CIGAR(id,name,brand_id,country_id,strength_id) VALUES(320,'GRAN ROBUSTO',178,1,3);
INSERT INTO BRAND(id,name) VALUES(179,'Diamond Crown Julius Caeser');
INSERT INTO CIGAR(id,name,brand_id,country_id,strength_id) VALUES(321,'ROBUSTO',179,3,2);
INSERT INTO BRAND(id,name) VALUES(180,'7-20-4 Hustler Series');
INSERT INTO CIGAR(id,name,brand_id,country_id,strength_id) VALUES(322,'DOG WALKER',180,2,3);
INSERT INTO CIGAR(id,name,brand_id,country_id,strength_id) VALUES(323,'JULIETA',82,1,3);
INSERT INTO BRAND(id,name) VALUES(181,'Don Pepin Garcia Original');
INSERT INTO CIGAR(id,name,brand_id,country_id,strength_id) VALUES(324,'TORO GRANDE BOX PRESSED',181,6,2);
INSERT INTO BRAND(id,name) VALUES(182,'La Flor Dominicana Air Bender Maduro');
INSERT INTO CIGAR(id,name,brand_id,country_id,strength_id) VALUES(325,'VALIENTE',182,3,2);
INSERT INTO BRAND(id,name) VALUES(183,'Hammer + Sickle Moscow City');
INSERT INTO CIGAR(id,name,brand_id,country_id,strength_id) VALUES(326,'PETITE ROBUSTO',183,3,3);
INSERT INTO BRAND(id,name) VALUES(184,'Romeo y Julieta Aniversario');
INSERT INTO CIGAR(id,name,brand_id,country_id,strength_id) VALUES(327,'CHURCHILL',184,3,3);
INSERT INTO CIGAR(id,name,brand_id,country_id,strength_id) VALUES(328,'COROJO TITAN',80,6,3);
INSERT INTO BRAND(id,name) VALUES(185,'CAO Colombia');
INSERT INTO CIGAR(id,name,brand_id,country_id,strength_id) VALUES(329,'BOGOTA',185,1,3);
INSERT INTO BRAND(id,name) VALUES(186,'San Lotano Connecticut');
INSERT INTO CIGAR(id,name,brand_id,country_id,strength_id) VALUES(330,'CHURCHILL',186,1,3);
INSERT INTO BRAND(id,name) VALUES(187,'AFR-75 Edicion Limitada');
INSERT INTO CIGAR(id,name,brand_id,country_id,strength_id) VALUES(331,'SUBLIME',187,3,1);
INSERT INTO BRAND(id,name) VALUES(188,'Quesada Tributo');
INSERT INTO CIGAR(id,name,brand_id,country_id,strength_id) VALUES(332,'ALVARITO',188,3,2);
INSERT INTO CIGAR(id,name,brand_id,country_id,strength_id) VALUES(333,'SPARKPLUG',135,1,2);
INSERT INTO BRAND(id,name) VALUES(189,'Montecristo Platinum Series');
INSERT INTO CIGAR(id,name,brand_id,country_id,strength_id) VALUES(334,'CHURCHILL (TUBO)',189,3,4);
INSERT INTO CIGAR(id,name,brand_id,country_id,strength_id) VALUES(335,'GRAN 107',64,3,3);
INSERT INTO CIGAR(id,name,brand_id,country_id,strength_id) VALUES(336,'PUNCH',125,4,2);
INSERT INTO BRAND(id,name) VALUES(190,'Balmoral Añejo XO');
INSERT INTO CIGAR(id,name,brand_id,country_id,strength_id) VALUES(337,'TORPEDO MK52',190,3,3);
INSERT INTO CIGAR(id,name,brand_id,country_id,strength_id) VALUES(338,'CORONA GIGANTE',109,4,2);
INSERT INTO CIGAR(id,name,brand_id,country_id,strength_id) VALUES(339,'PETIT CORONA',105,4,3);
INSERT INTO BRAND(id,name) VALUES(191,'Fratello Bianco');
INSERT INTO CIGAR(id,name,brand_id,country_id,strength_id) VALUES(340,'III',191,1,2);
INSERT INTO CIGAR(id,name,brand_id,country_id,strength_id) VALUES(341,'REYES',103,4,3);
INSERT INTO CIGAR(id,name,brand_id,country_id,strength_id) VALUES(342,'NO. 2',105,4,2);
INSERT INTO BRAND(id,name) VALUES(192,'Cuaba');
INSERT INTO CIGAR(id,name,brand_id,country_id,strength_id) VALUES(343,'SALOMON',192,4,3);
INSERT INTO BRAND(id,name) VALUES(193,'Herrera Esteli');
INSERT INTO CIGAR(id,name,brand_id,country_id,strength_id) VALUES(344,'SHORT CORONA GORDA',193,1,3);
INSERT INTO BRAND(id,name) VALUES(194,'Juan Lopez');
INSERT INTO CIGAR(id,name,brand_id,country_id,strength_id) VALUES(345,'SELECCIÓN NO. 1',194,4,2);
INSERT INTO CIGAR(id,name,brand_id,country_id,strength_id) VALUES(346,'PETIT NO. 2',45,4,3);
INSERT INTO BRAND(id,name) VALUES(195,'La Libertad');
INSERT INTO CIGAR(id,name,brand_id,country_id,strength_id) VALUES(347,'CHURCHILL',195,3,3);
INSERT INTO BRAND(id,name) VALUES(196,'Rafael Gonzalez');
INSERT INTO CIGAR(id,name,brand_id,country_id,strength_id) VALUES(348,'PERLA',196,4,2);
INSERT INTO BRAND(id,name) VALUES(197,'Hoyo');
INSERT INTO CIGAR(id,name,brand_id,country_id,strength_id) VALUES(349,'ROTHSCHILD',197,2,2);
INSERT INTO BRAND(id,name) VALUES(198,'Falto Los Processos');
INSERT INTO CIGAR(id,name,brand_id,country_id,strength_id) VALUES(350,'EMINENTE',198,3,3);
INSERT INTO CIGAR(id,name,brand_id,country_id,strength_id) VALUES(351,'TORO',130,3,2);
INSERT INTO CIGAR(id,name,brand_id,country_id,strength_id) VALUES(352,'ROBUSTO',130,3,2);
INSERT INTO CIGAR(id,name,brand_id,country_id,strength_id) VALUES(353,'VALIENTE',182,3,2);
INSERT INTO CIGAR(id,name,brand_id,country_id,strength_id) VALUES(354,'MATATAN',182,3,2);
INSERT INTO CIGAR(id,name,brand_id,country_id,strength_id) VALUES(355,'PIRAMIDES ROYAL',173,3,2);
INSERT INTO CIGAR(id,name,brand_id,country_id,strength_id) VALUES(356,'ESPECIAL NO. 6',173,3,2);
INSERT INTO CIGAR(id,name,brand_id,country_id,strength_id) VALUES(357,'ROBUSTO GORDO',173,3,2);
INSERT INTO CIGAR(id,name,brand_id,country_id,strength_id) VALUES(358,'NACIONALES',173,3,2);
INSERT INTO CIGAR(id,name,brand_id,country_id,strength_id) VALUES(359,'DINAMICOS',173,3,2);
INSERT INTO CIGAR(id,name,brand_id,country_id,strength_id) VALUES(360,'RESERVA NO. 888',170,3,2);
INSERT INTO CIGAR(id,name,brand_id,country_id,strength_id) VALUES(361,'SERIE E NO. 2',26,4,2);
INSERT INTO CIGAR(id,name,brand_id,country_id,strength_id) VALUES(362,'SERIE P NO. 2',37,4,2);
INSERT INTO CIGAR(id,name,brand_id,country_id,strength_id) VALUES(363,'SERIE D NO. 4',37,4,3);
INSERT INTO CIGAR(id,name,brand_id,country_id,strength_id) VALUES(364,'SERIE D NO. 5',37,4,3);
INSERT INTO CIGAR(id,name,brand_id,country_id,strength_id) VALUES(365,'SERIE D NO. 6',37,4,3);
INSERT INTO CIGAR(id,name,brand_id,country_id,strength_id) VALUES(366,'TUBO',88,1,2);
INSERT INTO CIGAR(id,name,brand_id,country_id,strength_id) VALUES(367,'ESPLENDIDO',55,4,2);
INSERT INTO CIGAR(id,name,brand_id,country_id,strength_id) VALUES(368,'EXQUISITO',55,4,2);
INSERT INTO CIGAR(id,name,brand_id,country_id,strength_id) VALUES(369,'LANCERO',55,4,3);
INSERT INTO CIGAR(id,name,brand_id,country_id,strength_id) VALUES(370,'PIRÁMIDES EXTRA',55,4,3);
INSERT INTO CIGAR(id,name,brand_id,country_id,strength_id) VALUES(371,'ROBUSTO',55,4,2);
INSERT INTO CIGAR(id,name,brand_id,country_id,strength_id) VALUES(372,'CORONA ESPECIAL',55,4,3);
INSERT INTO CIGAR(id,name,brand_id,country_id,strength_id) VALUES(373,'PANETELA',55,4,3);
INSERT INTO BRAND(id,name) VALUES(199,'Fonseca Cubano Limitado');
INSERT INTO CIGAR(id,name,brand_id,country_id,strength_id) VALUES(374,'TORO',199,3,2);
INSERT INTO BRAND(id,name) VALUES(200,'Ashton Heritage Puro Sol');
INSERT INTO CIGAR(id,name,brand_id,country_id,strength_id) VALUES(375,'CHURCHILL',200,3,3);
INSERT INTO BRAND(id,name) VALUES(201,'Rocky Patel Vintage 1992');
INSERT INTO CIGAR(id,name,brand_id,country_id,strength_id) VALUES(376,'CHURCHILL',201,2,3);
INSERT INTO BRAND(id,name) VALUES(202,'Diamond Crown');
INSERT INTO CIGAR(id,name,brand_id,country_id,strength_id) VALUES(377,'TORPEDO NO. 8',202,3,2);
INSERT INTO CIGAR(id,name,brand_id,country_id,strength_id) VALUES(378,'CHURCHILL',41,2,3);
INSERT INTO CIGAR(id,name,brand_id,country_id,strength_id) VALUES(379,'CHURCHILL',28,3,3);
INSERT INTO BRAND(id,name) VALUES(203,'Joya de Nicaragua Antaño Dark Corojo');
INSERT INTO CIGAR(id,name,brand_id,country_id,strength_id) VALUES(380,'PODEROSO',203,1,1);
INSERT INTO BRAND(id,name) VALUES(204,'Tatuaje Avion');
INSERT INTO CIGAR(id,name,brand_id,country_id,strength_id) VALUES(381,'13',204,1,2);
INSERT INTO CIGAR(id,name,brand_id,country_id,strength_id) VALUES(382,'GUARD',147,1,3);
INSERT INTO BRAND(id,name) VALUES(205,'Cusano Dominican Connecticut');
INSERT INTO CIGAR(id,name,brand_id,country_id,strength_id) VALUES(383,'CHURCHILL',205,3,3);
INSERT INTO CIGAR(id,name,brand_id,country_id,strength_id) VALUES(384,'EPICURE',82,1,2);
INSERT INTO CIGAR(id,name,brand_id,country_id,strength_id) VALUES(385,'TORPEDO BOX-AGED 1 YEAR',24,1,2);
INSERT INTO CIGAR(id,name,brand_id,country_id,strength_id) VALUES(386,'FERAL FLYING PIG',91,1,2);
INSERT INTO BRAND(id,name) VALUES(206,'Room101 The Big Payback Connecticut');
INSERT INTO CIGAR(id,name,brand_id,country_id,strength_id) VALUES(387,'CHAVALA',206,2,4);
INSERT INTO CIGAR(id,name,brand_id,country_id,strength_id) VALUES(388,'PIRAMIDES',122,3,3);
INSERT INTO BRAND(id,name) VALUES(207,'Montecristo Grupo de Maestros Private Batch II');
INSERT INTO CIGAR(id,name,brand_id,country_id,strength_id) VALUES(389,'TORO',207,3,2);
INSERT INTO BRAND(id,name) VALUES(208,'Murcielago');
INSERT INTO CIGAR(id,name,brand_id,country_id,strength_id) VALUES(390,'NOCTURNE',208,1,2);
INSERT INTO CIGAR(id,name,brand_id,country_id,strength_id) VALUES(391,'ESPECIAL NO. 6',173,3,2);
INSERT INTO CIGAR(id,name,brand_id,country_id,strength_id) VALUES(392,'SERIE E NO. 2',37,4,2);
INSERT INTO CIGAR(id,name,brand_id,country_id,strength_id) VALUES(393,'CORONA EXTRA',72,1,2);
INSERT INTO BRAND(id,name) VALUES(209,'Last Call by AJ Fernandez');
INSERT INTO CIGAR(id,name,brand_id,country_id,strength_id) VALUES(394,'GENIALES',209,1,2);
INSERT INTO CIGAR(id,name,brand_id,country_id,strength_id) VALUES(395,'ROBUSTO',96,3,4);
INSERT INTO BRAND(id,name) VALUES(210,'La Flor Dominicana Ligero Oscuro Natural Cabinet');
INSERT INTO CIGAR(id,name,brand_id,country_id,strength_id) VALUES(396,'TORPEDITO',210,3,1);
INSERT INTO CIGAR(id,name,brand_id,country_id,strength_id) VALUES(397,'PRINCE PHILIP',27,3,4);
INSERT INTO BRAND(id,name) VALUES(211,'T-he Edge Lite');
INSERT INTO CIGAR(id,name,brand_id,country_id,strength_id) VALUES(398,'DOUBLE CORONA',211,2,4);
INSERT INTO BRAND(id,name) VALUES(212,'Alec Bradley American Classic Blend');
INSERT INTO CIGAR(id,name,brand_id,country_id,strength_id) VALUES(399,'CHURCHILL',212,1,3);
INSERT INTO BRAND(id,name) VALUES(213,'Oliva Serie O');
INSERT INTO CIGAR(id,name,brand_id,country_id,strength_id) VALUES(400,'CHURCHILL',213,1,2);
INSERT INTO BRAND(id,name) VALUES(214,'Partagas 1845 Extra Fuerte');
INSERT INTO CIGAR(id,name,brand_id,country_id,strength_id) VALUES(401,'DOUBLE CORONA',214,3,3);
INSERT INTO BRAND(id,name) VALUES(215,'Fuente Fuente OpusX');
INSERT INTO CIGAR(id,name,brand_id,country_id,strength_id) VALUES(402,'DOUBLE CORONA',215,3,1);
INSERT INTO BRAND(id,name) VALUES(216,'La Palina Classic');
INSERT INTO CIGAR(id,name,brand_id,country_id,strength_id) VALUES(403,'LANCERO',216,3,3);
INSERT INTO BRAND(id,name) VALUES(217,'Diamond Crown Maximus');
INSERT INTO CIGAR(id,name,brand_id,country_id,strength_id) VALUES(404,'DOUBLE CORONA NO. 1',217,3,3);
INSERT INTO CIGAR(id,name,brand_id,country_id,strength_id) VALUES(405,'D MAJOR',70,3,2);
INSERT INTO BRAND(id,name) VALUES(218,'Gran Habano Corojo No. 5');
INSERT INTO CIGAR(id,name,brand_id,country_id,strength_id) VALUES(406,'LANCERO',218,2,2);
INSERT INTO BRAND(id,name) VALUES(219,'Padilla Criollo ''98');
INSERT INTO CIGAR(id,name,brand_id,country_id,strength_id) VALUES(407,'TO',219,2,3);
INSERT INTO BRAND(id,name) VALUES(220,'Alec Bradley Mundial');
INSERT INTO CIGAR(id,name,brand_id,country_id,strength_id) VALUES(408,'NO. 8',220,2,3);
INSERT INTO BRAND(id,name) VALUES(221,'Casa Fernandez Miami');
INSERT INTO CIGAR(id,name,brand_id,country_id,strength_id) VALUES(409,'TORO',221,6,2);
INSERT INTO BRAND(id,name) VALUES(222,'Cain F');
INSERT INTO CIGAR(id,name,brand_id,country_id,strength_id) VALUES(410,'LANCERO',222,1,1);
INSERT INTO BRAND(id,name) VALUES(223,'Ramon Allones Heritage Series');
INSERT INTO CIGAR(id,name,brand_id,country_id,strength_id) VALUES(411,'652',223,3,3);
INSERT INTO BRAND(id,name) VALUES(224,'Davidoff Nicaragua Box Pressed');
INSERT INTO CIGAR(id,name,brand_id,country_id,strength_id) VALUES(412,'ROBUSTO',224,3,2);
INSERT INTO CIGAR(id,name,brand_id,country_id,strength_id) VALUES(413,'CORONA ESPECIAL',55,4,3);
INSERT INTO CIGAR(id,name,brand_id,country_id,strength_id) VALUES(414,'PIRÁMIDES EXTRA',55,4,3);
INSERT INTO BRAND(id,name) VALUES(225,'Aladino');
INSERT INTO CIGAR(id,name,brand_id,country_id,strength_id) VALUES(415,'CHURCHILL',225,2,3);
INSERT INTO CIGAR(id,name,brand_id,country_id,strength_id) VALUES(416,'LANCERO',181,6,2);
INSERT INTO CIGAR(id,name,brand_id,country_id,strength_id) VALUES(417,'TORO',197,2,2);
INSERT INTO BRAND(id,name) VALUES(226,'La Aroma de Cuba');
INSERT INTO CIGAR(id,name,brand_id,country_id,strength_id) VALUES(418,'DOUBLE CORONA',226,1,3);
INSERT INTO CIGAR(id,name,brand_id,country_id,strength_id) VALUES(419,'ESPECIAL NO. 2',45,4,2);
INSERT INTO CIGAR(id,name,brand_id,country_id,strength_id) VALUES(420,'GIGANTES',74,4,3);
INSERT INTO BRAND(id,name) VALUES(227,'VegaFina');
INSERT INTO CIGAR(id,name,brand_id,country_id,strength_id) VALUES(421,'CHURCHILL',227,3,3);
INSERT INTO CIGAR(id,name,brand_id,country_id,strength_id) VALUES(422,'REGATA',111,4,2);
INSERT INTO CIGAR(id,name,brand_id,country_id,strength_id) VALUES(423,'MAGNUM 46',105,4,2);
INSERT INTO BRAND(id,name) VALUES(228,'Regius Exclusivo U.S.A. Claro Especial');
INSERT INTO CIGAR(id,name,brand_id,country_id,strength_id) VALUES(424,'ROBUSTO',228,1,3);
INSERT INTO CIGAR(id,name,brand_id,country_id,strength_id) VALUES(425,'TORO',126,2,3);
INSERT INTO BRAND(id,name) VALUES(229,'Punch Grand Cru');
INSERT INTO CIGAR(id,name,brand_id,country_id,strength_id) VALUES(426,'DIADEMAS',229,2,3);
INSERT INTO CIGAR(id,name,brand_id,country_id,strength_id) VALUES(427,'SALOMON',37,4,3);
INSERT INTO CIGAR(id,name,brand_id,country_id,strength_id) VALUES(428,'CONNOISSEUR NO. 1',105,4,3);
INSERT INTO BRAND(id,name) VALUES(230,'Padrón');
INSERT INTO CIGAR(id,name,brand_id,country_id,strength_id) VALUES(429,'DELICIAS',230,1,2);
INSERT INTO BRAND(id,name) VALUES(231,'Villiger Colorado');
INSERT INTO CIGAR(id,name,brand_id,country_id,strength_id) VALUES(430,'CHURCHILL',231,1,3);
INSERT INTO BRAND(id,name) VALUES(232,'Ashton Virgin Sun Grown');
INSERT INTO CIGAR(id,name,brand_id,country_id,strength_id) VALUES(431,'SPELLBOUND',232,3,2);
INSERT INTO CIGAR(id,name,brand_id,country_id,strength_id) VALUES(432,'LE HOYO DE SAN JUAN (TUBO)',60,4,3);
INSERT INTO CIGAR(id,name,brand_id,country_id,strength_id) VALUES(433,'DOUBLE CHATEAU FUENTE',86,3,5);
INSERT INTO CIGAR(id,name,brand_id,country_id,strength_id) VALUES(434,'DOUBLE CORONA',125,4,2);
INSERT INTO CIGAR(id,name,brand_id,country_id,strength_id) VALUES(435,'BELICOSO',22,4,3);
INSERT INTO BRAND(id,name) VALUES(233,'Kristoff Criollo');
INSERT INTO CIGAR(id,name,brand_id,country_id,strength_id) VALUES(436,'LANCERO',233,3,3);
INSERT INTO CIGAR(id,name,brand_id,country_id,strength_id) VALUES(437,'REVOLUTION EXCLUSIVO ASIA PACIFÍCO',78,4,3);
INSERT INTO BRAND(id,name) VALUES(234,'Romeo y Julieta 1875');
INSERT INTO CIGAR(id,name,brand_id,country_id,strength_id) VALUES(438,'DELUXE NO. 1',234,3,4);
INSERT INTO CIGAR(id,name,brand_id,country_id,strength_id) VALUES(439,'HL',100,1,2);
INSERT INTO BRAND(id,name) VALUES(235,'Flores y Rodriguez Habano Selección');
INSERT INTO CIGAR(id,name,brand_id,country_id,strength_id) VALUES(440,'MÁGICOS',235,3,2);
INSERT INTO BRAND(id,name) VALUES(236,'Luchador');
INSERT INTO CIGAR(id,name,brand_id,country_id,strength_id) VALUES(441,'LOCO PERFECTO',236,1,2);
INSERT INTO CIGAR(id,name,brand_id,country_id,strength_id) VALUES(442,'NO. 2 BELICOSO',35,1,3);
INSERT INTO CIGAR(id,name,brand_id,country_id,strength_id) VALUES(443,'PORTO REAL',68,3,4);
INSERT INTO BRAND(id,name) VALUES(237,'Padrón 1964 Anniversary Series');
INSERT INTO CIGAR(id,name,brand_id,country_id,strength_id) VALUES(444,'"A"',237,1,2);
INSERT INTO CIGAR(id,name,brand_id,country_id,strength_id) VALUES(445,' DOUBLE "R"',52,3,3);
INSERT INTO BRAND(id,name) VALUES(238,'Macanudo Inspirado Orange');
INSERT INTO CIGAR(id,name,brand_id,country_id,strength_id) VALUES(446,'ROBUSTO',238,2,2);
INSERT INTO BRAND(id,name) VALUES(239,'Avo XO');
INSERT INTO CIGAR(id,name,brand_id,country_id,strength_id) VALUES(447,'PRELUDIO',239,3,4);
INSERT INTO BRAND(id,name) VALUES(240,'L''Atelier Selection Spéciale');
INSERT INTO CIGAR(id,name,brand_id,country_id,strength_id) VALUES(448,'8 SPECIAL',240,1,2);
INSERT INTO CIGAR(id,name,brand_id,country_id,strength_id) VALUES(449,'CHURCHILL',81,2,3);
INSERT INTO BRAND(id,name) VALUES(241,'Por Larrañaga');
INSERT INTO CIGAR(id,name,brand_id,country_id,strength_id) VALUES(450,'GRAN CORONA',241,3,5);
INSERT INTO BRAND(id,name) VALUES(242,'Nat Sherman Sterling');
INSERT INTO CIGAR(id,name,brand_id,country_id,strength_id) VALUES(451,'CHURCHILL',242,3,5);
INSERT INTO BRAND(id,name) VALUES(243,'La Aurora 107');
INSERT INTO CIGAR(id,name,brand_id,country_id,strength_id) VALUES(452,'LANCERO',243,3,3);
INSERT INTO CIGAR(id,name,brand_id,country_id,strength_id) VALUES(453,'BABE',39,6,3);
INSERT INTO CIGAR(id,name,brand_id,country_id,strength_id) VALUES(454,'ROBUSTO',224,3,2);
INSERT INTO CIGAR(id,name,brand_id,country_id,strength_id) VALUES(455,'TORO',197,2,2);
INSERT INTO CIGAR(id,name,brand_id,country_id,strength_id) VALUES(456,'ROBUSTO',197,2,1);
INSERT INTO CIGAR(id,name,brand_id,country_id,strength_id) VALUES(457,'ROTHSCHILD',197,2,2);
INSERT INTO CIGAR(id,name,brand_id,country_id,strength_id) VALUES(458,'GIGANTE',197,2,1);
INSERT INTO BRAND(id,name) VALUES(244,'Last Call by A.J. Fernandez');
INSERT INTO CIGAR(id,name,brand_id,country_id,strength_id) VALUES(459,'GENIALES',244,1,2);
INSERT INTO CIGAR(id,name,brand_id,country_id,strength_id) VALUES(460,'TORO',207,3,2);
INSERT INTO CIGAR(id,name,brand_id,country_id,strength_id) VALUES(461,'NOCTURNE',208,1,2);
INSERT INTO CIGAR(id,name,brand_id,country_id,strength_id) VALUES(462,'LA LUNE',208,1,2);
INSERT INTO CIGAR(id,name,brand_id,country_id,strength_id) VALUES(463,'NOIR',208,1,2);
INSERT INTO BRAND(id,name) VALUES(245,'Padrón 1964 Anniversary Series Maduro');
INSERT INTO CIGAR(id,name,brand_id,country_id,strength_id) VALUES(464,'HERMOSO',245,1,2);
INSERT INTO BRAND(id,name) VALUES(246,'Las Calaveras Edición Limitada 2016');
INSERT INTO CIGAR(id,name,brand_id,country_id,strength_id) VALUES(465,'LC50',246,1,1);
INSERT INTO BRAND(id,name) VALUES(247,'Camacho Powerband');
INSERT INTO CIGAR(id,name,brand_id,country_id,strength_id) VALUES(466,'ROBUSTO',247,3,1);
INSERT INTO CIGAR(id,name,brand_id,country_id,strength_id) VALUES(467,'GORDO',247,3,2);
INSERT INTO CIGAR(id,name,brand_id,country_id,strength_id) VALUES(468,'TORO',247,3,2);
INSERT INTO CIGAR(id,name,brand_id,country_id,strength_id) VALUES(469,'ROBUSTO',238,2,2);
INSERT INTO CIGAR(id,name,brand_id,country_id,strength_id) VALUES(470,'GIGANTE',238,2,2);
INSERT INTO CIGAR(id,name,brand_id,country_id,strength_id) VALUES(471,'CHURCHILL',238,2,3);
INSERT INTO CIGAR(id,name,brand_id,country_id,strength_id) VALUES(472,'TORO',238,2,2);
INSERT INTO CIGAR(id,name,brand_id,country_id,strength_id) VALUES(473,'REGIOS',157,4,4);
INSERT INTO CIGAR(id,name,brand_id,country_id,strength_id) VALUES(474,'ROBUSTO',8,3,2);
INSERT INTO CIGAR(id,name,brand_id,country_id,strength_id) VALUES(475,'TORO BRAVO',8,3,2);
INSERT INTO CIGAR(id,name,brand_id,country_id,strength_id) VALUES(476,'CORONA',8,3,2);
INSERT INTO CIGAR(id,name,brand_id,country_id,strength_id) VALUES(477,'HERMOSO',237,1,3);
INSERT INTO BRAND(id,name) VALUES(248,'Villiger San''Doro Colorado');
INSERT INTO CIGAR(id,name,brand_id,country_id,strength_id) VALUES(478,'HILL',248,1,3);
INSERT INTO CIGAR(id,name,brand_id,country_id,strength_id) VALUES(479,'',248,1,2);
INSERT INTO CIGAR(id,name,brand_id,country_id,strength_id) VALUES(480,'REVOLUTION EXCLUSIVO ASIA PACIFÍCO',78,4,3);
INSERT INTO CIGAR(id,name,brand_id,country_id,strength_id) VALUES(481,'GRAN CORONA',241,3,5);
INSERT INTO CIGAR(id,name,brand_id,country_id,strength_id) VALUES(482,'ROBUSTO',241,3,5);
INSERT INTO CIGAR(id,name,brand_id,country_id,strength_id) VALUES(483,'TORO',241,3,4);
INSERT INTO CIGAR(id,name,brand_id,country_id,strength_id) VALUES(484,'13',204,1,2);
INSERT INTO CIGAR(id,name,brand_id,country_id,strength_id) VALUES(485,'12',204,1,1);
INSERT INTO CIGAR(id,name,brand_id,country_id,strength_id) VALUES(486,'11',204,1,1);
INSERT INTO CIGAR(id,name,brand_id,country_id,strength_id) VALUES(487,'LC46',246,1,2);
INSERT INTO CIGAR(id,name,brand_id,country_id,strength_id) VALUES(488,'PIRAMIDE',246,1,2);
INSERT INTO CIGAR(id,name,brand_id,country_id,strength_id) VALUES(489,'LC54',246,1,1);
INSERT INTO BRAND(id,name) VALUES(249,'Schrader');
INSERT INTO CIGAR(id,name,brand_id,country_id,strength_id) VALUES(490,'MMXIII',249,3,3);
INSERT INTO CIGAR(id,name,brand_id,country_id,strength_id) VALUES(491,'SALOMON',37,4,3);
INSERT INTO BRAND(id,name) VALUES(250,'Quesada Reserva Privada Oscuro');
INSERT INTO CIGAR(id,name,brand_id,country_id,strength_id) VALUES(492,'DOUBLE CORONA',250,3,2);
INSERT INTO CIGAR(id,name,brand_id,country_id,strength_id) VALUES(493,'TORO',250,3,2);
INSERT INTO CIGAR(id,name,brand_id,country_id,strength_id) VALUES(494,'ROBUSTO',250,3,2);
INSERT INTO CIGAR(id,name,brand_id,country_id,strength_id) VALUES(495,'BELICOSO',62,3,2);
INSERT INTO CIGAR(id,name,brand_id,country_id,strength_id) VALUES(496,'FIGURADO',62,3,2);
INSERT INTO CIGAR(id,name,brand_id,country_id,strength_id) VALUES(497,'GRAN TORO',62,3,2);
INSERT INTO CIGAR(id,name,brand_id,country_id,strength_id) VALUES(498,'ROBUSTO',62,3,2);
INSERT INTO BRAND(id,name) VALUES(251,'Avo Syncro Nicaragua Fogata');
INSERT INTO CIGAR(id,name,brand_id,country_id,strength_id) VALUES(499,'SPECIAL TORO',251,3,2);
INSERT INTO CIGAR(id,name,brand_id,country_id,strength_id) VALUES(500,'ROBUSTO',251,3,3);
INSERT INTO CIGAR(id,name,brand_id,country_id,strength_id) VALUES(501,'SHORT TORPEDO',251,3,3);
INSERT INTO CIGAR(id,name,brand_id,country_id,strength_id) VALUES(502,'TORO',251,3,3);
INSERT INTO BRAND(id,name) VALUES(252,'Warped Futuro');
INSERT INTO CIGAR(id,name,brand_id,country_id,strength_id) VALUES(503,'SELECCIÓN SUPREMA',252,1,2);
INSERT INTO CIGAR(id,name,brand_id,country_id,strength_id) VALUES(504,'SELECCIÓN 109',252,1,2);
INSERT INTO BRAND(id,name) VALUES(253,'Cornelius & Anthony Daddy Mac');
INSERT INTO CIGAR(id,name,brand_id,country_id,strength_id) VALUES(505,'STO',253,1,3);
INSERT INTO CIGAR(id,name,brand_id,country_id,strength_id) VALUES(506,'',253,1,2);
INSERT INTO CIGAR(id,name,brand_id,country_id,strength_id) VALUES(507,'NA GORDA',253,1,2);
INSERT INTO CIGAR(id,name,brand_id,country_id,strength_id) VALUES(508,'O',253,1,2);
INSERT INTO BRAND(id,name) VALUES(254,'H. Upmann Ingot The Banker Private Holding');
INSERT INTO CIGAR(id,name,brand_id,country_id,strength_id) VALUES(509,'TORO',254,3,3);
INSERT INTO BRAND(id,name) VALUES(255,'La Palina Goldie');
INSERT INTO CIGAR(id,name,brand_id,country_id,strength_id) VALUES(510,'DALIA',255,6,3);
INSERT INTO BRAND(id,name) VALUES(256,'Patoro Serie P USA Edition');
INSERT INTO CIGAR(id,name,brand_id,country_id,strength_id) VALUES(511,'CHURCHILL',256,3,2);
INSERT INTO CIGAR(id,name,brand_id,country_id,strength_id) VALUES(512,'BELICOSO OSCURO',140,1,1);
INSERT INTO BRAND(id,name) VALUES(257,'La Aroma de Cuba Mi Amor Reserva');
INSERT INTO CIGAR(id,name,brand_id,country_id,strength_id) VALUES(513,'ROMANTICO',257,1,2);
INSERT INTO BRAND(id,name) VALUES(258,'Montecristo White Vintage Connecticut');
INSERT INTO CIGAR(id,name,brand_id,country_id,strength_id) VALUES(514,'NO. 2',258,3,5);
INSERT INTO BRAND(id,name) VALUES(259,'Ashton Cabinet Selection');
INSERT INTO CIGAR(id,name,brand_id,country_id,strength_id) VALUES(515,'NO. 3',259,3,5);
INSERT INTO BRAND(id,name) VALUES(260,'The Edge Corojo');
INSERT INTO CIGAR(id,name,brand_id,country_id,strength_id) VALUES(516,'TORO',260,2,2);
INSERT INTO BRAND(id,name) VALUES(261,'The Griffin''s Nicaragua');
INSERT INTO CIGAR(id,name,brand_id,country_id,strength_id) VALUES(517,' TORPEDO',261,3,2);
INSERT INTO CIGAR(id,name,brand_id,country_id,strength_id) VALUES(518,'EPICURE',167,2,3);
INSERT INTO CIGAR(id,name,brand_id,country_id,strength_id) VALUES(519,'550',223,3,2);
INSERT INTO CIGAR(id,name,brand_id,country_id,strength_id) VALUES(520,'CORONA',123,2,2);
INSERT INTO BRAND(id,name) VALUES(262,'Neya F8');
INSERT INTO CIGAR(id,name,brand_id,country_id,strength_id) VALUES(521,'PATRIOT',262,1,1);
INSERT INTO CIGAR(id,name,brand_id,country_id,strength_id) VALUES(522,'LOVE AFFAIR',215,3,1);
INSERT INTO BRAND(id,name) VALUES(263,'Alec Bradley Black Market');
INSERT INTO CIGAR(id,name,brand_id,country_id,strength_id) VALUES(523,'PUNK',263,2,2);
INSERT INTO BRAND(id,name) VALUES(264,'E.P. Carrillo La Historia');
INSERT INTO CIGAR(id,name,brand_id,country_id,strength_id) VALUES(524,'EL SENADOR',264,3,1);
INSERT INTO CIGAR(id,name,brand_id,country_id,strength_id) VALUES(525,'CORONA',56,1,3);
INSERT INTO CIGAR(id,name,brand_id,country_id,strength_id) VALUES(526,'MIMI',142,3,3);
INSERT INTO BRAND(id,name) VALUES(265,'Don Pepin Garcia Cuban Classic');
INSERT INTO CIGAR(id,name,brand_id,country_id,strength_id) VALUES(527,'1970',265,1,2);
INSERT INTO CIGAR(id,name,brand_id,country_id,strength_id) VALUES(528,'NO. 3',136,3,3);
INSERT INTO CIGAR(id,name,brand_id,country_id,strength_id) VALUES(529,'CHISEL',36,3,1);
INSERT INTO CIGAR(id,name,brand_id,country_id,strength_id) VALUES(530,'TRAMP STAMP',164,1,1);
INSERT INTO BRAND(id,name) VALUES(266,'Davidoff Escurio');
INSERT INTO CIGAR(id,name,brand_id,country_id,strength_id) VALUES(531,'GRAN PERFECTO',266,3,2);
INSERT INTO BRAND(id,name) VALUES(267,'Alec Bradley American Sun Grown Blend');
INSERT INTO CIGAR(id,name,brand_id,country_id,strength_id) VALUES(532,'CHURCHILL',267,1,2);
INSERT INTO CIGAR(id,name,brand_id,country_id,strength_id) VALUES(533,'ESPECIAL NO. 3',49,3,4);
INSERT INTO CIGAR(id,name,brand_id,country_id,strength_id) VALUES(534,'LA LUNE',208,1,2);
INSERT INTO CIGAR(id,name,brand_id,country_id,strength_id) VALUES(535,'HERMOSO MADURO',237,1,2);
INSERT INTO CIGAR(id,name,brand_id,country_id,strength_id) VALUES(536,'ROBUSTO',247,3,1);
INSERT INTO CIGAR(id,name,brand_id,country_id,strength_id) VALUES(537,'TO',248,1,2);
INSERT INTO BRAND(id,name) VALUES(268,'E.P. Carrillo Short Run 2016');
INSERT INTO CIGAR(id,name,brand_id,country_id,strength_id) VALUES(538,'SUPER ROBUSTO',268,3,2);
INSERT INTO CIGAR(id,name,brand_id,country_id,strength_id) VALUES(539,'REGIOS',157,4,4);
INSERT INTO CIGAR(id,name,brand_id,country_id,strength_id) VALUES(540,'LC50',246,1,1);
INSERT INTO CIGAR(id,name,brand_id,country_id,strength_id) VALUES(541,'GRAN TORO',62,3,2);
INSERT INTO CIGAR(id,name,brand_id,country_id,strength_id) VALUES(542,'MMXIII',249,3,3);
INSERT INTO CIGAR(id,name,brand_id,country_id,strength_id) VALUES(543,'ROBUSTO',251,3,3);
INSERT INTO CIGAR(id,name,brand_id,country_id,strength_id) VALUES(544,'',253,1,2);
INSERT INTO CIGAR(id,name,brand_id,country_id,strength_id) VALUES(545,'SELECCIÓN SUPREMA',252,1,2);
INSERT INTO CIGAR(id,name,brand_id,country_id,strength_id) VALUES(546,'CORONA',76,1,2);
INSERT INTO CIGAR(id,name,brand_id,country_id,strength_id) VALUES(547,'TORO',250,3,2);
INSERT INTO BRAND(id,name) VALUES(269,'Perdomo 20th Anniversary Maduro');
INSERT INTO CIGAR(id,name,brand_id,country_id,strength_id) VALUES(548,'CHURCHILL',269,1,2);
INSERT INTO CIGAR(id,name,brand_id,country_id,strength_id) VALUES(549,'48X4 PRENSADO',174,2,3);
INSERT INTO BRAND(id,name) VALUES(270,'Oliva Serie G');
INSERT INTO CIGAR(id,name,brand_id,country_id,strength_id) VALUES(550,'CHURCHILL',270,1,2);
INSERT INTO CIGAR(id,name,brand_id,country_id,strength_id) VALUES(551,'TORO',216,3,3);
INSERT INTO BRAND(id,name) VALUES(271,'Kristoff Connecticut');
INSERT INTO CIGAR(id,name,brand_id,country_id,strength_id) VALUES(552,'CHURCHILL',271,3,4);
INSERT INTO CIGAR(id,name,brand_id,country_id,strength_id) VALUES(553,'BULLY',234,3,3);
INSERT INTO CIGAR(id,name,brand_id,country_id,strength_id) VALUES(554,'LE ELEGANCE',160,2,3);
INSERT INTO CIGAR(id,name,brand_id,country_id,strength_id) VALUES(555,'HAMPTON COURT',27,3,3);
INSERT INTO CIGAR(id,name,brand_id,country_id,strength_id) VALUES(556,'NO. 90',99,1,2);
INSERT INTO BRAND(id,name) VALUES(272,'Nub Connecticut');
INSERT INTO CIGAR(id,name,brand_id,country_id,strength_id) VALUES(557,'354',272,1,4);
INSERT INTO BRAND(id,name) VALUES(273,'Don Diego');
INSERT INTO CIGAR(id,name,brand_id,country_id,strength_id) VALUES(558,'CORONA',273,3,4);
INSERT INTO CIGAR(id,name,brand_id,country_id,strength_id) VALUES(559,'LONSDALE DELUXE',193,1,3);
INSERT INTO CIGAR(id,name,brand_id,country_id,strength_id) VALUES(560,'CHURCHILL',73,1,2);
INSERT INTO CIGAR(id,name,brand_id,country_id,strength_id) VALUES(561,'CHURCHILL',9,3,3);
INSERT INTO BRAND(id,name) VALUES(274,'Romeo y Julieta Vintage');
INSERT INTO CIGAR(id,name,brand_id,country_id,strength_id) VALUES(562,'VI',274,3,4);
INSERT INTO CIGAR(id,name,brand_id,country_id,strength_id) VALUES(563,'FIGURADO NO. 6',202,3,3);
INSERT INTO CIGAR(id,name,brand_id,country_id,strength_id) VALUES(564,'SHORT ROBUSTO',122,3,3);
INSERT INTO CIGAR(id,name,brand_id,country_id,strength_id) VALUES(565,'PELIGROSO',203,1,2);
INSERT INTO CIGAR(id,name,brand_id,country_id,strength_id) VALUES(566,'PICADORES',241,4,2);
INSERT INTO CIGAR(id,name,brand_id,country_id,strength_id) VALUES(567,'POCO GORDO',169,3,3);
INSERT INTO CIGAR(id,name,brand_id,country_id,strength_id) VALUES(568,'SELECCIÓN NO. 2',194,4,2);
INSERT INTO BRAND(id,name) VALUES(275,'Fernando León Family Reserve');
INSERT INTO CIGAR(id,name,brand_id,country_id,strength_id) VALUES(569,'FOUNDER''S CHOICE',275,3,3);
INSERT INTO BRAND(id,name) VALUES(276,'Dunhill Signed Range');
INSERT INTO CIGAR(id,name,brand_id,country_id,strength_id) VALUES(570,'CORONA',276,1,3);
INSERT INTO BRAND(id,name) VALUES(277,'El Rey del Mundo');
INSERT INTO CIGAR(id,name,brand_id,country_id,strength_id) VALUES(571,'DEMI TASSE',277,4,3);
INSERT INTO CIGAR(id,name,brand_id,country_id,strength_id) VALUES(572,'DE LUXE (TUBO)',37,4,2);
INSERT INTO CIGAR(id,name,brand_id,country_id,strength_id) VALUES(573,'CORONA GORDA',112,1,3);
INSERT INTO CIGAR(id,name,brand_id,country_id,strength_id) VALUES(574,'NO. 3',46,3,3);
INSERT INTO CIGAR(id,name,brand_id,country_id,strength_id) VALUES(575,'PETIT EDMUNDO',45,4,2);
INSERT INTO BRAND(id,name) VALUES(278,'Vegas Robaina');
INSERT INTO CIGAR(id,name,brand_id,country_id,strength_id) VALUES(576,'UNICO',278,4,3);
INSERT INTO CIGAR(id,name,brand_id,country_id,strength_id) VALUES(577,'SIGLO III',55,4,2);
INSERT INTO CIGAR(id,name,brand_id,country_id,strength_id) VALUES(578,'THAMES',58,3,3);
INSERT INTO CIGAR(id,name,brand_id,country_id,strength_id) VALUES(579,'CHURCHILL',40,1,3);
INSERT INTO CIGAR(id,name,brand_id,country_id,strength_id) VALUES(580,'MAGNUM 50 TUBO',105,4,3);
INSERT INTO CIGAR(id,name,brand_id,country_id,strength_id) VALUES(581,'REGIOS',90,6,2);
INSERT INTO CIGAR(id,name,brand_id,country_id,strength_id) VALUES(582,'NO. 3',45,4,2);
INSERT INTO BRAND(id,name) VALUES(279,'Undercrown');
INSERT INTO CIGAR(id,name,brand_id,country_id,strength_id) VALUES(583,'CORONA DOBLE',279,1,2);
INSERT INTO CIGAR(id,name,brand_id,country_id,strength_id) VALUES(584,'SHORT CHURCHILL',22,4,3);
INSERT INTO CIGAR(id,name,brand_id,country_id,strength_id) VALUES(585,'MAÑANITA',120,4,2);
INSERT INTO CIGAR(id,name,brand_id,country_id,strength_id) VALUES(586,'SERIE P NO. 2 (TUBO)',37,4,2);
INSERT INTO CIGAR(id,name,brand_id,country_id,strength_id) VALUES(587,'CHURCHILL',118,2,3);
INSERT INTO BRAND(id,name) VALUES(280,'Graycliff Crystal');
INSERT INTO COUNTRY(id,name) VALUES(8,'Bahamas');
INSERT INTO CIGAR(id,name,brand_id,country_id,strength_id) VALUES(588,'PRESIDENTE',280,8,3);
INSERT INTO CIGAR(id,name,brand_id,country_id,strength_id) VALUES(589,'TORO',141,3,3);
INSERT INTO CIGAR(id,name,brand_id,country_id,strength_id) VALUES(590,'PETIT ROBUSTO',221,6,3);
INSERT INTO BRAND(id,name) VALUES(281,'Ashton Virgin Sun Grown');
INSERT INTO CIGAR(id,name,brand_id,country_id,strength_id) VALUES(591,'SORCERER',281,3,2);
INSERT INTO BRAND(id,name) VALUES(282,'Nat Sherman Metropolitan Selection Habano');
INSERT INTO CIGAR(id,name,brand_id,country_id,strength_id) VALUES(592,'GORDO',282,1,3);
INSERT INTO CIGAR(id,name,brand_id,country_id,strength_id) VALUES(593,'SHORT ROBUSTO',282,1,2);
INSERT INTO CIGAR(id,name,brand_id,country_id,strength_id) VALUES(594,'ROBUSTO',282,1,2);
INSERT INTO CIGAR(id,name,brand_id,country_id,strength_id) VALUES(595,'ROBUSTO FINO',282,1,3);
INSERT INTO CIGAR(id,name,brand_id,country_id,strength_id) VALUES(596,'TORO',282,1,2);
INSERT INTO CIGAR(id,name,brand_id,country_id,strength_id) VALUES(597,'NO. 90',99,1,2);
INSERT INTO CIGAR(id,name,brand_id,country_id,strength_id) VALUES(598,'NO. 90 MADURO',99,1,1);
INSERT INTO BRAND(id,name) VALUES(283,'El Galan Reserva Especial');
INSERT INTO CIGAR(id,name,brand_id,country_id,strength_id) VALUES(599,'AIROSOS',283,1,2);
INSERT INTO CIGAR(id,name,brand_id,country_id,strength_id) VALUES(600,'APUESTOS',283,1,2);
INSERT INTO CIGAR(id,name,brand_id,country_id,strength_id) VALUES(601,'GALLARDOS',283,1,1);
INSERT INTO CIGAR(id,name,brand_id,country_id,strength_id) VALUES(602,'OBESOS',283,1,2);
INSERT INTO BRAND(id,name) VALUES(284,'Padilla Connecticut');
INSERT INTO CIGAR(id,name,brand_id,country_id,strength_id) VALUES(603,'SHORT ROBUSTO',284,2,4);
INSERT INTO BRAND(id,name) VALUES(285,'Fonseca Nicaragua');
INSERT INTO CIGAR(id,name,brand_id,country_id,strength_id) VALUES(604,'TORO',285,1,1);
INSERT INTO CIGAR(id,name,brand_id,country_id,strength_id) VALUES(605,'PETIT CORONA',285,1,3);
INSERT INTO CIGAR(id,name,brand_id,country_id,strength_id) VALUES(606,'ROBUSTO',285,1,2);
INSERT INTO BRAND(id,name) VALUES(286,'Midnight Express');
INSERT INTO CIGAR(id,name,brand_id,country_id,strength_id) VALUES(607,'CORONA',286,3,1);
INSERT INTO CIGAR(id,name,brand_id,country_id,strength_id) VALUES(608,'PIRAMIDE',286,3,1);
INSERT INTO CIGAR(id,name,brand_id,country_id,strength_id) VALUES(609,'ROBUSTO',286,3,1);
INSERT INTO CIGAR(id,name,brand_id,country_id,strength_id) VALUES(610,'TORO',286,3,1);
INSERT INTO CIGAR(id,name,brand_id,country_id,strength_id) VALUES(611,'SHORT CHURCHILL',22,4,3);
INSERT INTO CIGAR(id,name,brand_id,country_id,strength_id) VALUES(612,'CHURCHILL',22,4,4);
INSERT INTO CIGAR(id,name,brand_id,country_id,strength_id) VALUES(613,'PETIT CHURCHILL',22,4,2);
INSERT INTO CIGAR(id,name,brand_id,country_id,strength_id) VALUES(614,'NO. 2',45,4,2);
INSERT INTO CIGAR(id,name,brand_id,country_id,strength_id) VALUES(615,'NO. 1',45,4,2);
INSERT INTO BRAND(id,name) VALUES(287,'Bellas Artes');
INSERT INTO CIGAR(id,name,brand_id,country_id,strength_id) VALUES(616,'GORDO',287,1,2);
INSERT INTO CIGAR(id,name,brand_id,country_id,strength_id) VALUES(617,'ROBUSTO EXTRA',287,1,3);
INSERT INTO CIGAR(id,name,brand_id,country_id,strength_id) VALUES(618,'SHORT CHURCHILL',287,1,3);
INSERT INTO CIGAR(id,name,brand_id,country_id,strength_id) VALUES(619,'TORO',287,1,2);
INSERT INTO BRAND(id,name) VALUES(288,'Davidoff Yamasá');
INSERT INTO CIGAR(id,name,brand_id,country_id,strength_id) VALUES(620,'PIRAMIDES',288,3,2);
INSERT INTO CIGAR(id,name,brand_id,country_id,strength_id) VALUES(621,'ROBUSTO',288,3,1);
INSERT INTO CIGAR(id,name,brand_id,country_id,strength_id) VALUES(622,'TORO',288,3,3);
INSERT INTO CIGAR(id,name,brand_id,country_id,strength_id) VALUES(623,'PETIT CHURCHILL',288,3,2);
INSERT INTO CIGAR(id,name,brand_id,country_id,strength_id) VALUES(624,'NO. 3',45,4,2);
INSERT INTO CIGAR(id,name,brand_id,country_id,strength_id) VALUES(625,'NO. 4',45,4,3);
INSERT INTO CIGAR(id,name,brand_id,country_id,strength_id) VALUES(626,'NO. 5',45,4,3);
INSERT INTO BRAND(id,name) VALUES(289,'My Father Le Bijou 1922 Limited Edition 2016');
INSERT INTO CIGAR(id,name,brand_id,country_id,strength_id) VALUES(627,'TORO',289,1,1);
INSERT INTO BRAND(id,name) VALUES(290,'Aging Room Solera Dominican Sun Grown');
INSERT INTO CIGAR(id,name,brand_id,country_id,strength_id) VALUES(628,'FANFARE',290,3,2);
INSERT INTO CIGAR(id,name,brand_id,country_id,strength_id) VALUES(629,'FANTASTICO',290,3,2);
INSERT INTO CIGAR(id,name,brand_id,country_id,strength_id) VALUES(630,'FESTIVO',290,3,2);
INSERT INTO BRAND(id,name) VALUES(291,'Arturo Fuente Rosado Sungrown Magnum R');
INSERT INTO CIGAR(id,name,brand_id,country_id,strength_id) VALUES(631,'VITOLA "FIFTY-EIGHT"',291,3,2);
INSERT INTO CIGAR(id,name,brand_id,country_id,strength_id) VALUES(632,'VITOLA "FORTY-FOUR"',291,3,2);
INSERT INTO CIGAR(id,name,brand_id,country_id,strength_id) VALUES(633,'SUPER ''SIXTY"',291,3,1);
INSERT INTO CIGAR(id,name,brand_id,country_id,strength_id) VALUES(634,'VITOLA "FIFTY-TWO"',291,3,2);
INSERT INTO CIGAR(id,name,brand_id,country_id,strength_id) VALUES(635,'VITOLA "FIFTY-FOUR"',291,3,3);
INSERT INTO CIGAR(id,name,brand_id,country_id,strength_id) VALUES(636,'VITOLA "FIFTY-SIX"',291,3,3);
INSERT INTO CIGAR(id,name,brand_id,country_id,strength_id) VALUES(637,'80 ANIVERSARIO',45,4,2);
INSERT INTO BRAND(id,name) VALUES(292,'Matilde Quadrata');
INSERT INTO CIGAR(id,name,brand_id,country_id,strength_id) VALUES(638,'TORPEDO',292,3,1);
INSERT INTO CIGAR(id,name,brand_id,country_id,strength_id) VALUES(639,'TORO BRAVO',292,3,2);
INSERT INTO CIGAR(id,name,brand_id,country_id,strength_id) VALUES(640,'ROBUSTO',292,3,1);
INSERT INTO BRAND(id,name) VALUES(293,'La Palina Illumination');
INSERT INTO CIGAR(id,name,brand_id,country_id,strength_id) VALUES(641,'LANCERO',293,6,3);
INSERT INTO CIGAR(id,name,brand_id,country_id,strength_id) VALUES(642,'ROBUSTO',293,6,2);
INSERT INTO CIGAR(id,name,brand_id,country_id,strength_id) VALUES(643,'BELICOSO',293,6,2);
INSERT INTO CIGAR(id,name,brand_id,country_id,strength_id) VALUES(644,'COLONIAL',293,6,3);
INSERT INTO BRAND(id,name) VALUES(294,'Aging Room Pelo de Oro');
INSERT INTO CIGAR(id,name,brand_id,country_id,strength_id) VALUES(645,'SCHERZO',294,1,2);
INSERT INTO BRAND(id,name) VALUES(295,'La Flor Dominicana');
INSERT INTO CIGAR(id,name,brand_id,country_id,strength_id) VALUES(646,'ANDALUSIAN BULL',295,3,1);
INSERT INTO BRAND(id,name) VALUES(296,'Espinosa Habano');
INSERT INTO CIGAR(id,name,brand_id,country_id,strength_id) VALUES(647,'NO. 4',296,1,3);
INSERT INTO CIGAR(id,name,brand_id,country_id,strength_id) VALUES(648,'NO. 5',296,1,2);
INSERT INTO CIGAR(id,name,brand_id,country_id,strength_id) VALUES(649,'NO. 8',296,1,3);
INSERT INTO BRAND(id,name) VALUES(297,'Montecristo Pilotico Pepe Mendez');
INSERT INTO CIGAR(id,name,brand_id,country_id,strength_id) VALUES(650,'NO. 2',297,3,2);
INSERT INTO CIGAR(id,name,brand_id,country_id,strength_id) VALUES(651,'ROBUSTO',297,3,3);
INSERT INTO CIGAR(id,name,brand_id,country_id,strength_id) VALUES(652,'TORO',297,3,3);
INSERT INTO BRAND(id,name) VALUES(298,'La Galera Habano');
INSERT INTO CIGAR(id,name,brand_id,country_id,strength_id) VALUES(653,'EL LECTOR',298,3,1);
INSERT INTO CIGAR(id,name,brand_id,country_id,strength_id) VALUES(654,'PILONES',298,3,2);
INSERT INTO CIGAR(id,name,brand_id,country_id,strength_id) VALUES(655,'CABEZA DE CARACOL',298,3,1);
INSERT INTO CIGAR(id,name,brand_id,country_id,strength_id) VALUES(656,'CORTADOR',298,3,2);
INSERT INTO CIGAR(id,name,brand_id,country_id,strength_id) VALUES(657,'PERILLAS',298,3,2);
INSERT INTO CIGAR(id,name,brand_id,country_id,strength_id) VALUES(658,'BONCHERO',298,3,3);
INSERT INTO CIGAR(id,name,brand_id,country_id,strength_id) VALUES(659,'CHAVETA',298,3,3);
INSERT INTO CIGAR(id,name,brand_id,country_id,strength_id) VALUES(660,'CAPULETOS EDICIÓN LIMITADA 2016',22,4,2);
INSERT INTO BRAND(id,name) VALUES(299,'Illusione Garagiste');
INSERT INTO CIGAR(id,name,brand_id,country_id,strength_id) VALUES(661,'GORDO',299,1,3);
INSERT INTO CIGAR(id,name,brand_id,country_id,strength_id) VALUES(662,'ROBUSTO',299,1,2);
INSERT INTO CIGAR(id,name,brand_id,country_id,strength_id) VALUES(663,'SHORT ROBUSTO',299,1,2);
INSERT INTO CIGAR(id,name,brand_id,country_id,strength_id) VALUES(664,'TORO',299,1,3);
INSERT INTO BRAND(id,name) VALUES(300,'Joya Black');
INSERT INTO CIGAR(id,name,brand_id,country_id,strength_id) VALUES(665,'NOCTURNO',300,1,3);
INSERT INTO CIGAR(id,name,brand_id,country_id,strength_id) VALUES(666,'TORO',300,1,2);
INSERT INTO CIGAR(id,name,brand_id,country_id,strength_id) VALUES(667,'DOBLE ROBUSTO',300,1,2);
INSERT INTO CIGAR(id,name,brand_id,country_id,strength_id) VALUES(668,'ROBUSTO',300,1,2);
INSERT INTO BRAND(id,name) VALUES(301,'Partagas Ramon y Ramon');
INSERT INTO CIGAR(id,name,brand_id,country_id,strength_id) VALUES(669,'MAXIM GRANDE',301,3,3);
INSERT INTO CIGAR(id,name,brand_id,country_id,strength_id) VALUES(670,'ROBUSTO',301,3,3);
INSERT INTO CIGAR(id,name,brand_id,country_id,strength_id) VALUES(671,'FABULOSO',301,3,3);
INSERT INTO CIGAR(id,name,brand_id,country_id,strength_id) VALUES(672,'GIGANTE',301,3,2);
INSERT INTO CIGAR(id,name,brand_id,country_id,strength_id) VALUES(673,'DIVINE INSPIRATION',42,3,3);
INSERT INTO BRAND(id,name) VALUES(302,'My Father Connecticut');
INSERT INTO CIGAR(id,name,brand_id,country_id,strength_id) VALUES(674,'ROBUSTO',302,1,4);
INSERT INTO BRAND(id,name) VALUES(303,'Padilla Vintage Reserve');
INSERT INTO CIGAR(id,name,brand_id,country_id,strength_id) VALUES(675,'CHURCHILL',303,2,3);
INSERT INTO BRAND(id,name) VALUES(304,'Room 101 Daruma');
INSERT INTO CIGAR(id,name,brand_id,country_id,strength_id) VALUES(676,'SUCIO',304,2,2);
INSERT INTO CIGAR(id,name,brand_id,country_id,strength_id) VALUES(677,'CORONA GORDA',266,3,3);
INSERT INTO BRAND(id,name) VALUES(305,'Fuente Fuente OpusX Angel''s Share');
INSERT INTO CIGAR(id,name,brand_id,country_id,strength_id) VALUES(678,'E FUENTE',305,3,2);
INSERT INTO CIGAR(id,name,brand_id,country_id,strength_id) VALUES(679,'TORPEDO',124,1,2);
INSERT INTO BRAND(id,name) VALUES(306,'Romeo by Romeo y Julieta Aging Room Small Batch F25');
INSERT INTO CIGAR(id,name,brand_id,country_id,strength_id) VALUES(680,'CAPRICCIO',306,3,1);
INSERT INTO CIGAR(id,name,brand_id,country_id,strength_id) VALUES(681,'TORO',245,1,2);
INSERT INTO CIGAR(id,name,brand_id,country_id,strength_id) VALUES(682,'CHURCHILL',123,2,2);
INSERT INTO BRAND(id,name) VALUES(307,'La Gloria Cubana Serie R Maduro');
INSERT INTO CIGAR(id,name,brand_id,country_id,strength_id) VALUES(683,'NO. 4',307,3,2);
INSERT INTO CIGAR(id,name,brand_id,country_id,strength_id) VALUES(684,'BELICOSO',139,3,2);
INSERT INTO BRAND(id,name) VALUES(308,'Rocky Patel Vintage 2003');
INSERT INTO CIGAR(id,name,brand_id,country_id,strength_id) VALUES(685,'TORO',308,2,3);
INSERT INTO BRAND(id,name) VALUES(309,'Oliva Serie O Maduro');
INSERT INTO CIGAR(id,name,brand_id,country_id,strength_id) VALUES(686,'CHURCHILL',309,1,2);
INSERT INTO CIGAR(id,name,brand_id,country_id,strength_id) VALUES(687,'ROBUSTO',55,4,2);
INSERT INTO CIGAR(id,name,brand_id,country_id,strength_id) VALUES(688,'MAGNUS',83,2,2);
INSERT INTO CIGAR(id,name,brand_id,country_id,strength_id) VALUES(689,'TAPADO',120,4,3);
INSERT INTO COUNTRY(id,name) VALUES(9,'Domincan');
INSERT INTO CIGAR(id,name,brand_id,country_id,strength_id) VALUES(690,'6X60',271,9,5);
INSERT INTO BRAND(id,name) VALUES(310,'Henry Clay');
INSERT INTO CIGAR(id,name,brand_id,country_id,strength_id) VALUES(691,'BREVAS FINAS',310,3,4);
INSERT INTO BRAND(id,name) VALUES(311,'Sancho Panza');
INSERT INTO CIGAR(id,name,brand_id,country_id,strength_id) VALUES(692,'BELICOSO',311,4,3);
INSERT INTO BRAND(id,name) VALUES(312,'Joya de Nicaragua Cuatro Cinco Reserva Especial');
INSERT INTO CIGAR(id,name,brand_id,country_id,strength_id) VALUES(693,'TORPEDO',312,1,2);
INSERT INTO BRAND(id,name) VALUES(313,'El Rey Del Mundo');
INSERT INTO CIGAR(id,name,brand_id,country_id,strength_id) VALUES(694,'CHOIX SUPREME',313,4,3);
INSERT INTO BRAND(id,name) VALUES(314,'CLE Prieto');
INSERT INTO CIGAR(id,name,brand_id,country_id,strength_id) VALUES(695,'50X5',314,1,2);
INSERT INTO CIGAR(id,name,brand_id,country_id,strength_id) VALUES(696,'NO. 2',51,4,3);
INSERT INTO BRAND(id,name) VALUES(315,'1907 By Dunhill');
INSERT INTO CIGAR(id,name,brand_id,country_id,strength_id) VALUES(697,'CHURCHILL',315,3,3);
INSERT INTO CIGAR(id,name,brand_id,country_id,strength_id) VALUES(698,'SERIE D NO. 5',37,4,4);
INSERT INTO BRAND(id,name) VALUES(316,'Rocky Patel Vintage 1999 Connecticut');
INSERT INTO CIGAR(id,name,brand_id,country_id,strength_id) VALUES(699,'SIXTY',316,2,4);
INSERT INTO CIGAR(id,name,brand_id,country_id,strength_id) VALUES(700,'SPECIAL T',52,3,3);
INSERT INTO CIGAR(id,name,brand_id,country_id,strength_id) VALUES(701,'MEDIA CORONA',45,4,3);
INSERT INTO BRAND(id,name) VALUES(317,'Hoyo La Amistad');
INSERT INTO CIGAR(id,name,brand_id,country_id,strength_id) VALUES(702,'GIGANTE',317,1,3);
INSERT INTO BRAND(id,name) VALUES(318,'Inch Colorado by E.P. Carrillo');
INSERT INTO CIGAR(id,name,brand_id,country_id,strength_id) VALUES(703,'NO. 60',318,3,3);
INSERT INTO CIGAR(id,name,brand_id,country_id,strength_id) VALUES(704,'80 ANIVERSARIO',45,4,2);
INSERT INTO BRAND(id,name) VALUES(319,'Camacho Criollo');
INSERT INTO CIGAR(id,name,brand_id,country_id,strength_id) VALUES(705,'CHURCHILL',319,2,3);
INSERT INTO CIGAR(id,name,brand_id,country_id,strength_id) VALUES(706,'EXQUISITO',55,4,3);
INSERT INTO CIGAR(id,name,brand_id,country_id,strength_id) VALUES(707,'460',25,1,3);
INSERT INTO CIGAR(id,name,brand_id,country_id,strength_id) VALUES(708,'PETIT CHURCHILL',22,4,2);
INSERT INTO BRAND(id,name) VALUES(320,'Alec Bradley Nica Puro');
INSERT INTO CIGAR(id,name,brand_id,country_id,strength_id) VALUES(709,'BAJITO',320,1,3);
INSERT INTO BRAND(id,name) VALUES(321,'C.A.O. Brazilia');
INSERT INTO CIGAR(id,name,brand_id,country_id,strength_id) VALUES(710,'CORCOVADO',321,2,3);
INSERT INTO CIGAR(id,name,brand_id,country_id,strength_id) VALUES(711,'CHURCHILL NO. 2',217,3,3);
INSERT INTO CIGAR(id,name,brand_id,country_id,strength_id) VALUES(712,'GORDO',282,1,3);
INSERT INTO CIGAR(id,name,brand_id,country_id,strength_id) VALUES(713,'TORO',285,1,1);
INSERT INTO CIGAR(id,name,brand_id,country_id,strength_id) VALUES(714,'AIROSOS',283,1,2);
INSERT INTO CIGAR(id,name,brand_id,country_id,strength_id) VALUES(715,'CORONA',286,3,1);
INSERT INTO CIGAR(id,name,brand_id,country_id,strength_id) VALUES(716,'ROBUSTO EXTRA',287,1,3);
INSERT INTO CIGAR(id,name,brand_id,country_id,strength_id) VALUES(717,'PIRAMIDES',288,3,2);
INSERT INTO CIGAR(id,name,brand_id,country_id,strength_id) VALUES(718,'VITOLA "FIFTY-EIGHT"',291,3,2);
INSERT INTO CIGAR(id,name,brand_id,country_id,strength_id) VALUES(719,'TORPEDO',292,3,1);
INSERT INTO CIGAR(id,name,brand_id,country_id,strength_id) VALUES(720,'NO. 2',45,4,2);
INSERT INTO CIGAR(id,name,brand_id,country_id,strength_id) VALUES(721,'FESTIVO',290,3,2);
INSERT INTO CIGAR(id,name,brand_id,country_id,strength_id) VALUES(722,'CHURCHILL',226,1,3);
INSERT INTO BRAND(id,name) VALUES(322,'Foundry Time Flies');
INSERT INTO CIGAR(id,name,brand_id,country_id,strength_id) VALUES(723,'54725',322,1,2);
INSERT INTO CIGAR(id,name,brand_id,country_id,strength_id) VALUES(724,'CAPULETOS EDICIÓN LIMITADA 2016',22,4,2);
INSERT INTO BRAND(id,name) VALUES(323,'H. Upmann 1844 Reserve');
INSERT INTO CIGAR(id,name,brand_id,country_id,strength_id) VALUES(725,'CHURCHILL',323,3,3);
INSERT INTO BRAND(id,name) VALUES(324,'PDR 1878 Capa Sun Grown');
INSERT INTO CIGAR(id,name,brand_id,country_id,strength_id) VALUES(726,'DOUBLE MAGNUM',324,3,2);
INSERT INTO CIGAR(id,name,brand_id,country_id,strength_id) VALUES(727,'SIR WINSTON',105,4,3);
INSERT INTO BRAND(id,name) VALUES(325,'Guardian of the Farm');
INSERT INTO CIGAR(id,name,brand_id,country_id,strength_id) VALUES(728,'JJ',325,1,2);
INSERT INTO BRAND(id,name) VALUES(326,'La Aurora Preferidos 1903 Edicion Sapphire');
INSERT INTO CIGAR(id,name,brand_id,country_id,strength_id) VALUES(729,'PERFECTO',326,3,5);
INSERT INTO BRAND(id,name) VALUES(327,'L''Atelier Côte d''Or');
INSERT INTO CIGAR(id,name,brand_id,country_id,strength_id) VALUES(730,'016',327,1,2);
INSERT INTO CIGAR(id,name,brand_id,country_id,strength_id) VALUES(731,'ROBUSTO',299,1,2);
INSERT INTO CIGAR(id,name,brand_id,country_id,strength_id) VALUES(732,'NO. 35 MADURO',99,1,2);
INSERT INTO CIGAR(id,name,brand_id,country_id,strength_id) VALUES(733,'TORO (TUBO)',193,1,3);
INSERT INTO CIGAR(id,name,brand_id,country_id,strength_id) VALUES(734,'TORITO',57,1,2);
INSERT INTO BRAND(id,name) VALUES(328,'Tatuaje 10th Anniversary');
INSERT INTO CIGAR(id,name,brand_id,country_id,strength_id) VALUES(735,'BON CHASSEUR',328,1,2);
INSERT INTO BRAND(id,name) VALUES(329,'Hammer + Sickle Trademark Series Maduro');
INSERT INTO CIGAR(id,name,brand_id,country_id,strength_id) VALUES(736,'TORO',329,3,3);
INSERT INTO CIGAR(id,name,brand_id,country_id,strength_id) VALUES(737,'GORDITO',43,1,4);
INSERT INTO CIGAR(id,name,brand_id,country_id,strength_id) VALUES(738,'MIGHTY MIGHTY',38,1,2);
INSERT INTO BRAND(id,name) VALUES(330,'Punch Signature');
INSERT INTO CIGAR(id,name,brand_id,country_id,strength_id) VALUES(739,'GIGANTE',330,2,2);
INSERT INTO BRAND(id,name) VALUES(331,'H. Upmann Reserve Maduro');
INSERT INTO CIGAR(id,name,brand_id,country_id,strength_id) VALUES(740,'TITAN',331,2,3);
INSERT INTO CIGAR(id,name,brand_id,country_id,strength_id) VALUES(741,'CHURCHILL',71,3,5);
INSERT INTO CIGAR(id,name,brand_id,country_id,strength_id) VALUES(742,'BELLY',11,1,2);
INSERT INTO CIGAR(id,name,brand_id,country_id,strength_id) VALUES(743,'FABULOSO',26,3,3);
INSERT INTO CIGAR(id,name,brand_id,country_id,strength_id) VALUES(744,'NO. 5',93,3,3);
INSERT INTO CIGAR(id,name,brand_id,country_id,strength_id) VALUES(745,'ROBUSTO',293,6,2);
INSERT INTO CIGAR(id,name,brand_id,country_id,strength_id) VALUES(746,'GIGANTE',238,2,2);
INSERT INTO BRAND(id,name) VALUES(332,'Villiger San''Doro Claro');
INSERT INTO CIGAR(id,name,brand_id,country_id,strength_id) VALUES(747,'',332,1,5);
INSERT INTO BRAND(id,name) VALUES(333,'Asylum Premium');
INSERT INTO CIGAR(id,name,brand_id,country_id,strength_id) VALUES(748,'44X4',333,1,2);
INSERT INTO BRAND(id,name) VALUES(334,'Perdomo Small Batch Series Connecticut');
INSERT INTO CIGAR(id,name,brand_id,country_id,strength_id) VALUES(749,'HALF CORONA',334,1,4);
INSERT INTO CIGAR(id,name,brand_id,country_id,strength_id) VALUES(750,'SUPER LANCERO',127,3,2);
INSERT INTO CIGAR(id,name,brand_id,country_id,strength_id) VALUES(751,'NO. 4',296,1,3);
INSERT INTO CIGAR(id,name,brand_id,country_id,strength_id) VALUES(752,'NO. 2',297,3,2);
INSERT INTO CIGAR(id,name,brand_id,country_id,strength_id) VALUES(753,'PILONES',298,3,2);
INSERT INTO BRAND(id,name) VALUES(335,'Nat Cicco HHB Habano Gold');
INSERT INTO CIGAR(id,name,brand_id,country_id,strength_id) VALUES(754,'ROBUSTO',335,1,3);
INSERT INTO CIGAR(id,name,brand_id,country_id,strength_id) VALUES(755,'BELICOSO NO. 1',281,3,2);
INSERT INTO CIGAR(id,name,brand_id,country_id,strength_id) VALUES(756,'TORPEDO',232,3,2);
INSERT INTO CIGAR(id,name,brand_id,country_id,strength_id) VALUES(757,'ILLUSION',281,3,2);
INSERT INTO CIGAR(id,name,brand_id,country_id,strength_id) VALUES(758,'SORCERER',281,3,2);
INSERT INTO CIGAR(id,name,brand_id,country_id,strength_id) VALUES(759,'CORONA GORDA',281,3,3);
INSERT INTO CIGAR(id,name,brand_id,country_id,strength_id) VALUES(760,'ROBUSTO',335,1,3);
INSERT INTO CIGAR(id,name,brand_id,country_id,strength_id) VALUES(761,'CHURCHILL',335,1,2);
INSERT INTO CIGAR(id,name,brand_id,country_id,strength_id) VALUES(762,'TORO',335,1,3);
INSERT INTO CIGAR(id,name,brand_id,country_id,strength_id) VALUES(763,'TO',332,1,3);
INSERT INTO CIGAR(id,name,brand_id,country_id,strength_id) VALUES(764,'TITAN (TUBO)',123,2,2);
INSERT INTO CIGAR(id,name,brand_id,country_id,strength_id) VALUES(765,'NO. 4 LANCERO',35,1,2);
INSERT INTO CIGAR(id,name,brand_id,country_id,strength_id) VALUES(766,'BELICOSO',275,3,3);
INSERT INTO BRAND(id,name) VALUES(336,'Debonaire Maduro');
INSERT INTO CIGAR(id,name,brand_id,country_id,strength_id) VALUES(767,'FIRST DEGREE',336,3,3);
INSERT INTO CIGAR(id,name,brand_id,country_id,strength_id) VALUES(768,'6000 MADURO',50,1,2);
INSERT INTO CIGAR(id,name,brand_id,country_id,strength_id) VALUES(769,'ROBUSTO',9,3,3);
INSERT INTO BRAND(id,name) VALUES(337,'Camacho American Barrel-Aged');
INSERT INTO CIGAR(id,name,brand_id,country_id,strength_id) VALUES(770,'PERFECTO GORDO',337,3,2);
INSERT INTO CIGAR(id,name,brand_id,country_id,strength_id) VALUES(771,'DIVINOS',192,4,5);
INSERT INTO BRAND(id,name) VALUES(338,'Padilla Anniversary');
INSERT INTO CIGAR(id,name,brand_id,country_id,strength_id) VALUES(772,'TORPEDO',338,2,3);
INSERT INTO BRAND(id,name) VALUES(339,'Davidoff Signature');
INSERT INTO CIGAR(id,name,brand_id,country_id,strength_id) VALUES(773,'TORO',339,3,4);
INSERT INTO CIGAR(id,name,brand_id,country_id,strength_id) VALUES(774,'ROBUSTO',225,2,3);
INSERT INTO CIGAR(id,name,brand_id,country_id,strength_id) VALUES(775,'TORO',133,2,3);
INSERT INTO BRAND(id,name) VALUES(340,'C.A.O. Italia');
INSERT INTO CIGAR(id,name,brand_id,country_id,strength_id) VALUES(776,'CIAO',340,2,2);
INSERT INTO CIGAR(id,name,brand_id,country_id,strength_id) VALUES(777,'BELICOSO',323,3,3);
INSERT INTO CIGAR(id,name,brand_id,country_id,strength_id) VALUES(778,'N54',108,1,2);
INSERT INTO BRAND(id,name) VALUES(341,'Alec Bradley Tempus Maduro');
INSERT INTO CIGAR(id,name,brand_id,country_id,strength_id) VALUES(779,'MAGISTRI',341,2,2);
INSERT INTO CIGAR(id,name,brand_id,country_id,strength_id) VALUES(780,'CHURCHILL',86,3,3);
INSERT INTO CIGAR(id,name,brand_id,country_id,strength_id) VALUES(781,'L-40',91,1,2);
INSERT INTO BRAND(id,name) VALUES(342,'Herrera Esteli Miami');
INSERT INTO CIGAR(id,name,brand_id,country_id,strength_id) VALUES(782,'TORO',342,6,3);
INSERT INTO CIGAR(id,name,brand_id,country_id,strength_id) VALUES(783,'EPICURE ESPECIAL',60,4,3);
INSERT INTO BRAND(id,name) VALUES(343,'Kristoff Maduro');
INSERT INTO CIGAR(id,name,brand_id,country_id,strength_id) VALUES(784,'LANCERO',343,3,2);
INSERT INTO CIGAR(id,name,brand_id,country_id,strength_id) VALUES(785,'LANCERO',36,3,1);
INSERT INTO CIGAR(id,name,brand_id,country_id,strength_id) VALUES(786,'SPECIALLY SELECTED',74,4,2);
INSERT INTO BRAND(id,name) VALUES(344,'Rocky Patel Super Ligero');
INSERT INTO CIGAR(id,name,brand_id,country_id,strength_id) VALUES(787,'LANCERO',344,2,2);
INSERT INTO CIGAR(id,name,brand_id,country_id,strength_id) VALUES(788,'CHURCHILL MADURO',78,3,2);
INSERT INTO CIGAR(id,name,brand_id,country_id,strength_id) VALUES(789,'CHURCHILL',49,3,4);
INSERT INTO CIGAR(id,name,brand_id,country_id,strength_id) VALUES(790,'BELICOSO FINO',109,4,1);
INSERT INTO CIGAR(id,name,brand_id,country_id,strength_id) VALUES(791,'LANCERO',293,6,3);
INSERT INTO CIGAR(id,name,brand_id,country_id,strength_id) VALUES(792,'SCHERZO',294,1,2);
INSERT INTO CIGAR(id,name,brand_id,country_id,strength_id) VALUES(793,'NO. 5',296,1,2);
INSERT INTO CIGAR(id,name,brand_id,country_id,strength_id) VALUES(794,'SUPERIOR',129,1,3);
INSERT INTO CIGAR(id,name,brand_id,country_id,strength_id) VALUES(795,'ROBUSTO',297,3,3);
INSERT INTO CIGAR(id,name,brand_id,country_id,strength_id) VALUES(796,'NOCTURNO',300,1,3);
INSERT INTO CIGAR(id,name,brand_id,country_id,strength_id) VALUES(797,'TORO',299,1,3);
INSERT INTO CIGAR(id,name,brand_id,country_id,strength_id) VALUES(798,'MAXIM GRANDE',301,3,3);
INSERT INTO CIGAR(id,name,brand_id,country_id,strength_id) VALUES(799,'DIVINE INSPIRATION',42,3,3);
INSERT INTO CIGAR(id,name,brand_id,country_id,strength_id) VALUES(800,'BELICOSO NO. 1',281,3,2);
INSERT INTO CIGAR(id,name,brand_id,country_id,strength_id) VALUES(801,'HAVANA CAZADORES',90,6,3);
INSERT INTO CIGAR(id,name,brand_id,country_id,strength_id) VALUES(802,'CONNOSSIEUR A',105,4,2);
INSERT INTO BRAND(id,name) VALUES(345,'New World');
INSERT INTO CIGAR(id,name,brand_id,country_id,strength_id) VALUES(803,'ALMIRANTE',345,1,2);
INSERT INTO CIGAR(id,name,brand_id,country_id,strength_id) VALUES(804,'LONSDALE',168,1,5);
INSERT INTO CIGAR(id,name,brand_id,country_id,strength_id) VALUES(805,'CHURCHILL',157,2,3);
INSERT INTO CIGAR(id,name,brand_id,country_id,strength_id) VALUES(806,'LONSDALE',68,3,3);
INSERT INTO CIGAR(id,name,brand_id,country_id,strength_id) VALUES(807,'MAGNUM 54',105,4,3);
INSERT INTO BRAND(id,name) VALUES(346,'Rocky Patel Fifty-Five');
INSERT INTO CIGAR(id,name,brand_id,country_id,strength_id) VALUES(808,'ROBUSTO',346,1,2);
INSERT INTO CIGAR(id,name,brand_id,country_id,strength_id) VALUES(809,'ROBUSTO',317,1,2);
INSERT INTO BRAND(id,name) VALUES(347,'Edmundo Dantes');
INSERT INTO CIGAR(id,name,brand_id,country_id,strength_id) VALUES(810,'CONDE BELICOSO EXCLUSIVO MEXICO',347,4,3);
INSERT INTO CIGAR(id,name,brand_id,country_id,strength_id) VALUES(811,'LANCERO',40,1,2);
INSERT INTO CIGAR(id,name,brand_id,country_id,strength_id) VALUES(812,'TRIUMPH',92,1,3);
INSERT INTO BRAND(id,name) VALUES(348,'Four Kicks');
INSERT INTO CIGAR(id,name,brand_id,country_id,strength_id) VALUES(813,'SELECCIÓN NO. 5',348,3,3);
INSERT INTO BRAND(id,name) VALUES(349,'601 La Bomba');
INSERT INTO CIGAR(id,name,brand_id,country_id,strength_id) VALUES(814,'WARHEAD III',349,1,2);
INSERT INTO BRAND(id,name) VALUES(350,'7-20-4');
INSERT INTO CIGAR(id,name,brand_id,country_id,strength_id) VALUES(815,'CHURCHILL',350,2,3);
INSERT INTO CIGAR(id,name,brand_id,country_id,strength_id) VALUES(816,'TOPES EDICIÓN LIMITADA 2016',103,4,2);
INSERT INTO CIGAR(id,name,brand_id,country_id,strength_id) VALUES(817,'CHURCHILL',234,3,4);
INSERT INTO CIGAR(id,name,brand_id,country_id,strength_id) VALUES(818,'NO. 1',93,3,3);
INSERT INTO CIGAR(id,name,brand_id,country_id,strength_id) VALUES(819,'CAZADORES',22,4,2);
INSERT INTO BRAND(id,name) VALUES(351,'Ashton Aged Maduro');
INSERT INTO CIGAR(id,name,brand_id,country_id,strength_id) VALUES(820,'NO. 30',351,3,2);
INSERT INTO CIGAR(id,name,brand_id,country_id,strength_id) VALUES(821,'DOUBLE EDMUNDO',45,4,3);
INSERT INTO CIGAR(id,name,brand_id,country_id,strength_id) VALUES(822,'CHURCHILL',156,3,4);
INSERT INTO BRAND(id,name) VALUES(352,'E.P. Carrillo Dusk');
INSERT INTO CIGAR(id,name,brand_id,country_id,strength_id) VALUES(823,'ROBUSTO',352,3,2);
INSERT INTO CIGAR(id,name,brand_id,country_id,strength_id) VALUES(824,'ESPLENDIDO',55,4,2);
INSERT INTO CIGAR(id,name,brand_id,country_id,strength_id) VALUES(825,'LORDS',58,3,5);
INSERT INTO CIGAR(id,name,brand_id,country_id,strength_id) VALUES(826,'LONSDALE',72,1,3);
INSERT INTO CIGAR(id,name,brand_id,country_id,strength_id) VALUES(827,'V642 PISTON',135,1,2);
INSERT INTO CIGAR(id,name,brand_id,country_id,strength_id) VALUES(828,'FUNDADORES',103,4,3);
INSERT INTO CIGAR(id,name,brand_id,country_id,strength_id) VALUES(829,'ROBUSTO',63,1,2);
INSERT INTO BRAND(id,name) VALUES(353,'Casa Magna Oscuro');
INSERT INTO CIGAR(id,name,brand_id,country_id,strength_id) VALUES(830,'CHURCHILL GORDO',353,2,2);
INSERT INTO BRAND(id,name) VALUES(354,'Fonseca Vintage');
INSERT INTO CIGAR(id,name,brand_id,country_id,strength_id) VALUES(831,'LONSDALE (TUBO)',354,3,5);
INSERT INTO CIGAR(id,name,brand_id,country_id,strength_id) VALUES(832,'CHURCHILL',179,3,2);
INSERT INTO CIGAR(id,name,brand_id,country_id,strength_id) VALUES(833,'LANCERO',33,1,3);
INSERT INTO CIGAR(id,name,brand_id,country_id,strength_id) VALUES(834,'LONSDALE',273,3,4);
INSERT INTO CIGAR(id,name,brand_id,country_id,strength_id) VALUES(835,'NO. II',167,2,4);
INSERT INTO BRAND(id,name) VALUES(355,'The Tabernacle');
INSERT INTO CIGAR(id,name,brand_id,country_id,strength_id) VALUES(836,'LANCERO',355,1,2);
INSERT INTO BRAND(id,name) VALUES(356,'E.P. Carrillo Maduro');
INSERT INTO CIGAR(id,name,brand_id,country_id,strength_id) VALUES(837,'CHURCHILL ESPECIAL',356,3,3);
INSERT INTO CIGAR(id,name,brand_id,country_id,strength_id) VALUES(838,'D MINOR',70,3,2);
INSERT INTO BRAND(id,name) VALUES(357,'PDR 1878 Cubano Especial Capa Maduro');
INSERT INTO CIGAR(id,name,brand_id,country_id,strength_id) VALUES(839,'ROBUSTO',357,3,3);
INSERT INTO CIGAR(id,name,brand_id,country_id,strength_id) VALUES(840,'1979',265,1,2);
INSERT INTO CIGAR(id,name,brand_id,country_id,strength_id) VALUES(841,'ROBUSTO',317,1,2);
INSERT INTO CIGAR(id,name,brand_id,country_id,strength_id) VALUES(842,'TORO',317,1,2);
INSERT INTO CIGAR(id,name,brand_id,country_id,strength_id) VALUES(843,'ROTHSCHILD',317,1,2);
INSERT INTO CIGAR(id,name,brand_id,country_id,strength_id) VALUES(844,'CONDE BELICOSO EXCLUSIVO MEXICO',347,4,3);
INSERT INTO CIGAR(id,name,brand_id,country_id,strength_id) VALUES(845,'TORPEDO',124,1,2);
INSERT INTO CIGAR(id,name,brand_id,country_id,strength_id) VALUES(846,'ROBUSTO',346,1,2);
INSERT INTO CIGAR(id,name,brand_id,country_id,strength_id) VALUES(847,'CORONA',346,1,3);
INSERT INTO CIGAR(id,name,brand_id,country_id,strength_id) VALUES(848,'TITAN',346,1,2);
INSERT INTO CIGAR(id,name,brand_id,country_id,strength_id) VALUES(849,'TORO',346,1,3);
INSERT INTO CIGAR(id,name,brand_id,country_id,strength_id) VALUES(850,'NOELLAS',90,6,2);
INSERT INTO CIGAR(id,name,brand_id,country_id,strength_id) VALUES(851,'HAVANA CAZADORES',90,6,3);
INSERT INTO CIGAR(id,name,brand_id,country_id,strength_id) VALUES(852,'TAINOS',90,6,2);
INSERT INTO CIGAR(id,name,brand_id,country_id,strength_id) VALUES(853,'REGIOS',90,6,2);
INSERT INTO BRAND(id,name) VALUES(358,'Casa Magna Jalapa Claro');
INSERT INTO CIGAR(id,name,brand_id,country_id,strength_id) VALUES(854,'GRAN TORO',358,1,3);
INSERT INTO CIGAR(id,name,brand_id,country_id,strength_id) VALUES(855,'ROBUSTO',358,1,3);
INSERT INTO CIGAR(id,name,brand_id,country_id,strength_id) VALUES(856,'TORO BOX PRESS',358,1,4);
INSERT INTO BRAND(id,name) VALUES(359,'Plasencia Alma Fuerte');
INSERT INTO CIGAR(id,name,brand_id,country_id,strength_id) VALUES(857,'GENERACION V',359,1,2);
INSERT INTO CIGAR(id,name,brand_id,country_id,strength_id) VALUES(858,'NESTOR IV',359,1,2);
INSERT INTO CIGAR(id,name,brand_id,country_id,strength_id) VALUES(859,'SIXTO II',359,1,2);
INSERT INTO BRAND(id,name) VALUES(360,'San Cristobal Quintessence');
INSERT INTO CIGAR(id,name,brand_id,country_id,strength_id) VALUES(860,'MAJESTIC',360,1,3);
INSERT INTO CIGAR(id,name,brand_id,country_id,strength_id) VALUES(861,'ROBUSTO',360,1,3);
INSERT INTO CIGAR(id,name,brand_id,country_id,strength_id) VALUES(862,'BELICOSO',360,1,2);
INSERT INTO CIGAR(id,name,brand_id,country_id,strength_id) VALUES(863,'EPICURE',360,1,2);
INSERT INTO BRAND(id,name) VALUES(361,'Gaaja');
INSERT INTO CIGAR(id,name,brand_id,country_id,strength_id) VALUES(864,'TORO',361,7,4);
INSERT INTO CIGAR(id,name,brand_id,country_id,strength_id) VALUES(865,'TOPES EDICIÓN LIMITADA 2016',103,4,2);
INSERT INTO CIGAR(id,name,brand_id,country_id,strength_id) VALUES(866,'ANDALUSIAN BULL',295,3,1);
INSERT INTO CIGAR(id,name,brand_id,country_id,strength_id) VALUES(867,'ROBUSTO',31,1,1);
INSERT INTO CIGAR(id,name,brand_id,country_id,strength_id) VALUES(868,'SERIE E NO. 2',37,4,2);
INSERT INTO CIGAR(id,name,brand_id,country_id,strength_id) VALUES(869,'PIRAMIDES ROYAL',173,3,2);
INSERT INTO CIGAR(id,name,brand_id,country_id,strength_id) VALUES(870,'NO. 90',99,1,2);
INSERT INTO CIGAR(id,name,brand_id,country_id,strength_id) VALUES(871,'VITOLA "FORTY-FOUR"',291,3,2);
INSERT INTO CIGAR(id,name,brand_id,country_id,strength_id) VALUES(872,'ROBUSTO GRANDE',72,1,3);
INSERT INTO BRAND(id,name) VALUES(362,'Oliva Serie V Melanio');
INSERT INTO CIGAR(id,name,brand_id,country_id,strength_id) VALUES(873,'ROBUSTO',362,1,3);
INSERT INTO CIGAR(id,name,brand_id,country_id,strength_id) VALUES(874,'EPICURE NO. 2',60,4,3);
INSERT INTO CIGAR(id,name,brand_id,country_id,strength_id) VALUES(875,'SANTA RITA',159,2,3);
INSERT INTO BRAND(id,name) VALUES(363,'Casa Fernandez Miami Aganorsa Leaf Maduro');
INSERT INTO CIGAR(id,name,brand_id,country_id,strength_id) VALUES(876,'ROBUSTO EXTRA',363,6,2);
INSERT INTO CIGAR(id,name,brand_id,country_id,strength_id) VALUES(877,'ROBUSTO',29,5,2);
INSERT INTO BRAND(id,name) VALUES(364,'Aging Room Small Batch M356ii');
INSERT INTO CIGAR(id,name,brand_id,country_id,strength_id) VALUES(878,'MEZZO',364,3,2);
INSERT INTO CIGAR(id,name,brand_id,country_id,strength_id) VALUES(879,'ANTHROPOLOGY',1,1,1);
INSERT INTO CIGAR(id,name,brand_id,country_id,strength_id) VALUES(880,'TORO BOX PRESSED',18,1,2);
INSERT INTO CIGAR(id,name,brand_id,country_id,strength_id) VALUES(881,'CORONA LARGA',38,1,2);
INSERT INTO CIGAR(id,name,brand_id,country_id,strength_id) VALUES(882,'PETIT LANCERO',32,2,2);
INSERT INTO CIGAR(id,name,brand_id,country_id,strength_id) VALUES(883,'SIGLO VI (TUBO)',55,4,3);
INSERT INTO CIGAR(id,name,brand_id,country_id,strength_id) VALUES(884,'CHURCHILL',19,1,2);
INSERT INTO CIGAR(id,name,brand_id,country_id,strength_id) VALUES(885,'TO',248,1,2);
INSERT INTO CIGAR(id,name,brand_id,country_id,strength_id) VALUES(886,'TORO',130,3,2);
INSERT INTO CIGAR(id,name,brand_id,country_id,strength_id) VALUES(887,'DOBLE CINCO',42,3,3);
INSERT INTO CIGAR(id,name,brand_id,country_id,strength_id) VALUES(888,'MK',100,1,2);
INSERT INTO CIGAR(id,name,brand_id,country_id,strength_id) VALUES(889,'CORONA GORDA',2,1,2);
INSERT INTO BRAND(id,name) VALUES(365,'Brick House Maduro');
INSERT INTO CIGAR(id,name,brand_id,country_id,strength_id) VALUES(890,'TORO',365,1,2);
INSERT INTO BRAND(id,name) VALUES(366,'The Edge Maduro');
INSERT INTO CIGAR(id,name,brand_id,country_id,strength_id) VALUES(891,'MISSILE',366,2,2);
INSERT INTO BRAND(id,name) VALUES(367,'E.P. Carrillo Core Plus');
INSERT INTO CIGAR(id,name,brand_id,country_id,strength_id) VALUES(892,'CHURCHILL ESPECIAL NO. 7',367,3,3);
INSERT INTO CIGAR(id,name,brand_id,country_id,strength_id) VALUES(893,'BELICOSO NO. 2',200,3,2);
INSERT INTO CIGAR(id,name,brand_id,country_id,strength_id) VALUES(894,'CHURCHILL',28,3,3);
INSERT INTO BRAND(id,name) VALUES(368,'Kristoff Cameroon');
INSERT INTO CIGAR(id,name,brand_id,country_id,strength_id) VALUES(895,'CHURCHILL',368,3,3);
INSERT INTO CIGAR(id,name,brand_id,country_id,strength_id) VALUES(896,'TORO OSCURO (TUBO)',140,1,3);
INSERT INTO BRAND(id,name) VALUES(369,'Quesada Selección España');
INSERT INTO CIGAR(id,name,brand_id,country_id,strength_id) VALUES(897,'CORONA',369,3,3);
INSERT INTO BRAND(id,name) VALUES(370,'Matilde Serena');
INSERT INTO CIGAR(id,name,brand_id,country_id,strength_id) VALUES(898,'CORONA',370,3,5);
INSERT INTO CIGAR(id,name,brand_id,country_id,strength_id) VALUES(899,'EMINENTES EXCLUSIVO SUIZA',194,4,3);
INSERT INTO BRAND(id,name) VALUES(371,'La Flor Dominicana Reserva Especial');
INSERT INTO CIGAR(id,name,brand_id,country_id,strength_id) VALUES(900,'FIGURADO',371,3,2);
INSERT INTO CIGAR(id,name,brand_id,country_id,strength_id) VALUES(901,'ROBUSTO',284,2,4);
INSERT INTO CIGAR(id,name,brand_id,country_id,strength_id) VALUES(902,'ENCHANTMENT',281,3,2);
INSERT INTO CIGAR(id,name,brand_id,country_id,strength_id) VALUES(903,'PETIT LANCERO',215,3,1);
INSERT INTO CIGAR(id,name,brand_id,country_id,strength_id) VALUES(904,'NO. 34',16,1,4);
INSERT INTO CIGAR(id,name,brand_id,country_id,strength_id) VALUES(905,'CORONA',127,3,3);
INSERT INTO CIGAR(id,name,brand_id,country_id,strength_id) VALUES(906,'ELEGANTES',60,4,3);
INSERT INTO CIGAR(id,name,brand_id,country_id,strength_id) VALUES(907,'ESPECIAL NO. 3',71,3,4);
INSERT INTO CIGAR(id,name,brand_id,country_id,strength_id) VALUES(908,'660',222,1,2);
INSERT INTO CIGAR(id,name,brand_id,country_id,strength_id) VALUES(909,'TORO',317,1,2);
INSERT INTO CIGAR(id,name,brand_id,country_id,strength_id) VALUES(910,'GRAN TORO',358,1,3);
INSERT INTO CIGAR(id,name,brand_id,country_id,strength_id) VALUES(911,'GENERACION V',359,1,2);
INSERT INTO CIGAR(id,name,brand_id,country_id,strength_id) VALUES(912,'MAJESTIC',360,1,3);
INSERT INTO BRAND(id,name) VALUES(372,'Romeo y Julieta Rare 11 Years Old');
INSERT INTO CIGAR(id,name,brand_id,country_id,strength_id) VALUES(913,'TORO',372,2,2);
INSERT INTO CIGAR(id,name,brand_id,country_id,strength_id) VALUES(914,'TORO',361,7,4);
INSERT INTO BRAND(id,name) VALUES(373,'My Father The Judge');
INSERT INTO CIGAR(id,name,brand_id,country_id,strength_id) VALUES(915,'GRAND ROBUSTO',373,1,2);
INSERT INTO BRAND(id,name) VALUES(374,'Oliveros All Stars Small Batch Duet No. 5');
INSERT INTO CIGAR(id,name,brand_id,country_id,strength_id) VALUES(916,'ARIA',374,3,1);
INSERT INTO BRAND(id,name) VALUES(375,'Villiger 1888');
INSERT INTO CIGAR(id,name,brand_id,country_id,strength_id) VALUES(917,'CORONA',375,3,3);
INSERT INTO BRAND(id,name) VALUES(376,'La Palina El Año 1896 Oscuro');
INSERT INTO CIGAR(id,name,brand_id,country_id,strength_id) VALUES(918,'BELICOSO',376,3,3);
INSERT INTO BRAND(id,name) VALUES(377,'Gurkha Cellar Reserve 21 Year');
INSERT INTO CIGAR(id,name,brand_id,country_id,strength_id) VALUES(919,'KRAKEN',377,3,4);
INSERT INTO BRAND(id,name) VALUES(378,'Espinosa Alpha Dawg');
INSERT INTO CIGAR(id,name,brand_id,country_id,strength_id) VALUES(920,'CORONA GORDA',378,1,3);
INSERT INTO BRAND(id,name) VALUES(379,'Montecristo Artisan Series Batch 1');
INSERT INTO CIGAR(id,name,brand_id,country_id,strength_id) VALUES(921,'TORO',379,3,2);
INSERT INTO CIGAR(id,name,brand_id,country_id,strength_id) VALUES(922,'SERIE D NO. 4',37,4,3);
INSERT INTO CIGAR(id,name,brand_id,country_id,strength_id) VALUES(923,'660',223,3,3);
INSERT INTO BRAND(id,name) VALUES(380,'Patoro Gran Añejo Reserva');
INSERT INTO CIGAR(id,name,brand_id,country_id,strength_id) VALUES(924,'NO. 4 TORO',380,3,2);
INSERT INTO CIGAR(id,name,brand_id,country_id,strength_id) VALUES(925,'888',100,1,2);
INSERT INTO BRAND(id,name) VALUES(381,'Oliva Serie V Melanio Maduro');
INSERT INTO CIGAR(id,name,brand_id,country_id,strength_id) VALUES(926,'CHURCHILL',381,1,2);
INSERT INTO CIGAR(id,name,brand_id,country_id,strength_id) VALUES(927,'CORONA MAJOR',105,4,3);
INSERT INTO CIGAR(id,name,brand_id,country_id,strength_id) VALUES(928,'5X60',165,1,2);
INSERT INTO CIGAR(id,name,brand_id,country_id,strength_id) VALUES(929,'DIADEMA',57,1,2);
INSERT INTO CIGAR(id,name,brand_id,country_id,strength_id) VALUES(930,'BALA',76,1,2);
INSERT INTO BRAND(id,name) VALUES(382,'The Last Tsar');
INSERT INTO CIGAR(id,name,brand_id,country_id,strength_id) VALUES(931,'CHURCHILL',382,3,3);
INSERT INTO CIGAR(id,name,brand_id,country_id,strength_id) VALUES(932,'ROBUSTO GRANDE',40,1,3);
INSERT INTO CIGAR(id,name,brand_id,country_id,strength_id) VALUES(933,'NO. 2',105,4,2);
INSERT INTO CIGAR(id,name,brand_id,country_id,strength_id) VALUES(934,'GORDO',143,2,3);
INSERT INTO CIGAR(id,name,brand_id,country_id,strength_id) VALUES(935,'60X6',314,1,2);
INSERT INTO BRAND(id,name) VALUES(383,'El Triunfador');
INSERT INTO CIGAR(id,name,brand_id,country_id,strength_id) VALUES(936,'NO. 4',383,1,3);
INSERT INTO CIGAR(id,name,brand_id,country_id,strength_id) VALUES(937,'CUBAN CORONA',86,3,3);
INSERT INTO BRAND(id,name) VALUES(384,'La Palina Red Label');
INSERT INTO CIGAR(id,name,brand_id,country_id,strength_id) VALUES(938,'PETIT LANCERO',384,3,2);
INSERT INTO CIGAR(id,name,brand_id,country_id,strength_id) VALUES(939,'COLONIALES',103,4,3);
INSERT INTO BRAND(id,name) VALUES(385,'Camacho Triple Maduro');
INSERT INTO CIGAR(id,name,brand_id,country_id,strength_id) VALUES(940,'CORONA',385,2,2);
INSERT INTO CIGAR(id,name,brand_id,country_id,strength_id) VALUES(941,'CORONA',110,3,3);
INSERT INTO CIGAR(id,name,brand_id,country_id,strength_id) VALUES(942,'ROMEO NO. 1',22,4,3);
INSERT INTO CIGAR(id,name,brand_id,country_id,strength_id) VALUES(943,'CHURCHILL',320,1,3);
INSERT INTO BRAND(id,name) VALUES(386,'A. Flores 1975 Serie Privada Capa Maduro');
INSERT INTO CIGAR(id,name,brand_id,country_id,strength_id) VALUES(944,'SP 58',386,3,3);
INSERT INTO BRAND(id,name) VALUES(387,'La Aurora 100 Años');
INSERT INTO CIGAR(id,name,brand_id,country_id,strength_id) VALUES(945,'CHURCHILL',387,3,2);
INSERT INTO BRAND(id,name) VALUES(388,'Davidoff 702 Series');
INSERT INTO CIGAR(id,name,brand_id,country_id,strength_id) VALUES(946,'ANIVERSARIO SPECIAL R',388,3,3);
INSERT INTO BRAND(id,name) VALUES(389,'Montecristo Platinum');
INSERT INTO CIGAR(id,name,brand_id,country_id,strength_id) VALUES(947,'ROBUSTO',389,3,3);
INSERT INTO CIGAR(id,name,brand_id,country_id,strength_id) VALUES(948,'EPICURE',101,2,3);
INSERT INTO CIGAR(id,name,brand_id,country_id,strength_id) VALUES(949,'SHORT CORONA GORDA',193,1,3);
INSERT INTO CIGAR(id,name,brand_id,country_id,strength_id) VALUES(950,'FAMOSO',278,4,3);
INSERT INTO CIGAR(id,name,brand_id,country_id,strength_id) VALUES(951,'MAESTOSO',239,3,4);
INSERT INTO CIGAR(id,name,brand_id,country_id,strength_id) VALUES(952,'CHURCHILL',238,2,2);
INSERT INTO CIGAR(id,name,brand_id,country_id,strength_id) VALUES(953,'OSCURO NATURAL ESPECIALE',36,3,1);
INSERT INTO CIGAR(id,name,brand_id,country_id,strength_id) VALUES(954,'PETIT NO. 2',45,4,3);
INSERT INTO CIGAR(id,name,brand_id,country_id,strength_id) VALUES(955,'GIGANTE',169,3,3);
INSERT INTO CIGAR(id,name,brand_id,country_id,strength_id) VALUES(956,'GIGANTE',322,1,2);
INSERT INTO CIGAR(id,name,brand_id,country_id,strength_id) VALUES(957,'7000',50,1,2);
INSERT INTO BRAND(id,name) VALUES(390,'Romeo Añejo by Romeo y Julieta');
INSERT INTO CIGAR(id,name,brand_id,country_id,strength_id) VALUES(958,'ROBUSTO',390,3,1);
INSERT INTO CIGAR(id,name,brand_id,country_id,strength_id) VALUES(959,'ROYAL CORONA',109,4,3);
INSERT INTO CIGAR(id,name,brand_id,country_id,strength_id) VALUES(960,'JULIETA',82,1,3);
INSERT INTO CIGAR(id,name,brand_id,country_id,strength_id) VALUES(961,'NO. 62',318,3,3);
INSERT INTO BRAND(id,name) VALUES(391,'La Antiguedad');
INSERT INTO CIGAR(id,name,brand_id,country_id,strength_id) VALUES(962,'SUPER TORO',391,1,2);
INSERT INTO CIGAR(id,name,brand_id,country_id,strength_id) VALUES(963,'PUNCH',125,4,2);
INSERT INTO BRAND(id,name) VALUES(392,'Last Call Maduro by AJ Fernandez');
INSERT INTO CIGAR(id,name,brand_id,country_id,strength_id) VALUES(964,'PEQUEÑAS',392,1,2);
INSERT INTO CIGAR(id,name,brand_id,country_id,strength_id) VALUES(965,'CORONA',54,3,2);
INSERT INTO CIGAR(id,name,brand_id,country_id,strength_id) VALUES(966,'SIGLO IV',55,4,3);
INSERT INTO CIGAR(id,name,brand_id,country_id,strength_id) VALUES(967,'ROBUSTO',171,3,3);
INSERT INTO CIGAR(id,name,brand_id,country_id,strength_id) VALUES(968,'HAMPTON COURT',58,3,5);
INSERT INTO CIGAR(id,name,brand_id,country_id,strength_id) VALUES(969,'APOLLO SELECCIÓN DE WARPED',325,1,3);
INSERT INTO CIGAR(id,name,brand_id,country_id,strength_id) VALUES(970,'GRAND ROBUSTO',373,1,2);
INSERT INTO CIGAR(id,name,brand_id,country_id,strength_id) VALUES(971,'TORO',373,1,2);
INSERT INTO CIGAR(id,name,brand_id,country_id,strength_id) VALUES(972,'ARIA',374,3,1);
INSERT INTO CIGAR(id,name,brand_id,country_id,strength_id) VALUES(973,'CHORD',374,3,2);
INSERT INTO CIGAR(id,name,brand_id,country_id,strength_id) VALUES(974,'FUGUE',374,3,3);
INSERT INTO CIGAR(id,name,brand_id,country_id,strength_id) VALUES(975,'BASSO',374,3,2);
INSERT INTO CIGAR(id,name,brand_id,country_id,strength_id) VALUES(976,'CORONA',375,3,3);
INSERT INTO CIGAR(id,name,brand_id,country_id,strength_id) VALUES(977,'TORO',375,3,4);
INSERT INTO CIGAR(id,name,brand_id,country_id,strength_id) VALUES(978,'ROBUSTO',375,3,4);
INSERT INTO CIGAR(id,name,brand_id,country_id,strength_id) VALUES(979,'TORO GORDO',375,3,4);
INSERT INTO CIGAR(id,name,brand_id,country_id,strength_id) VALUES(980,'TORPEDO',375,3,3);
INSERT INTO CIGAR(id,name,brand_id,country_id,strength_id) VALUES(981,'MAGNUM 54',105,4,3);
INSERT INTO CIGAR(id,name,brand_id,country_id,strength_id) VALUES(982,'TORO',372,2,2);
INSERT INTO CIGAR(id,name,brand_id,country_id,strength_id) VALUES(983,'KRAKEN',377,3,4);
INSERT INTO CIGAR(id,name,brand_id,country_id,strength_id) VALUES(984,'HEDONISM',377,3,5);
INSERT INTO CIGAR(id,name,brand_id,country_id,strength_id) VALUES(985,'BELICOSO',376,3,3);
INSERT INTO CIGAR(id,name,brand_id,country_id,strength_id) VALUES(986,'TORO',376,3,3);
INSERT INTO CIGAR(id,name,brand_id,country_id,strength_id) VALUES(987,'ROBUSTO',376,3,2);
INSERT INTO CIGAR(id,name,brand_id,country_id,strength_id) VALUES(988,'CORONA GORDA',378,1,3);
INSERT INTO CIGAR(id,name,brand_id,country_id,strength_id) VALUES(989,'SHORT CHURCHILL',378,1,4);
INSERT INTO CIGAR(id,name,brand_id,country_id,strength_id) VALUES(990,'ROBUSTO',378,1,3);
INSERT INTO BRAND(id,name) VALUES(393,'CAO');
INSERT INTO CIGAR(id,name,brand_id,country_id,strength_id) VALUES(991,'AMAZON BASIN',393,1,2);
INSERT INTO CIGAR(id,name,brand_id,country_id,strength_id) VALUES(992,'TORO',379,3,2);
INSERT INTO CIGAR(id,name,brand_id,country_id,strength_id) VALUES(993,'LANCERO',355,1,2);
INSERT INTO CIGAR(id,name,brand_id,country_id,strength_id) VALUES(994,'CORONA',355,1,2);
INSERT INTO CIGAR(id,name,brand_id,country_id,strength_id) VALUES(995,'TORO',355,1,1);
INSERT INTO CIGAR(id,name,brand_id,country_id,strength_id) VALUES(996,'TORPEDO',355,1,2);
INSERT INTO CIGAR(id,name,brand_id,country_id,strength_id) VALUES(997,'ROBUSTO',355,1,1);
INSERT INTO CIGAR(id,name,brand_id,country_id,strength_id) VALUES(998,'DOBLE CORONA',355,1,3);
INSERT INTO CIGAR(id,name,brand_id,country_id,strength_id) VALUES(999,'PATAGÓN EXCLUSIVO CONO SUR',74,4,2);
INSERT INTO CIGAR(id,name,brand_id,country_id,strength_id) VALUES(1000,'NO. 4',213,1,3);
INSERT INTO CIGAR(id,name,brand_id,country_id,strength_id) VALUES(1001,'PIKITO',57,1,2);
INSERT INTO CIGAR(id,name,brand_id,country_id,strength_id) VALUES(1002,'PETIT CORONA',58,3,5);
INSERT INTO CIGAR(id,name,brand_id,country_id,strength_id) VALUES(1003,'PETIT CORONA MADURO',86,3,3);
INSERT INTO CIGAR(id,name,brand_id,country_id,strength_id) VALUES(1004,'KB',84,2,1);
INSERT INTO CIGAR(id,name,brand_id,country_id,strength_id) VALUES(1005,'PRESTIGE',139,3,2);
INSERT INTO CIGAR(id,name,brand_id,country_id,strength_id) VALUES(1006,'TRÉS MYSTIQUE',281,3,2);
INSERT INTO CIGAR(id,name,brand_id,country_id,strength_id) VALUES(1007,'FIGURADO',303,2,3);
INSERT INTO CIGAR(id,name,brand_id,country_id,strength_id) VALUES(1008,'REYES',103,4,3);
INSERT INTO BRAND(id,name) VALUES(394,'Illusione Haut 10');
INSERT INTO CIGAR(id,name,brand_id,country_id,strength_id) VALUES(1009,'ROBUSTO EXTRA',394,1,3);
INSERT INTO BRAND(id,name) VALUES(395,'J. Fuego 777 Maduro Silver');
INSERT INTO CIGAR(id,name,brand_id,country_id,strength_id) VALUES(1010,'CORONA GORDA',395,1,2);
INSERT INTO CIGAR(id,name,brand_id,country_id,strength_id) VALUES(1011,'CHIQUITAS',392,1,2);
INSERT INTO CIGAR(id,name,brand_id,country_id,strength_id) VALUES(1012,'PETIT CORONA',241,4,3);
INSERT INTO CIGAR(id,name,brand_id,country_id,strength_id) VALUES(1013,'LANCERO',133,2,1);
INSERT INTO BRAND(id,name) VALUES(396,'Camacho Check Six');
INSERT INTO CIGAR(id,name,brand_id,country_id,strength_id) VALUES(1014,'TORO',396,2,3);
INSERT INTO BRAND(id,name) VALUES(397,'A. Flores Gran Reserva 1975');
INSERT INTO CIGAR(id,name,brand_id,country_id,strength_id) VALUES(1015,'HALF CORONA',397,3,2);
INSERT INTO CIGAR(id,name,brand_id,country_id,strength_id) VALUES(1016,'ANIVERSARIO ENTREACTO',388,3,3);
INSERT INTO BRAND(id,name) VALUES(398,'E.P. Carrillo Short Run 2016 Nicaragua');
INSERT INTO CIGAR(id,name,brand_id,country_id,strength_id) VALUES(1017,'SUPER ROBUSTO',398,3,2);
INSERT INTO CIGAR(id,name,brand_id,country_id,strength_id) VALUES(1018,'PATAGÓN EXCLUSIVO CONO SUR',74,4,2);
INSERT INTO BRAND(id,name) VALUES(399,'Rocky Patel Dark Dominican');
INSERT INTO CIGAR(id,name,brand_id,country_id,strength_id) VALUES(1019,'SUPREMO',399,3,2);
INSERT INTO BRAND(id,name) VALUES(400,'V”iaje Exclusivo Nicaragua');
INSERT INTO CIGAR(id,name,brand_id,country_id,strength_id) VALUES(1020,'CG',400,1,2);
INSERT INTO CIGAR(id,name,brand_id,country_id,strength_id) VALUES(1021,'MEDIO SIGLO',55,4,3);
INSERT INTO CIGAR(id,name,brand_id,country_id,strength_id) VALUES(1022,'PITA',330,2,2);
INSERT INTO CIGAR(id,name,brand_id,country_id,strength_id) VALUES(1023,'TORPEDO',355,1,2);
INSERT INTO CIGAR(id,name,brand_id,country_id,strength_id) VALUES(1024,'NO. 5',220,2,2);
INSERT INTO CIGAR(id,name,brand_id,country_id,strength_id) VALUES(1025,'TORO',237,1,3);
INSERT INTO CIGAR(id,name,brand_id,country_id,strength_id) VALUES(1026,'DANTÉS EDICIÓN LIMITADA 2016',45,4,2);
INSERT INTO CIGAR(id,name,brand_id,country_id,strength_id) VALUES(1027,'PETIT CORONA',339,3,4);
INSERT INTO STRENGTH(id,name) VALUES(6,'');
INSERT INTO CIGAR(id,name,brand_id,country_id,strength_id) VALUES(1028,'ROBUSTO',371,3,6);
INSERT INTO BRAND(id,name) VALUES(401,'Villiger San''Doro Maduro');
INSERT INTO COUNTRY(id,name) VALUES(10,'Brazil');
INSERT INTO CIGAR(id,name,brand_id,country_id,strength_id) VALUES(1029,'',401,10,2);
INSERT INTO BRAND(id,name) VALUES(402,'601 Red Label Habano');
INSERT INTO CIGAR(id,name,brand_id,country_id,strength_id) VALUES(1030,'ROBUSTO',402,1,2);
INSERT INTO CIGAR(id,name,brand_id,country_id,strength_id) VALUES(1031,'ROBUSTO',110,3,4);
INSERT INTO CIGAR(id,name,brand_id,country_id,strength_id) VALUES(1032,'N45',108,1,1);
INSERT INTO CIGAR(id,name,brand_id,country_id,strength_id) VALUES(1033,'ROBUSTO',365,1,2);
INSERT INTO CIGAR(id,name,brand_id,country_id,strength_id) VALUES(1034,'TORPEDO',65,6,3);
INSERT INTO CIGAR(id,name,brand_id,country_id,strength_id) VALUES(1035,'NO. 2',49,3,5);
INSERT INTO CIGAR(id,name,brand_id,country_id,strength_id) VALUES(1036,'NO. I MADURO',167,2,3);
INSERT INTO BRAND(id,name) VALUES(403,'La Aurora Preferidos 1903 Edicion Double Barrel Aged');
INSERT INTO CIGAR(id,name,brand_id,country_id,strength_id) VALUES(1037,'PERFECTO',403,3,1);
INSERT INTO BRAND(id,name) VALUES(404,'Tatuaje Havana VI Verocú');
INSERT INTO CIGAR(id,name,brand_id,country_id,strength_id) VALUES(1038,'NO. 5',404,1,2);
INSERT INTO CIGAR(id,name,brand_id,country_id,strength_id) VALUES(1039,'SERIE P NO. 2',37,4,3);
INSERT INTO CIGAR(id,name,brand_id,country_id,strength_id) VALUES(1040,'54 X 6 PRENSADO',14,2,3);
INSERT INTO CIGAR(id,name,brand_id,country_id,strength_id) VALUES(1041,'CHURCHILL',68,3,4);
INSERT INTO CIGAR(id,name,brand_id,country_id,strength_id) VALUES(1042,'460',128,1,2);
INSERT INTO CIGAR(id,name,brand_id,country_id,strength_id) VALUES(1043,'NO. 1 ROBUSTO',35,1,2);
INSERT INTO CIGAR(id,name,brand_id,country_id,strength_id) VALUES(1044,'PETIT CORONA',312,1,2);
INSERT INTO CIGAR(id,name,brand_id,country_id,strength_id) VALUES(1045,'MIMI',142,3,2);
INSERT INTO CIGAR(id,name,brand_id,country_id,strength_id) VALUES(1046,'CORONA DOBLE',43,1,5);
INSERT INTO CIGAR(id,name,brand_id,country_id,strength_id) VALUES(1047,'JULIO',188,3,3);
INSERT INTO BRAND(id,name) VALUES(405,'Fratello Oro');
INSERT INTO CIGAR(id,name,brand_id,country_id,strength_id) VALUES(1048,'SHORTY',405,3,6);
INSERT INTO CIGAR(id,name,brand_id,country_id,strength_id) VALUES(1049,'SALOMON',192,4,3);
INSERT INTO CIGAR(id,name,brand_id,country_id,strength_id) VALUES(1050,'CHURCHILL',9,3,2);
INSERT INTO CIGAR(id,name,brand_id,country_id,strength_id) VALUES(1051,'E-III',264,3,6);
INSERT INTO CIGAR(id,name,brand_id,country_id,strength_id) VALUES(1052,'NO. 17',16,1,5);
INSERT INTO CIGAR(id,name,brand_id,country_id,strength_id) VALUES(1053,'SELECCIÓN NO. 1',194,4,3);
INSERT INTO CIGAR(id,name,brand_id,country_id,strength_id) VALUES(1054,'ROBUSTO',87,1,1);
INSERT INTO CIGAR(id,name,brand_id,country_id,strength_id) VALUES(1055,'CHURCHILL',73,1,1);
INSERT INTO BRAND(id,name) VALUES(406,'Romeo 505 Nicaragua by Romeo y Julieta');
INSERT INTO CIGAR(id,name,brand_id,country_id,strength_id) VALUES(1056,'CHURCHILL',406,1,2);
INSERT INTO CIGAR(id,name,brand_id,country_id,strength_id) VALUES(1057,'PYRAMID',218,2,3);
INSERT INTO BRAND(id,name) VALUES(407,'Cornelius & Anthony Venganza');
INSERT INTO CIGAR(id,name,brand_id,country_id,strength_id) VALUES(1058,'NCER',407,1,3);
INSERT INTO CIGAR(id,name,brand_id,country_id,strength_id) VALUES(1059,'EYE OF THE SHARK',136,3,2);
INSERT INTO BRAND(id,name) VALUES(408,'Archetype Axis Mundi');
INSERT INTO CIGAR(id,name,brand_id,country_id,strength_id) VALUES(1060,'TORO',408,1,2);
INSERT INTO BRAND(id,name) VALUES(409,'La Galera 1936 Box Pressed');
INSERT INTO CIGAR(id,name,brand_id,country_id,strength_id) VALUES(1061,'CHURCHILL',409,3,6);
INSERT INTO CIGAR(id,name,brand_id,country_id,strength_id) VALUES(1062,'EDMUNDO (TUBO)',45,4,2);
INSERT INTO BRAND(id,name) VALUES(410,'Rocky Patel Special Edition');
INSERT INTO CIGAR(id,name,brand_id,country_id,strength_id) VALUES(1063,'ROBUSTO',410,1,2);
INSERT INTO CIGAR(id,name,brand_id,country_id,strength_id) VALUES(1064,'FIGURADO',19,1,2);
INSERT INTO CIGAR(id,name,brand_id,country_id,strength_id) VALUES(1065,'PUNCH 48',125,4,3);
INSERT INTO BRAND(id,name) VALUES(411,'La Aurora 1495');
INSERT INTO CIGAR(id,name,brand_id,country_id,strength_id) VALUES(1066,'CHURCHILL',411,3,3);
INSERT INTO BRAND(id,name) VALUES(412,'La Imperiosa');
INSERT INTO CIGAR(id,name,brand_id,country_id,strength_id) VALUES(1067,'MINUTOS',412,1,3);
INSERT INTO BRAND(id,name) VALUES(413,'Regius Exclusivo U.S.A.');
INSERT INTO CIGAR(id,name,brand_id,country_id,strength_id) VALUES(1068,'PRESSED PERFECTO',413,1,3);
INSERT INTO CIGAR(id,name,brand_id,country_id,strength_id) VALUES(1069,'NO. 2',99,1,2);
INSERT INTO BRAND(id,name) VALUES(414,'Perdomo Small Batch Series Maduro');
INSERT INTO CIGAR(id,name,brand_id,country_id,strength_id) VALUES(1070,'HALF CORONA',414,1,4);
INSERT INTO BRAND(id,name) VALUES(415,'Rocky Patel Twentieth Anniversary Maduro');
INSERT INTO CIGAR(id,name,brand_id,country_id,strength_id) VALUES(1071,'ROTHSCHILD',415,2,3);
INSERT INTO CIGAR(id,name,brand_id,country_id,strength_id) VALUES(1072,'PETITE LA NOX',295,3,1);
INSERT INTO CIGAR(id,name,brand_id,country_id,strength_id) VALUES(1073,'CHURCHILL',329,3,3);
INSERT INTO BRAND(id,name) VALUES(416,'Tatuaje Négociant');
INSERT INTO CIGAR(id,name,brand_id,country_id,strength_id) VALUES(1074,'MONOPOLE NO. 1',416,1,4);
INSERT INTO BRAND(id,name) VALUES(417,'7-20-4 Factory 57');
INSERT INTO CIGAR(id,name,brand_id,country_id,strength_id) VALUES(1075,'DOG WALKER',417,2,2);
INSERT INTO CIGAR(id,name,brand_id,country_id,strength_id) VALUES(1076,'TO CUBANO EXCLUSIVO FRANCIA',44,4,2);
INSERT INTO BRAND(id,name) VALUES(418,'Oliveros Gran Retorno');
INSERT INTO CIGAR(id,name,brand_id,country_id,strength_id) VALUES(1077,'BANJO',418,1,6);
INSERT INTO CIGAR(id,name,brand_id,country_id,strength_id) VALUES(1078,'APOLLO SELECCIÓN DE WARPED',325,1,3);
INSERT INTO CIGAR(id,name,brand_id,country_id,strength_id) VALUES(1079,'JJ',325,1,2);
INSERT INTO CIGAR(id,name,brand_id,country_id,strength_id) VALUES(1080,'CAMPEON',325,1,3);
INSERT INTO CIGAR(id,name,brand_id,country_id,strength_id) VALUES(1081,'MEDIO SIGLO',55,4,3);
INSERT INTO CIGAR(id,name,brand_id,country_id,strength_id) VALUES(1082,'PITA',330,2,2);
INSERT INTO CIGAR(id,name,brand_id,country_id,strength_id) VALUES(1083,'SUPREMO',399,3,2);
INSERT INTO CIGAR(id,name,brand_id,country_id,strength_id) VALUES(1084,'CORONA',399,3,3);
INSERT INTO CIGAR(id,name,brand_id,country_id,strength_id) VALUES(1085,'ROBUSTO',399,3,2);
INSERT INTO CIGAR(id,name,brand_id,country_id,strength_id) VALUES(1086,'CHURCHILL',399,3,2);
INSERT INTO BRAND(id,name) VALUES(419,'Viaje Exclusivo Nicaragua');
INSERT INTO CIGAR(id,name,brand_id,country_id,strength_id) VALUES(1087,'CG',419,1,2);
INSERT INTO CIGAR(id,name,brand_id,country_id,strength_id) VALUES(1088,'DOUBLE R',419,1,2);
INSERT INTO CIGAR(id,name,brand_id,country_id,strength_id) VALUES(1089,'ROBUSTO',419,1,3);
INSERT INTO CIGAR(id,name,brand_id,country_id,strength_id) VALUES(1090,'TORO',419,1,2);
INSERT INTO CIGAR(id,name,brand_id,country_id,strength_id) VALUES(1091,'NO. 5',220,2,2);
INSERT INTO CIGAR(id,name,brand_id,country_id,strength_id) VALUES(1092,'NO. 7',220,2,2);
INSERT INTO CIGAR(id,name,brand_id,country_id,strength_id) VALUES(1093,'NO. 4',220,2,3);
INSERT INTO CIGAR(id,name,brand_id,country_id,strength_id) VALUES(1094,'NO. 6',220,2,2);
INSERT INTO CIGAR(id,name,brand_id,country_id,strength_id) VALUES(1095,'NO. 8',220,2,3);
INSERT INTO CIGAR(id,name,brand_id,country_id,strength_id) VALUES(1096,'SUPER ROBUSTO',398,3,2);
INSERT INTO CIGAR(id,name,brand_id,country_id,strength_id) VALUES(1097,'TORO',237,1,3);
INSERT INTO CIGAR(id,name,brand_id,country_id,strength_id) VALUES(1098,'IMPERIAL',237,1,3);
INSERT INTO CIGAR(id,name,brand_id,country_id,strength_id) VALUES(1099,'PRINCIPE',237,1,2);
INSERT INTO CIGAR(id,name,brand_id,country_id,strength_id) VALUES(1100,'TORPEDO',237,1,3);
INSERT INTO CIGAR(id,name,brand_id,country_id,strength_id) VALUES(1101,'EXCLUSIVO',237,1,3);
INSERT INTO CIGAR(id,name,brand_id,country_id,strength_id) VALUES(1102,'ELEGANTES',60,4,3);
INSERT INTO CIGAR(id,name,brand_id,country_id,strength_id) VALUES(1103,'EMINENTES EXCLUSIVO SUIZA',194,4,3);
INSERT INTO CIGAR(id,name,brand_id,country_id,strength_id) VALUES(1104,'ANIVERSARIO ENTREACTO',388,3,3);
INSERT INTO CIGAR(id,name,brand_id,country_id,strength_id) VALUES(1105,'ANIVERSARIO SPECIAL R',388,3,3);
INSERT INTO CIGAR(id,name,brand_id,country_id,strength_id) VALUES(1106,'SIGNATURE 2000',388,3,3);
INSERT INTO CIGAR(id,name,brand_id,country_id,strength_id) VALUES(1107,'SIGNATURE NO. 2',388,3,3);
INSERT INTO CIGAR(id,name,brand_id,country_id,strength_id) VALUES(1108,'ANIVERSARIO SPECIAL T',388,3,3);
INSERT INTO CIGAR(id,name,brand_id,country_id,strength_id) VALUES(1109,'ANIVERSARIO DOUBLE R',388,3,2);
INSERT INTO CIGAR(id,name,brand_id,country_id,strength_id) VALUES(1110,'ANIVERSARIO NO. 3',388,3,2);
INSERT INTO CIGAR(id,name,brand_id,country_id,strength_id) VALUES(1111,'DANTÉS EDICIÓN LIMITADA 2016',45,4,2);
INSERT INTO CIGAR(id,name,brand_id,country_id,strength_id) VALUES(1112,'TORO',408,1,2);
INSERT INTO CIGAR(id,name,brand_id,country_id,strength_id) VALUES(1113,'CHURCHILL',408,1,2);
INSERT INTO CIGAR(id,name,brand_id,country_id,strength_id) VALUES(1114,'CORONA',408,1,3);
INSERT INTO CIGAR(id,name,brand_id,country_id,strength_id) VALUES(1115,'ROBUSTO',408,1,2);
INSERT INTO CIGAR(id,name,brand_id,country_id,strength_id) VALUES(1116,'EYE OF THE SHARK',136,3,2);
INSERT INTO CIGAR(id,name,brand_id,country_id,strength_id) VALUES(1117,'PERSONAL RESERVE',136,3,3);
INSERT INTO CIGAR(id,name,brand_id,country_id,strength_id) VALUES(1118,'PUNCH 48',125,4,3);
INSERT INTO CIGAR(id,name,brand_id,country_id,strength_id) VALUES(1119,'NCER',407,1,3);
INSERT INTO CIGAR(id,name,brand_id,country_id,strength_id) VALUES(1120,'UADER',407,1,2);
INSERT INTO CIGAR(id,name,brand_id,country_id,strength_id) VALUES(1121,'',407,1,2);
INSERT INTO CIGAR(id,name,brand_id,country_id,strength_id) VALUES(1122,'E',407,1,1);
INSERT INTO CIGAR(id,name,brand_id,country_id,strength_id) VALUES(1123,'CHURCHILL',406,1,2);
INSERT INTO CIGAR(id,name,brand_id,country_id,strength_id) VALUES(1124,'ROBUSTO',406,1,3);
INSERT INTO CIGAR(id,name,brand_id,country_id,strength_id) VALUES(1125,'PIRAMIDE',406,1,2);
INSERT INTO CIGAR(id,name,brand_id,country_id,strength_id) VALUES(1126,'TORO',406,1,2);
INSERT INTO CIGAR(id,name,brand_id,country_id,strength_id) VALUES(1127,'ROBUSTO',200,3,3);
INSERT INTO CIGAR(id,name,brand_id,country_id,strength_id) VALUES(1128,'TORPEDO',402,1,2);
INSERT INTO BRAND(id,name) VALUES(420,'CroMagnon Aquitaine');
INSERT INTO CIGAR(id,name,brand_id,country_id,strength_id) VALUES(1129,'MODE 5',420,1,1);
INSERT INTO BRAND(id,name) VALUES(421,'Nestor Miranda Collection Corojo');
INSERT INTO CIGAR(id,name,brand_id,country_id,strength_id) VALUES(1130,'TORO',421,1,2);
INSERT INTO CIGAR(id,name,brand_id,country_id,strength_id) VALUES(1131,'NO. 2',98,3,5);
INSERT INTO CIGAR(id,name,brand_id,country_id,strength_id) VALUES(1132,'CEDRO DELUXE NO. 1',234,3,4);
INSERT INTO CIGAR(id,name,brand_id,country_id,strength_id) VALUES(1133,'CEDROS DELUXE CERVANTES',35,1,3);
INSERT INTO CIGAR(id,name,brand_id,country_id,strength_id) VALUES(1134,'EPICURE NO. 1',60,4,3);
INSERT INTO BRAND(id,name) VALUES(422,'Debonaire');
INSERT INTO CIGAR(id,name,brand_id,country_id,strength_id) VALUES(1135,'ROBUSTO',422,3,2);
INSERT INTO BRAND(id,name) VALUES(423,'Rocky Patel Platinum Limited Edition Habano');
INSERT INTO CIGAR(id,name,brand_id,country_id,strength_id) VALUES(1136,'TORO',423,1,2);
INSERT INTO BRAND(id,name) VALUES(424,'Pedro Martín Maduro');
INSERT INTO CIGAR(id,name,brand_id,country_id,strength_id) VALUES(1137,'TORO',424,1,2);
INSERT INTO CIGAR(id,name,brand_id,country_id,strength_id) VALUES(1138,'PERSONAL RESERVE',136,3,3);
INSERT INTO CIGAR(id,name,brand_id,country_id,strength_id) VALUES(1139,'CHURCHILL',408,1,2);
INSERT INTO CIGAR(id,name,brand_id,country_id,strength_id) VALUES(1140,'ROBUSTO',370,3,4);
INSERT INTO BRAND(id,name) VALUES(425,'All Out Kings');
INSERT INTO CIGAR(id,name,brand_id,country_id,strength_id) VALUES(1141,'SMASH',425,1,1);
INSERT INTO BRAND(id,name) VALUES(426,'Manuel Quesada 70th');
INSERT INTO CIGAR(id,name,brand_id,country_id,strength_id) VALUES(1142,'BELICOSO',426,3,2);
INSERT INTO BRAND(id,name) VALUES(427,'Tatuaje La Vérité');
INSERT INTO CIGAR(id,name,brand_id,country_id,strength_id) VALUES(1143,'LA VÉRITÉ 2013',427,1,2);
INSERT INTO BRAND(id,name) VALUES(428,'Maestro del Tiempo');
INSERT INTO CIGAR(id,name,brand_id,country_id,strength_id) VALUES(1144,'5205',428,1,3);
INSERT INTO CIGAR(id,name,brand_id,country_id,strength_id) VALUES(1145,'00',59,3,5);
INSERT INTO CIGAR(id,name,brand_id,country_id,strength_id) VALUES(1146,'ELITE EMS',125,2,2);
INSERT INTO CIGAR(id,name,brand_id,country_id,strength_id) VALUES(1147,'ROBUSTO',55,4,3);
INSERT INTO CIGAR(id,name,brand_id,country_id,strength_id) VALUES(1148,'STOUT TORO',352,3,3);
INSERT INTO BRAND(id,name) VALUES(429,'Flores y Rodriguez Connecticut Valley Reserve Azul');
INSERT INTO CIGAR(id,name,brand_id,country_id,strength_id) VALUES(1149,'FIGURADO',429,3,2);
INSERT INTO CIGAR(id,name,brand_id,country_id,strength_id) VALUES(1150,'MAJESTIC',105,4,3);
INSERT INTO CIGAR(id,name,brand_id,country_id,strength_id) VALUES(1151,'LONDRES',50,1,2);
INSERT INTO CIGAR(id,name,brand_id,country_id,strength_id) VALUES(1152,'ROTHSCHILD MASIVO',190,3,3);
INSERT INTO CIGAR(id,name,brand_id,country_id,strength_id) VALUES(1153,'NO. 4',411,3,2);
INSERT INTO BRAND(id,name) VALUES(430,'Alec Bradley Prensado');
INSERT INTO CIGAR(id,name,brand_id,country_id,strength_id) VALUES(1154,'TORPEDO',430,2,1);
INSERT INTO BRAND(id,name) VALUES(431,'Rocky Patel Decade');
INSERT INTO CIGAR(id,name,brand_id,country_id,strength_id) VALUES(1155,'LONSDALE',431,2,2);
INSERT INTO CIGAR(id,name,brand_id,country_id,strength_id) VALUES(1156,'8-9-8',47,3,5);
INSERT INTO CIGAR(id,name,brand_id,country_id,strength_id) VALUES(1157,'MAGNUM 50',105,4,3);
INSERT INTO CIGAR(id,name,brand_id,country_id,strength_id) VALUES(1158,'CHURCHILL',57,1,2);
INSERT INTO CIGAR(id,name,brand_id,country_id,strength_id) VALUES(1159,'ROBUSTO EXTRA',183,3,3);
INSERT INTO CIGAR(id,name,brand_id,country_id,strength_id) VALUES(1160,'CORONA SENIOR (TUBO)',37,4,3);
INSERT INTO CIGAR(id,name,brand_id,country_id,strength_id) VALUES(1161,'NO. 1',26,3,3);
INSERT INTO CIGAR(id,name,brand_id,country_id,strength_id) VALUES(1162,'CHURCHILL',263,2,2);
INSERT INTO CIGAR(id,name,brand_id,country_id,strength_id) VALUES(1163,'ESPECIAL NO. 1',71,3,5);
INSERT INTO CIGAR(id,name,brand_id,country_id,strength_id) VALUES(1164,'F9',100,1,3);
INSERT INTO CIGAR(id,name,brand_id,country_id,strength_id) VALUES(1165,'CHURCHILL',22,4,4);
INSERT INTO CIGAR(id,name,brand_id,country_id,strength_id) VALUES(1166,'SUPERIOR MADURO',237,1,2);
INSERT INTO CIGAR(id,name,brand_id,country_id,strength_id) VALUES(1167,'TORO',87,1,1);
INSERT INTO BRAND(id,name) VALUES(432,'Charter Oak CT Shade');
INSERT INTO CIGAR(id,name,brand_id,country_id,strength_id) VALUES(1168,'PETIT CORONA',432,1,4);
INSERT INTO BRAND(id,name) VALUES(433,'La Flor Dominicana Air Bender');
INSERT INTO CIGAR(id,name,brand_id,country_id,strength_id) VALUES(1169,'PODEROSO',433,3,2);
INSERT INTO BRAND(id,name) VALUES(434,'CAO L''Anniversaire Cameroon');
INSERT INTO CIGAR(id,name,brand_id,country_id,strength_id) VALUES(1170,'OSO',434,1,3);
INSERT INTO CIGAR(id,name,brand_id,country_id,strength_id) VALUES(1171,'CORONA',28,3,4);
INSERT INTO CIGAR(id,name,brand_id,country_id,strength_id) VALUES(1172,'SHORT CHURCHILL',22,4,3);
INSERT INTO CIGAR(id,name,brand_id,country_id,strength_id) VALUES(1173,'CORONA',226,1,3);
INSERT INTO CIGAR(id,name,brand_id,country_id,strength_id) VALUES(1174,'BARON DE ROTHSCHILD',58,3,5);
INSERT INTO BRAND(id,name) VALUES(435,'MBombay Habano');
INSERT INTO CIGAR(id,name,brand_id,country_id,strength_id) VALUES(1175,'CORONA',435,7,3);
INSERT INTO BRAND(id,name) VALUES(436,'La Palina Collection Mr. Sam');
INSERT INTO CIGAR(id,name,brand_id,country_id,strength_id) VALUES(1176,'CORONA',436,6,2);
INSERT INTO CIGAR(id,name,brand_id,country_id,strength_id) VALUES(1177,'BELICOSO',33,1,2);
INSERT INTO BRAND(id,name) VALUES(437,'La Aurora 1903 Cameroon');
INSERT INTO CIGAR(id,name,brand_id,country_id,strength_id) VALUES(1178,'ROBUSTO',437,3,3);
INSERT INTO BRAND(id,name) VALUES(438,'H. Upmann by AJ Fernandez');
INSERT INTO CIGAR(id,name,brand_id,country_id,strength_id) VALUES(1179,'ROBUSTO',438,1,2);
INSERT INTO CIGAR(id,name,brand_id,country_id,strength_id) VALUES(1180,'SELECCIÓN NO. 2',194,4,2);
INSERT INTO CIGAR(id,name,brand_id,country_id,strength_id) VALUES(1181,'DALIAS',242,3,4);
INSERT INTO CIGAR(id,name,brand_id,country_id,strength_id) VALUES(1182,'SHORT CHURCHILL',287,1,3);
INSERT INTO CIGAR(id,name,brand_id,country_id,strength_id) VALUES(1183,'CHURCHILL',40,1,1);
INSERT INTO CIGAR(id,name,brand_id,country_id,strength_id) VALUES(1184,'NO. 2',51,4,2);
INSERT INTO CIGAR(id,name,brand_id,country_id,strength_id) VALUES(1185,'CHURCHILL',186,1,3);
INSERT INTO BRAND(id,name) VALUES(439,'Roberto P. Duran Signature');
INSERT INTO CIGAR(id,name,brand_id,country_id,strength_id) VALUES(1186,'TAÍNO',439,1,2);
INSERT INTO CIGAR(id,name,brand_id,country_id,strength_id) VALUES(1187,'SPECIALLY SELECTED',74,4,2);
INSERT INTO CIGAR(id,name,brand_id,country_id,strength_id) VALUES(1188,'PIRATE',280,8,3);
INSERT INTO CIGAR(id,name,brand_id,country_id,strength_id) VALUES(1189,'CHURCHILL',338,2,3);
INSERT INTO CIGAR(id,name,brand_id,country_id,strength_id) VALUES(1190,'NO. 1',45,4,3);
INSERT INTO CIGAR(id,name,brand_id,country_id,strength_id) VALUES(1191,'DELICIAS',181,6,2);
INSERT INTO CIGAR(id,name,brand_id,country_id,strength_id) VALUES(1192,'TORPEDO',343,3,2);
INSERT INTO CIGAR(id,name,brand_id,country_id,strength_id) VALUES(1193,'PYRAMID NO. 3',217,3,2);
INSERT INTO CIGAR(id,name,brand_id,country_id,strength_id) VALUES(1194,'TORO',231,1,2);
INSERT INTO CIGAR(id,name,brand_id,country_id,strength_id) VALUES(1195,'ROBUSTO',65,6,2);
INSERT INTO CIGAR(id,name,brand_id,country_id,strength_id) VALUES(1196,'ROBUSTO',270,1,2);
INSERT INTO BRAND(id,name) VALUES(440,'El Galan Semilla Cubana Habano');
INSERT INTO CIGAR(id,name,brand_id,country_id,strength_id) VALUES(1197,'CHURCHILL',440,1,4);
INSERT INTO CIGAR(id,name,brand_id,country_id,strength_id) VALUES(1198,'CHURCHILL MADURO',86,3,3);
INSERT INTO CIGAR(id,name,brand_id,country_id,strength_id) VALUES(1199,'NO. 3',45,4,3);
INSERT INTO CIGAR(id,name,brand_id,country_id,strength_id) VALUES(1200,'FORTE',364,3,2);
INSERT INTO BRAND(id,name) VALUES(441,'Eiroa CBT Maduro');
INSERT INTO CIGAR(id,name,brand_id,country_id,strength_id) VALUES(1201,'50 X 5',441,2,1);
INSERT INTO BRAND(id,name) VALUES(442,'Nat Cicco Aniversario 1965 Liga No. 4');
INSERT INTO CIGAR(id,name,brand_id,country_id,strength_id) VALUES(1202,'CHURCHILL',442,1,1);
INSERT INTO BRAND(id,name) VALUES(443,'Avo Syncro South America Ritmo');
INSERT INTO CIGAR(id,name,brand_id,country_id,strength_id) VALUES(1203,'TORO',443,3,3);
INSERT INTO BRAND(id,name) VALUES(444,'Las Mareas');
INSERT INTO CIGAR(id,name,brand_id,country_id,strength_id) VALUES(1204,'CICLOPES',444,1,3);
INSERT INTO BRAND(id,name) VALUES(445,'L''Atelier Côte d''Or');
INSERT INTO CIGAR(id,name,brand_id,country_id,strength_id) VALUES(1205,'',445,1,1);
INSERT INTO CIGAR(id,name,brand_id,country_id,strength_id) VALUES(1206,'SMASH',425,1,1);
INSERT INTO CIGAR(id,name,brand_id,country_id,strength_id) VALUES(1207,'GIVE ME YOUR LUNCH MONEY',425,1,2);
INSERT INTO CIGAR(id,name,brand_id,country_id,strength_id) VALUES(1208,'FOREVERLAST',425,1,1);
INSERT INTO CIGAR(id,name,brand_id,country_id,strength_id) VALUES(1209,'THE 4TH POSE',425,1,2);
INSERT INTO CIGAR(id,name,brand_id,country_id,strength_id) VALUES(1210,'ROBUSTO EXTRA',394,1,3);
INSERT INTO CIGAR(id,name,brand_id,country_id,strength_id) VALUES(1211,'BELICOSO',426,3,2);
INSERT INTO CIGAR(id,name,brand_id,country_id,strength_id) VALUES(1212,'TORO',426,3,2);
INSERT INTO CIGAR(id,name,brand_id,country_id,strength_id) VALUES(1213,'GRANDE',370,3,3);
INSERT INTO CIGAR(id,name,brand_id,country_id,strength_id) VALUES(1214,'ROBUSTO',370,3,4);
INSERT INTO CIGAR(id,name,brand_id,country_id,strength_id) VALUES(1215,'TORO BRAVO',370,3,3);
INSERT INTO CIGAR(id,name,brand_id,country_id,strength_id) VALUES(1216,'CORONA',370,3,5);
INSERT INTO CIGAR(id,name,brand_id,country_id,strength_id) VALUES(1217,'TO CUBANO EXCLUSIVO FRANCIA',44,4,2);
INSERT INTO CIGAR(id,name,brand_id,country_id,strength_id) VALUES(1218,'LA VÉRITÉ 2013',427,1,2);
INSERT INTO CIGAR(id,name,brand_id,country_id,strength_id) VALUES(1219,'L''ESPRIT DE VÉRITÉ 2013',427,1,3);
INSERT INTO CIGAR(id,name,brand_id,country_id,strength_id) VALUES(1220,'SOLIDOS',352,3,2);
INSERT INTO CIGAR(id,name,brand_id,country_id,strength_id) VALUES(1221,'STOUT TORO',352,3,3);
INSERT INTO CIGAR(id,name,brand_id,country_id,strength_id) VALUES(1222,'OBSCURE',352,3,2);
INSERT INTO CIGAR(id,name,brand_id,country_id,strength_id) VALUES(1223,'FIGURADO',429,3,2);
INSERT INTO CIGAR(id,name,brand_id,country_id,strength_id) VALUES(1224,'GRAN TORO',429,3,3);
INSERT INTO CIGAR(id,name,brand_id,country_id,strength_id) VALUES(1225,'BELICOSO',429,3,2);
INSERT INTO CIGAR(id,name,brand_id,country_id,strength_id) VALUES(1226,'ROBUSTO',429,3,2);
INSERT INTO CIGAR(id,name,brand_id,country_id,strength_id) VALUES(1227,'ROBUSTO',438,1,2);
INSERT INTO CIGAR(id,name,brand_id,country_id,strength_id) VALUES(1228,'CHURCHILL',438,1,3);
INSERT INTO CIGAR(id,name,brand_id,country_id,strength_id) VALUES(1229,'TORO',438,1,2);
INSERT INTO CIGAR(id,name,brand_id,country_id,strength_id) VALUES(1230,'ROBUSTO',437,3,3);
INSERT INTO CIGAR(id,name,brand_id,country_id,strength_id) VALUES(1231,'CHURCHILL',437,3,3);
INSERT INTO CIGAR(id,name,brand_id,country_id,strength_id) VALUES(1232,'GRAN TORO',437,3,2);
INSERT INTO CIGAR(id,name,brand_id,country_id,strength_id) VALUES(1233,'TORO',437,3,4);
INSERT INTO CIGAR(id,name,brand_id,country_id,strength_id) VALUES(1234,'BELICOSO',33,1,2);
INSERT INTO CIGAR(id,name,brand_id,country_id,strength_id) VALUES(1235,'TORPEDO',33,1,2);
INSERT INTO CIGAR(id,name,brand_id,country_id,strength_id) VALUES(1236,'LANCERO',33,1,3);
INSERT INTO CIGAR(id,name,brand_id,country_id,strength_id) VALUES(1237,'NO. 4',33,1,2);
INSERT INTO CIGAR(id,name,brand_id,country_id,strength_id) VALUES(1238,'CHURCHILL EXTRA',33,1,2);
INSERT INTO CIGAR(id,name,brand_id,country_id,strength_id) VALUES(1239,'DOUBLE ROBUSTO',33,1,2);
INSERT INTO CIGAR(id,name,brand_id,country_id,strength_id) VALUES(1240,'SPECIAL V FIGURADO',33,1,3);
INSERT INTO CIGAR(id,name,brand_id,country_id,strength_id) VALUES(1241,'DOUBLE TORO',33,1,3);
INSERT INTO CIGAR(id,name,brand_id,country_id,strength_id) VALUES(1242,'SELECCIÓN NO. 2',194,4,2);
INSERT INTO CIGAR(id,name,brand_id,country_id,strength_id) VALUES(1243,'NO. 3',45,4,3);
INSERT INTO CIGAR(id,name,brand_id,country_id,strength_id) VALUES(1244,'NO. 1',45,4,3);
INSERT INTO CIGAR(id,name,brand_id,country_id,strength_id) VALUES(1245,'NO. 2',45,4,2);
INSERT INTO CIGAR(id,name,brand_id,country_id,strength_id) VALUES(1246,'NO. 4',45,4,2);
INSERT INTO CIGAR(id,name,brand_id,country_id,strength_id) VALUES(1247,'NO. 5',45,4,3);
INSERT INTO CIGAR(id,name,brand_id,country_id,strength_id) VALUES(1248,'SPECIAL TORO',443,3,3);
INSERT INTO CIGAR(id,name,brand_id,country_id,strength_id) VALUES(1249,'TORO',443,3,3);
INSERT INTO CIGAR(id,name,brand_id,country_id,strength_id) VALUES(1250,'TORPEDO LARGO',443,3,3);
INSERT INTO CIGAR(id,name,brand_id,country_id,strength_id) VALUES(1251,'ROBUSTO',443,3,2);
INSERT INTO CIGAR(id,name,brand_id,country_id,strength_id) VALUES(1252,'CICLOPES',444,1,3);
INSERT INTO CIGAR(id,name,brand_id,country_id,strength_id) VALUES(1253,'OLAS',444,1,3);
INSERT INTO CIGAR(id,name,brand_id,country_id,strength_id) VALUES(1254,'REBELDES',444,1,2);
INSERT INTO CIGAR(id,name,brand_id,country_id,strength_id) VALUES(1255,'TUBERIA',444,1,3);
INSERT INTO CIGAR(id,name,brand_id,country_id,strength_id) VALUES(1256,'',445,1,1);
INSERT INTO CIGAR(id,name,brand_id,country_id,strength_id) VALUES(1257,'FLYING PIG',43,1,4);
INSERT INTO BRAND(id,name) VALUES(446,'Espinosa Crema');
INSERT INTO CIGAR(id,name,brand_id,country_id,strength_id) VALUES(1258,'NO. 5',446,1,4);
INSERT INTO CIGAR(id,name,brand_id,country_id,strength_id) VALUES(1259,'NO. 1',446,1,4);
INSERT INTO CIGAR(id,name,brand_id,country_id,strength_id) VALUES(1260,'NO. 4',446,1,5);
INSERT INTO BRAND(id,name) VALUES(447,'Punch Gran Puro Nicaragua');
INSERT INTO CIGAR(id,name,brand_id,country_id,strength_id) VALUES(1261,'5 1/2 X 54',447,2,3);
INSERT INTO CIGAR(id,name,brand_id,country_id,strength_id) VALUES(1262,'7 1/2 X 54',447,2,2);
INSERT INTO CIGAR(id,name,brand_id,country_id,strength_id) VALUES(1263,'4 7/8 X 48',447,2,2);
INSERT INTO CIGAR(id,name,brand_id,country_id,strength_id) VALUES(1264,'6 X 54',447,2,3);
INSERT INTO BRAND(id,name) VALUES(448,'Flor de Las Antillas Maduro');
INSERT INTO CIGAR(id,name,brand_id,country_id,strength_id) VALUES(1265,'CORONA',448,1,2);
INSERT INTO CIGAR(id,name,brand_id,country_id,strength_id) VALUES(1266,'TORPEDO',448,1,1);
INSERT INTO CIGAR(id,name,brand_id,country_id,strength_id) VALUES(1267,'PETIT ROBUSTO',448,1,2);
INSERT INTO CIGAR(id,name,brand_id,country_id,strength_id) VALUES(1268,'TORO',448,1,1);
INSERT INTO CIGAR(id,name,brand_id,country_id,strength_id) VALUES(1269,'TORO GORDO',448,1,2);
INSERT INTO CIGAR(id,name,brand_id,country_id,strength_id) VALUES(1270,'NO. 2',51,4,2);
INSERT INTO BRAND(id,name) VALUES(449,'La Barba Red');
INSERT INTO CIGAR(id,name,brand_id,country_id,strength_id) VALUES(1271,'40 X 6 1/2',449,3,1);
INSERT INTO CIGAR(id,name,brand_id,country_id,strength_id) VALUES(1272,'46 X 5 3/4',449,3,2);
INSERT INTO CIGAR(id,name,brand_id,country_id,strength_id) VALUES(1273,'54 X 6',449,3,2);
INSERT INTO CIGAR(id,name,brand_id,country_id,strength_id) VALUES(1274,'52 X 4 1/2',449,3,1);
INSERT INTO CIGAR(id,name,brand_id,country_id,strength_id) VALUES(1275,'ROBUSTO',410,1,2);
INSERT INTO CIGAR(id,name,brand_id,country_id,strength_id) VALUES(1276,'SIXTY',410,1,3);
INSERT INTO CIGAR(id,name,brand_id,country_id,strength_id) VALUES(1277,'TORO',410,1,2);
INSERT INTO BRAND(id,name) VALUES(450,'Gran Habano La Conquista');
INSERT INTO CIGAR(id,name,brand_id,country_id,strength_id) VALUES(1278,'GRAN ROBUSTO',450,2,2);
INSERT INTO CIGAR(id,name,brand_id,country_id,strength_id) VALUES(1279,'IMPERIAL',450,2,3);
INSERT INTO CIGAR(id,name,brand_id,country_id,strength_id) VALUES(1280,'ROBUSTO',450,2,2);
INSERT INTO BRAND(id,name) VALUES(451,'Diamond Crown Black Diamond');
INSERT INTO CIGAR(id,name,brand_id,country_id,strength_id) VALUES(1281,'MARQUISE',451,3,1);
INSERT INTO CIGAR(id,name,brand_id,country_id,strength_id) VALUES(1282,'RADIANT',451,3,2);
INSERT INTO CIGAR(id,name,brand_id,country_id,strength_id) VALUES(1283,'EMERALD',451,3,2);
INSERT INTO BRAND(id,name) VALUES(452,'Serino Royale Maduro XX');
INSERT INTO CIGAR(id,name,brand_id,country_id,strength_id) VALUES(1284,'ROBUSTO',452,1,2);
INSERT INTO CIGAR(id,name,brand_id,country_id,strength_id) VALUES(1285,'BELICOSO',452,1,2);
INSERT INTO CIGAR(id,name,brand_id,country_id,strength_id) VALUES(1286,'TORO',452,1,2);
INSERT INTO CIGAR(id,name,brand_id,country_id,strength_id) VALUES(1287,'SUBLIME',452,1,1);
INSERT INTO CIGAR(id,name,brand_id,country_id,strength_id) VALUES(1288,'7TH SAM',164,1,2);
INSERT INTO CIGAR(id,name,brand_id,country_id,strength_id) VALUES(1289,'LUSITANIA',37,4,3);
INSERT INTO BRAND(id,name) VALUES(453,'Arturo Fuente Hemingway');
INSERT INTO CIGAR(id,name,brand_id,country_id,strength_id) VALUES(1290,'SHORT STORY',453,3,3);
INSERT INTO CIGAR(id,name,brand_id,country_id,strength_id) VALUES(1291,'BOGOTA',185,1,3);
INSERT INTO CIGAR(id,name,brand_id,country_id,strength_id) VALUES(1292,'TORO GORDO',302,1,3);
INSERT INTO CIGAR(id,name,brand_id,country_id,strength_id) VALUES(1293,'CHISEL',433,3,1);
INSERT INTO CIGAR(id,name,brand_id,country_id,strength_id) VALUES(1294,'60X6',171,3,2);
INSERT INTO CIGAR(id,name,brand_id,country_id,strength_id) VALUES(1295,'GORDO',409,3,3);
INSERT INTO CIGAR(id,name,brand_id,country_id,strength_id) VALUES(1296,'50X5',174,2,2);
INSERT INTO CIGAR(id,name,brand_id,country_id,strength_id) VALUES(1297,'PEGASUS',281,3,2);
INSERT INTO CIGAR(id,name,brand_id,country_id,strength_id) VALUES(1298,'CORONATION (TUBO)',125,4,3);
INSERT INTO CIGAR(id,name,brand_id,country_id,strength_id) VALUES(1299,'7000 MADURO',50,1,2);
INSERT INTO CIGAR(id,name,brand_id,country_id,strength_id) VALUES(1300,'SECRETOS',82,1,1);
INSERT INTO CIGAR(id,name,brand_id,country_id,strength_id) VALUES(1301,'DOUBLE TORO',284,2,4);
INSERT INTO CIGAR(id,name,brand_id,country_id,strength_id) VALUES(1302,'SHORT',37,4,1);
INSERT INTO BRAND(id,name) VALUES(454,'Daniel Marshall White Label');
INSERT INTO CIGAR(id,name,brand_id,country_id,strength_id) VALUES(1303,'CHURCHILL',454,3,4);
INSERT INTO BRAND(id,name) VALUES(455,'La Aurora 1962 Corojo');
INSERT INTO CIGAR(id,name,brand_id,country_id,strength_id) VALUES(1304,'GRAN TORO',455,3,2);
INSERT INTO CIGAR(id,name,brand_id,country_id,strength_id) VALUES(1305,'CHURCHILL',156,3,3);
INSERT INTO BRAND(id,name) VALUES(456,'La Alianza Natural');
INSERT INTO CIGAR(id,name,brand_id,country_id,strength_id) VALUES(1306,'SABROSOS',456,3,2);
INSERT INTO CIGAR(id,name,brand_id,country_id,strength_id) VALUES(1307,'SIGLO I (TUBO)',55,4,3);
INSERT INTO CIGAR(id,name,brand_id,country_id,strength_id) VALUES(1308,'RAGTIME',418,1,3);
INSERT INTO BRAND(id,name) VALUES(457,'Cohiba Blue');
INSERT INTO CIGAR(id,name,brand_id,country_id,strength_id) VALUES(1309,'ROBUSTO',457,3,3);
INSERT INTO CIGAR(id,name,brand_id,country_id,strength_id) VALUES(1310,'BELICOSO FINO',109,4,2);
INSERT INTO CIGAR(id,name,brand_id,country_id,strength_id) VALUES(1311,'SOLIDOS',352,3,2);
INSERT INTO CIGAR(id,name,brand_id,country_id,strength_id) VALUES(1312,'TORPEDO',33,1,2);
INSERT INTO CIGAR(id,name,brand_id,country_id,strength_id) VALUES(1313,'CHURCHILL',438,1,3);
INSERT INTO CIGAR(id,name,brand_id,country_id,strength_id) VALUES(1314,'NO. 2',45,4,2);
INSERT INTO CIGAR(id,name,brand_id,country_id,strength_id) VALUES(1315,'5 1/2 X 54',447,2,3);
INSERT INTO CIGAR(id,name,brand_id,country_id,strength_id) VALUES(1316,'CORONA',448,1,2);
INSERT INTO CIGAR(id,name,brand_id,country_id,strength_id) VALUES(1317,'NO. 5',446,1,4);
INSERT INTO BRAND(id,name) VALUES(458,'Cain Habano');
INSERT INTO CIGAR(id,name,brand_id,country_id,strength_id) VALUES(1318,'660',458,1,3);
INSERT INTO CIGAR(id,name,brand_id,country_id,strength_id) VALUES(1319,'PRIME MINISTER',47,3,5);
INSERT INTO CIGAR(id,name,brand_id,country_id,strength_id) VALUES(1320,'MAGNUM 54 (TUBO)',105,4,3);
INSERT INTO CIGAR(id,name,brand_id,country_id,strength_id) VALUES(1321,'NO. 4',45,4,2);
INSERT INTO CIGAR(id,name,brand_id,country_id,strength_id) VALUES(1322,'PETIT CORONA',152,3,1);
INSERT INTO CIGAR(id,name,brand_id,country_id,strength_id) VALUES(1323,'VITOLA "SUPER SIXTY"',291,3,1);
INSERT INTO CIGAR(id,name,brand_id,country_id,strength_id) VALUES(1324,'MASTER TUBO',111,4,3);
INSERT INTO CIGAR(id,name,brand_id,country_id,strength_id) VALUES(1325,'GORDO',212,1,3);
INSERT INTO CIGAR(id,name,brand_id,country_id,strength_id) VALUES(1326,'ODYSSEY',92,1,3);
INSERT INTO CIGAR(id,name,brand_id,country_id,strength_id) VALUES(1327,'AS',53,1,2);
INSERT INTO BRAND(id,name) VALUES(459,'Casa Fernandez Aganorsa Leaf TABSA');
INSERT INTO CIGAR(id,name,brand_id,country_id,strength_id) VALUES(1328,'SUNYATA NO. 4',459,1,3);
INSERT INTO CIGAR(id,name,brand_id,country_id,strength_id) VALUES(1329,'CANTAOR',306,3,2);
INSERT INTO BRAND(id,name) VALUES(460,'Regius Exclusivo U.S.A. Oscuro Especial');
INSERT INTO CIGAR(id,name,brand_id,country_id,strength_id) VALUES(1330,'TORO EXTRA',460,1,2);
INSERT INTO CIGAR(id,name,brand_id,country_id,strength_id) VALUES(1331,'MADURO NO. 1',37,4,3);
INSERT INTO CIGAR(id,name,brand_id,country_id,strength_id) VALUES(1332,'CHURCHILL',49,3,3);
INSERT INTO BRAND(id,name) VALUES(461,'La Palina Classic Connecticut');
INSERT INTO CIGAR(id,name,brand_id,country_id,strength_id) VALUES(1333,'CHURCHILL',461,3,4);
INSERT INTO CIGAR(id,name,brand_id,country_id,strength_id) VALUES(1334,'PETIT CORONA',122,3,3);
INSERT INTO CIGAR(id,name,brand_id,country_id,strength_id) VALUES(1335,'LONDON CLUB MADURO',125,2,2);
INSERT INTO CIGAR(id,name,brand_id,country_id,strength_id) VALUES(1336,'EPICURE ESPECIAL',60,4,3);
INSERT INTO CIGAR(id,name,brand_id,country_id,strength_id) VALUES(1337,'SIXTY',410,1,3);
INSERT INTO CIGAR(id,name,brand_id,country_id,strength_id) VALUES(1338,'GRAN ROBUSTO',450,2,2);
INSERT INTO CIGAR(id,name,brand_id,country_id,strength_id) VALUES(1339,'46 X 5 3/4',449,3,2);
INSERT INTO BRAND(id,name) VALUES(462,'Cohiba Maduro 5');
INSERT INTO CIGAR(id,name,brand_id,country_id,strength_id) VALUES(1340,'MÁGICOS',462,4,2);
INSERT INTO CIGAR(id,name,brand_id,country_id,strength_id) VALUES(1341,'NO. 9',99,1,2);
INSERT INTO CIGAR(id,name,brand_id,country_id,strength_id) VALUES(1342,'ALMIRANTE',345,1,2);
INSERT INTO CIGAR(id,name,brand_id,country_id,strength_id) VALUES(1343,'BELICOSO FINO',72,1,2);
INSERT INTO BRAND(id,name) VALUES(463,'Alec Bradley Tempus Natural');
INSERT INTO CIGAR(id,name,brand_id,country_id,strength_id) VALUES(1344,'CENTURIA',463,2,3);
INSERT INTO CIGAR(id,name,brand_id,country_id,strength_id) VALUES(1345,'DIPLOMATICO',237,1,3);
INSERT INTO BRAND(id,name) VALUES(464,'Archetype Initiation');
INSERT INTO CIGAR(id,name,brand_id,country_id,strength_id) VALUES(1346,'CHURCHILL',464,1,2);
INSERT INTO CIGAR(id,name,brand_id,country_id,strength_id) VALUES(1347,'QUILLON',147,1,2);
INSERT INTO CIGAR(id,name,brand_id,country_id,strength_id) VALUES(1348,'CHURCHILL',279,1,2);
INSERT INTO CIGAR(id,name,brand_id,country_id,strength_id) VALUES(1349,'CHATEAU FUENTE SUN GROWN',86,3,3);
INSERT INTO CIGAR(id,name,brand_id,country_id,strength_id) VALUES(1350,'15 MINUTE BREAK',411,3,1);
INSERT INTO BRAND(id,name) VALUES(465,'Casa Magna Colorado');
INSERT INTO CIGAR(id,name,brand_id,country_id,strength_id) VALUES(1351,'EXTRAORDINARIO',465,1,2);
INSERT INTO BRAND(id,name) VALUES(466,'Rocky Patel Vintage 2003 Cameroon');
INSERT INTO CIGAR(id,name,brand_id,country_id,strength_id) VALUES(1352,'CHURCHILL',466,2,3);
INSERT INTO CIGAR(id,name,brand_id,country_id,strength_id) VALUES(1353,'MACHITO',40,1,2);
INSERT INTO CIGAR(id,name,brand_id,country_id,strength_id) VALUES(1354,'ROBUSTO',271,3,5);
INSERT INTO CIGAR(id,name,brand_id,country_id,strength_id) VALUES(1355,'TORPEDO',63,1,2);
INSERT INTO CIGAR(id,name,brand_id,country_id,strength_id) VALUES(1356,'TORO',287,1,2);
INSERT INTO CIGAR(id,name,brand_id,country_id,strength_id) VALUES(1357,'CHURCHILL',316,2,5);
INSERT INTO CIGAR(id,name,brand_id,country_id,strength_id) VALUES(1358,'ROBUSTO',329,3,2);
INSERT INTO BRAND(id,name) VALUES(467,'Cornelius & Anthony Meridian');
INSERT INTO CIGAR(id,name,brand_id,country_id,strength_id) VALUES(1359,'NA GORDA',467,1,3);
INSERT INTO CIGAR(id,name,brand_id,country_id,strength_id) VALUES(1360,'PETIT CORONA',285,1,3);
INSERT INTO BRAND(id,name) VALUES(468,'Villiger La Flor de Ynclan');
INSERT INTO CIGAR(id,name,brand_id,country_id,strength_id) VALUES(1361,'CHURCHILL',468,3,3);
INSERT INTO CIGAR(id,name,brand_id,country_id,strength_id) VALUES(1362,'ROBUSTO',452,1,2);
INSERT INTO CIGAR(id,name,brand_id,country_id,strength_id) VALUES(1363,'MARQUISE',451,3,1);
INSERT INTO CIGAR(id,name,brand_id,country_id,strength_id) VALUES(1364,'ROBUSTO',43,1,5);
INSERT INTO BRAND(id,name) VALUES(469,'1502 Ruby');
INSERT INTO CIGAR(id,name,brand_id,country_id,strength_id) VALUES(1365,'TORO',469,1,2);
INSERT INTO CIGAR(id,name,brand_id,country_id,strength_id) VALUES(1366,'DOUBLE MAGNUM',397,3,2);
INSERT INTO CIGAR(id,name,brand_id,country_id,strength_id) VALUES(1367,'GRAN ROBUSTO',371,3,3);
INSERT INTO BRAND(id,name) VALUES(470,'New World Puro Especial');
INSERT INTO CIGAR(id,name,brand_id,country_id,strength_id) VALUES(1368,'TORO',470,1,2);
INSERT INTO CIGAR(id,name,brand_id,country_id,strength_id) VALUES(1369,'ROBUSTO',470,1,2);
INSERT INTO CIGAR(id,name,brand_id,country_id,strength_id) VALUES(1370,'SHORT CHURCHILL',470,1,2);
INSERT INTO CIGAR(id,name,brand_id,country_id,strength_id) VALUES(1371,'TERRA MAGICA EXCLUSIVO ADRIATICO',74,4,2);
INSERT INTO CIGAR(id,name,brand_id,country_id,strength_id) VALUES(1372,'MEDIO SIGLO (TUBO)',55,4,2);
INSERT INTO CIGAR(id,name,brand_id,country_id,strength_id) VALUES(1373,'FIGURADO',371,3,2);
INSERT INTO CIGAR(id,name,brand_id,country_id,strength_id) VALUES(1374,'BELICOSO',371,3,3);
INSERT INTO CIGAR(id,name,brand_id,country_id,strength_id) VALUES(1375,'CHURCHILL',371,3,4);
INSERT INTO CIGAR(id,name,brand_id,country_id,strength_id) VALUES(1376,'TORO',371,3,3);
INSERT INTO CIGAR(id,name,brand_id,country_id,strength_id) VALUES(1377,'EL JOCKO',371,3,4);
INSERT INTO CIGAR(id,name,brand_id,country_id,strength_id) VALUES(1378,'EL JOCKO MADURO',371,3,2);
INSERT INTO CIGAR(id,name,brand_id,country_id,strength_id) VALUES(1379,'SUPER CORONA',371,3,3);
INSERT INTO BRAND(id,name) VALUES(471,'Pulita 60 Aniversario');
INSERT INTO CIGAR(id,name,brand_id,country_id,strength_id) VALUES(1380,'TORO',471,3,2);
INSERT INTO CIGAR(id,name,brand_id,country_id,strength_id) VALUES(1381,'ROBUSTO',471,3,2);
INSERT INTO CIGAR(id,name,brand_id,country_id,strength_id) VALUES(1382,'TORO',255,6,3);
INSERT INTO BRAND(id,name) VALUES(472,'Aging Room Quattro F55M');
INSERT INTO CIGAR(id,name,brand_id,country_id,strength_id) VALUES(1383,'ESPRESSIVO',472,3,2);
INSERT INTO CIGAR(id,name,brand_id,country_id,strength_id) VALUES(1384,'MAESTRO',472,3,2);
INSERT INTO CIGAR(id,name,brand_id,country_id,strength_id) VALUES(1385,'VIBRATO',472,3,2);
INSERT INTO CIGAR(id,name,brand_id,country_id,strength_id) VALUES(1386,'CONCERTO',472,3,2);
INSERT INTO CIGAR(id,name,brand_id,country_id,strength_id) VALUES(1387,'GIGANTES CT',100,1,3);
INSERT INTO CIGAR(id,name,brand_id,country_id,strength_id) VALUES(1388,'ROTHCHILDES CT',100,1,4);
INSERT INTO BRAND(id,name) VALUES(473,'Davidoff Master Selection 2013');
INSERT INTO CIGAR(id,name,brand_id,country_id,strength_id) VALUES(1389,'TORO',473,3,2);
INSERT INTO BRAND(id,name) VALUES(474,'Hammer + Sickle Trademark Series Connecticut');
INSERT INTO CIGAR(id,name,brand_id,country_id,strength_id) VALUES(1390,'ROBUSTO',474,3,5);
INSERT INTO CIGAR(id,name,brand_id,country_id,strength_id) VALUES(1391,'DHARMA NO. 3',459,1,3);
INSERT INTO CIGAR(id,name,brand_id,country_id,strength_id) VALUES(1392,'CHURCHILL',123,2,2);
INSERT INTO CIGAR(id,name,brand_id,country_id,strength_id) VALUES(1393,'CHURCHILL',319,2,3);
INSERT INTO BRAND(id,name) VALUES(475,'Alec Bradley Connecticut');
INSERT INTO CIGAR(id,name,brand_id,country_id,strength_id) VALUES(1394,'CHURCHILL',475,2,3);
INSERT INTO CIGAR(id,name,brand_id,country_id,strength_id) VALUES(1395,'EROS',53,1,3);
INSERT INTO CIGAR(id,name,brand_id,country_id,strength_id) VALUES(1396,'LE HOYO DE SAN JUAN (TUBO)',60,4,3);
INSERT INTO CIGAR(id,name,brand_id,country_id,strength_id) VALUES(1397,'SPANISH LONSDALE',86,3,3);
INSERT INTO CIGAR(id,name,brand_id,country_id,strength_id) VALUES(1398,'LANCERO',350,2,1);
INSERT INTO BRAND(id,name) VALUES(476,'Vegas Cubanas');
INSERT INTO CIGAR(id,name,brand_id,country_id,strength_id) VALUES(1399,'IMPERIALES',476,1,3);
INSERT INTO CIGAR(id,name,brand_id,country_id,strength_id) VALUES(1400,'BELICOSO XXX',215,3,1);
INSERT INTO CIGAR(id,name,brand_id,country_id,strength_id) VALUES(1401,'DIADEMA',171,3,3);
INSERT INTO CIGAR(id,name,brand_id,country_id,strength_id) VALUES(1402,'ROBUSTO',442,1,3);
INSERT INTO BRAND(id,name) VALUES(477,'La Gloria Cubana Colección Reserva');
INSERT INTO CIGAR(id,name,brand_id,country_id,strength_id) VALUES(1403,'TORPEDO',477,3,2);
INSERT INTO CIGAR(id,name,brand_id,country_id,strength_id) VALUES(1404,'PIRÁMIDES EXTRA (TUBO)',55,4,3);
INSERT INTO CIGAR(id,name,brand_id,country_id,strength_id) VALUES(1405,'PERILLAS',298,3,2);
INSERT INTO CIGAR(id,name,brand_id,country_id,strength_id) VALUES(1406,'ESPECIAL NO. 1',49,3,3);
INSERT INTO CIGAR(id,name,brand_id,country_id,strength_id) VALUES(1407,'TORO',471,3,2);
INSERT INTO CIGAR(id,name,brand_id,country_id,strength_id) VALUES(1408,'40TH ANNIVERSARY',99,1,2);
INSERT INTO CIGAR(id,name,brand_id,country_id,strength_id) VALUES(1409,'NO. 2',339,3,4);
INSERT INTO CIGAR(id,name,brand_id,country_id,strength_id) VALUES(1410,'PUNCH',125,4,3);
INSERT INTO BRAND(id,name) VALUES(478,'Tatuaje Black');
INSERT INTO CIGAR(id,name,brand_id,country_id,strength_id) VALUES(1411,'PETITE LANCERO',478,1,1);
INSERT INTO CIGAR(id,name,brand_id,country_id,strength_id) VALUES(1412,'ELEGANTE',225,2,3);
INSERT INTO CIGAR(id,name,brand_id,country_id,strength_id) VALUES(1413,'CAZADORES',22,4,3);
INSERT INTO CIGAR(id,name,brand_id,country_id,strength_id) VALUES(1414,'LANCERO',181,6,2);
INSERT INTO CIGAR(id,name,brand_id,country_id,strength_id) VALUES(1415,'NO. 2',105,4,2);
INSERT INTO BRAND(id,name) VALUES(479,'Gran Habano Connecticut No. 1');
INSERT INTO CIGAR(id,name,brand_id,country_id,strength_id) VALUES(1416,'LANCERO',479,2,4);
INSERT INTO BRAND(id,name) VALUES(480,'San Lotano Requiem Habano');
INSERT INTO CIGAR(id,name,brand_id,country_id,strength_id) VALUES(1417,'CHURCHILL',480,1,2);
INSERT INTO BRAND(id,name) VALUES(481,'Kristoff Corojo Limitada');
INSERT INTO CIGAR(id,name,brand_id,country_id,strength_id) VALUES(1418,'LANCERO',481,3,2);
INSERT INTO CIGAR(id,name,brand_id,country_id,strength_id) VALUES(1419,'DIAMOND GIRL',146,3,3);
INSERT INTO CIGAR(id,name,brand_id,country_id,strength_id) VALUES(1420,'DOUBLE EDMUNDO',45,4,2);
INSERT INTO BRAND(id,name) VALUES(482,'Headley Grange');
INSERT INTO CIGAR(id,name,brand_id,country_id,strength_id) VALUES(1421,'HERMOSO NO. 4',482,3,2);
INSERT INTO BRAND(id,name) VALUES(483,'E.P. Carrillo Capa de Sol');
INSERT INTO CIGAR(id,name,brand_id,country_id,strength_id) VALUES(1422,'PIRAMIDES NO. 5',483,3,3);
INSERT INTO CIGAR(id,name,brand_id,country_id,strength_id) VALUES(1423,'LANCERO',20,1,2);
INSERT INTO CIGAR(id,name,brand_id,country_id,strength_id) VALUES(1424,'CHOIX SUPREME',313,4,3);
INSERT INTO BRAND(id,name) VALUES(484,'Casa Turrent Serie 1942');
INSERT INTO CIGAR(id,name,brand_id,country_id,strength_id) VALUES(1425,'TORPEDO',484,5,2);
INSERT INTO CIGAR(id,name,brand_id,country_id,strength_id) VALUES(1426,'ILLUSION',281,3,1);
INSERT INTO CIGAR(id,name,brand_id,country_id,strength_id) VALUES(1427,'TORO',255,6,3);
INSERT INTO CIGAR(id,name,brand_id,country_id,strength_id) VALUES(1428,'ESPRESSIVO',472,3,2);
INSERT INTO CIGAR(id,name,brand_id,country_id,strength_id) VALUES(1429,'',467,1,3);
INSERT INTO BRAND(id,name) VALUES(485,'Plasencia Alma del Campo');
INSERT INTO CIGAR(id,name,brand_id,country_id,strength_id) VALUES(1430,'TRAVESÍA',485,1,3);
INSERT INTO CIGAR(id,name,brand_id,country_id,strength_id) VALUES(1431,'LANCERO',55,4,2);
INSERT INTO CIGAR(id,name,brand_id,country_id,strength_id) VALUES(1432,'TORPEDO',468,3,2);
INSERT INTO BRAND(id,name) VALUES(486,'Undercrown Sun Grown');
INSERT INTO CIGAR(id,name,brand_id,country_id,strength_id) VALUES(1433,'FLYING PIG',486,1,2);
INSERT INTO CIGAR(id,name,brand_id,country_id,strength_id) VALUES(1434,'V642 PISTON',135,1,2);
INSERT INTO BRAND(id,name) VALUES(487,'Padilla 1932');
INSERT INTO CIGAR(id,name,brand_id,country_id,strength_id) VALUES(1435,'ROBUSTO',487,2,2);
INSERT INTO BRAND(id,name) VALUES(488,'Gaaja Maduro');
INSERT INTO CIGAR(id,name,brand_id,country_id,strength_id) VALUES(1436,'TORO',488,7,3);
INSERT INTO BRAND(id,name) VALUES(489,'Monte by Montecristo AJ Fernandez');
INSERT INTO CIGAR(id,name,brand_id,country_id,strength_id) VALUES(1437,'TORO',489,1,2);
INSERT INTO BRAND(id,name) VALUES(490,'Alec Bradley Prensado Lost Art');
INSERT INTO CIGAR(id,name,brand_id,country_id,strength_id) VALUES(1438,'TORPEDO',490,2,2);
INSERT INTO CIGAR(id,name,brand_id,country_id,strength_id) VALUES(1439,'LONSDALE',68,3,3);
INSERT INTO CIGAR(id,name,brand_id,country_id,strength_id) VALUES(1440,'88 EXCLUSIVO ASIA PACIFICO',196,4,3);
INSERT INTO BRAND(id,name) VALUES(491,'Gurkha Cellar Reserve 15 Year 10th Anniversary');
INSERT INTO CIGAR(id,name,brand_id,country_id,strength_id) VALUES(1441,'TORO',491,1,2);
INSERT INTO BRAND(id,name) VALUES(492,'Viaje White Label Piña');
INSERT INTO CIGAR(id,name,brand_id,country_id,strength_id) VALUES(1442,'NOHEA',492,3,2);
INSERT INTO CIGAR(id,name,brand_id,country_id,strength_id) VALUES(1443,'PANETELA',47,3,4);
INSERT INTO CIGAR(id,name,brand_id,country_id,strength_id) VALUES(1444,'LANCERO',4,2,3);
INSERT INTO CIGAR(id,name,brand_id,country_id,strength_id) VALUES(1445,'LONSDALE',72,1,2);
INSERT INTO CIGAR(id,name,brand_id,country_id,strength_id) VALUES(1446,'CHURCHILL',213,1,2);
INSERT INTO CIGAR(id,name,brand_id,country_id,strength_id) VALUES(1447,'TERRA MAGICA EXCLUSIVO ADRIATICO',74,4,2);
INSERT INTO CIGAR(id,name,brand_id,country_id,strength_id) VALUES(1448,'CHURCHILL',56,1,2);
INSERT INTO BRAND(id,name) VALUES(493,'Quesada 40th Anniversary');
INSERT INTO CIGAR(id,name,brand_id,country_id,strength_id) VALUES(1449,'ROBUSTO',493,3,3);
INSERT INTO CIGAR(id,name,brand_id,country_id,strength_id) VALUES(1450,'BARON DE ROTHSCHILD',27,3,3);
INSERT INTO BRAND(id,name) VALUES(494,'Asylum 13');
INSERT INTO CIGAR(id,name,brand_id,country_id,strength_id) VALUES(1451,'50X5',494,1,2);
INSERT INTO BRAND(id,name) VALUES(495,'Joya Cabinetta');
INSERT INTO CIGAR(id,name,brand_id,country_id,strength_id) VALUES(1452,'ROBUSTO',495,1,2);
INSERT INTO BRAND(id,name) VALUES(496,'Perdomo Reserve Champagne Noir');
INSERT INTO CIGAR(id,name,brand_id,country_id,strength_id) VALUES(1453,'CHURCHILL',496,1,2);
INSERT INTO CIGAR(id,name,brand_id,country_id,strength_id) VALUES(1454,'CHURCHILL',161,1,3);
INSERT INTO CIGAR(id,name,brand_id,country_id,strength_id) VALUES(1455,'LANCERO',31,1,1);
INSERT INTO BRAND(id,name) VALUES(497,'Cuesta-Rey Centro Fino Sungrown');
INSERT INTO CIGAR(id,name,brand_id,country_id,strength_id) VALUES(1456,'CAPTIVA',497,3,2);
INSERT INTO CIGAR(id,name,brand_id,country_id,strength_id) VALUES(1457,'SHORT CHURCHILL',470,1,2);
INSERT INTO CIGAR(id,name,brand_id,country_id,strength_id) VALUES(1458,'NO. 1',93,3,3);
INSERT INTO BRAND(id,name) VALUES(498,'La Alianza Rosado');
INSERT INTO CIGAR(id,name,brand_id,country_id,strength_id) VALUES(1459,'CHURCHILL EXTRA',498,3,2);
INSERT INTO CIGAR(id,name,brand_id,country_id,strength_id) VALUES(1460,'LONSDALE',168,1,5);
INSERT INTO CIGAR(id,name,brand_id,country_id,strength_id) VALUES(1461,'ROTHSCHILD',127,3,2);
INSERT INTO CIGAR(id,name,brand_id,country_id,strength_id) VALUES(1462,'REGATA (TUBO)',111,4,2);
INSERT INTO CIGAR(id,name,brand_id,country_id,strength_id) VALUES(1463,'CHURCHILL',455,3,2);
INSERT INTO CIGAR(id,name,brand_id,country_id,strength_id) VALUES(1464,'CHURCHILL',354,3,4);
INSERT INTO BRAND(id,name) VALUES(499,'The Wise Man Maduro');
INSERT INTO CIGAR(id,name,brand_id,country_id,strength_id) VALUES(1465,'CHURCHILL',499,1,2);
INSERT INTO CIGAR(id,name,brand_id,country_id,strength_id) VALUES(1466,'ROYAL CORONA (TUBO)',109,4,3);
INSERT INTO BRAND(id,name) VALUES(500,'PDR 1878 Capa Natural');
INSERT INTO CIGAR(id,name,brand_id,country_id,strength_id) VALUES(1467,'CHURCHILL',500,3,5);
INSERT INTO BRAND(id,name) VALUES(501,'Warped Corto');
INSERT INTO CIGAR(id,name,brand_id,country_id,strength_id) VALUES(1468,'X46',501,1,2);
INSERT INTO CIGAR(id,name,brand_id,country_id,strength_id) VALUES(1469,'',467,1,3);
INSERT INTO CIGAR(id,name,brand_id,country_id,strength_id) VALUES(1470,'NA GORDA',467,1,3);
INSERT INTO CIGAR(id,name,brand_id,country_id,strength_id) VALUES(1471,'O',467,1,2);
INSERT INTO CIGAR(id,name,brand_id,country_id,strength_id) VALUES(1472,'STO',467,1,2);
INSERT INTO CIGAR(id,name,brand_id,country_id,strength_id) VALUES(1473,'ROBUSTO',468,3,2);
INSERT INTO CIGAR(id,name,brand_id,country_id,strength_id) VALUES(1474,'TORPEDO',468,3,2);
INSERT INTO CIGAR(id,name,brand_id,country_id,strength_id) VALUES(1475,'CHURCHILL',468,3,3);
INSERT INTO CIGAR(id,name,brand_id,country_id,strength_id) VALUES(1476,'TRAVESÍA',485,1,3);
INSERT INTO CIGAR(id,name,brand_id,country_id,strength_id) VALUES(1477,'SENDERO',485,1,2);
INSERT INTO CIGAR(id,name,brand_id,country_id,strength_id) VALUES(1478,'MADROÑO',485,1,2);
INSERT INTO CIGAR(id,name,brand_id,country_id,strength_id) VALUES(1479,'TRIBU',485,1,2);
INSERT INTO CIGAR(id,name,brand_id,country_id,strength_id) VALUES(1480,'GUAJIRO',485,1,3);
INSERT INTO CIGAR(id,name,brand_id,country_id,strength_id) VALUES(1481,'MAGNUM 54 (TUBO)',105,4,3);
INSERT INTO CIGAR(id,name,brand_id,country_id,strength_id) VALUES(1482,'FLYING PIG',486,1,2);
INSERT INTO CIGAR(id,name,brand_id,country_id,strength_id) VALUES(1483,'GORDITO',486,1,2);
INSERT INTO CIGAR(id,name,brand_id,country_id,strength_id) VALUES(1484,'CORONA',486,1,2);
INSERT INTO CIGAR(id,name,brand_id,country_id,strength_id) VALUES(1485,'CORONA DOBLE',486,1,3);
INSERT INTO CIGAR(id,name,brand_id,country_id,strength_id) VALUES(1486,'GRAN TORO',486,1,3);
INSERT INTO CIGAR(id,name,brand_id,country_id,strength_id) VALUES(1487,'BELICOSO',486,1,3);
INSERT INTO CIGAR(id,name,brand_id,country_id,strength_id) VALUES(1488,'ROBUSTO',486,1,2);
INSERT INTO CIGAR(id,name,brand_id,country_id,strength_id) VALUES(1489,'MÁGICOS',462,4,2);
INSERT INTO CIGAR(id,name,brand_id,country_id,strength_id) VALUES(1490,'TORO',489,1,2);
INSERT INTO CIGAR(id,name,brand_id,country_id,strength_id) VALUES(1491,'BELICOSO',489,1,3);
INSERT INTO CIGAR(id,name,brand_id,country_id,strength_id) VALUES(1492,'ROBUSTO',489,1,2);
INSERT INTO CIGAR(id,name,brand_id,country_id,strength_id) VALUES(1493,'CORONA',489,1,1);
INSERT INTO CIGAR(id,name,brand_id,country_id,strength_id) VALUES(1494,'TORPEDO',488,7,3);
INSERT INTO CIGAR(id,name,brand_id,country_id,strength_id) VALUES(1495,'ROBUSTO',487,2,2);
INSERT INTO CIGAR(id,name,brand_id,country_id,strength_id) VALUES(1496,'TORO',487,2,2);
INSERT INTO CIGAR(id,name,brand_id,country_id,strength_id) VALUES(1497,'CHURCHILL',487,2,3);
INSERT INTO CIGAR(id,name,brand_id,country_id,strength_id) VALUES(1498,'TORPEDO',487,2,3);
INSERT INTO CIGAR(id,name,brand_id,country_id,strength_id) VALUES(1499,'DOUBLE TORO',487,2,2);
INSERT INTO CIGAR(id,name,brand_id,country_id,strength_id) VALUES(1500,'TORO BOX-PRESSED',296,1,3);
INSERT INTO CIGAR(id,name,brand_id,country_id,strength_id) VALUES(1501,'88 EXCLUSIVO ASIA PACIFICO',196,4,3);
INSERT INTO CIGAR(id,name,brand_id,country_id,strength_id) VALUES(1502,'TORO',488,7,3);
INSERT INTO CIGAR(id,name,brand_id,country_id,strength_id) VALUES(1503,'DOUBLE T',490,2,2);
INSERT INTO CIGAR(id,name,brand_id,country_id,strength_id) VALUES(1504,'TORPEDO',490,2,2);
INSERT INTO CIGAR(id,name,brand_id,country_id,strength_id) VALUES(1505,'GRAN TORO',490,2,3);
INSERT INTO CIGAR(id,name,brand_id,country_id,strength_id) VALUES(1506,'CHURCHILL',490,2,2);
INSERT INTO CIGAR(id,name,brand_id,country_id,strength_id) VALUES(1507,'ROBUSTO',490,2,3);
INSERT INTO CIGAR(id,name,brand_id,country_id,strength_id) VALUES(1508,'NOHEA',492,3,2);
INSERT INTO CIGAR(id,name,brand_id,country_id,strength_id) VALUES(1509,'MAKANA',492,3,2);
INSERT INTO CIGAR(id,name,brand_id,country_id,strength_id) VALUES(1510,'TORPEDO',477,3,2);
INSERT INTO CIGAR(id,name,brand_id,country_id,strength_id) VALUES(1511,'PRESIDENTE',477,3,3);
INSERT INTO CIGAR(id,name,brand_id,country_id,strength_id) VALUES(1512,'ROBUSTO',477,3,3);
INSERT INTO CIGAR(id,name,brand_id,country_id,strength_id) VALUES(1513,'TORO',491,1,2);
INSERT INTO CIGAR(id,name,brand_id,country_id,strength_id) VALUES(1514,'VIGÍA (TUBO)',103,4,3);
INSERT INTO CIGAR(id,name,brand_id,country_id,strength_id) VALUES(1515,'ROBUSTO',281,3,1);
INSERT INTO CIGAR(id,name,brand_id,country_id,strength_id) VALUES(1516,'ECLIPSE',232,3,2);
INSERT INTO CIGAR(id,name,brand_id,country_id,strength_id) VALUES(1517,'TRÉS MYSTIQUE',281,3,2);
INSERT INTO CIGAR(id,name,brand_id,country_id,strength_id) VALUES(1518,'ILLUSION',281,3,1);
INSERT INTO BRAND(id,name) VALUES(502,'El Trovador');
INSERT INTO CIGAR(id,name,brand_id,country_id,strength_id) VALUES(1519,'PETIT BELICOSO',502,3,3);
INSERT INTO CIGAR(id,name,brand_id,country_id,strength_id) VALUES(1520,'GRAN TORO',502,3,2);
INSERT INTO CIGAR(id,name,brand_id,country_id,strength_id) VALUES(1521,'ROBUSTO',502,3,3);
INSERT INTO CIGAR(id,name,brand_id,country_id,strength_id) VALUES(1522,'CORONA GORDA',502,3,3);
INSERT INTO BRAND(id,name) VALUES(503,'Pappy Van Winkle Tradition');
INSERT INTO CIGAR(id,name,brand_id,country_id,strength_id) VALUES(1523,'CHURCHILL',503,1,2);
INSERT INTO CIGAR(id,name,brand_id,country_id,strength_id) VALUES(1524,'ROBUSTO GRANDE',503,1,2);
INSERT INTO CIGAR(id,name,brand_id,country_id,strength_id) VALUES(1525,'TORO',503,1,3);
INSERT INTO CIGAR(id,name,brand_id,country_id,strength_id) VALUES(1526,'BELICOSO FINO',503,1,2);
INSERT INTO CIGAR(id,name,brand_id,country_id,strength_id) VALUES(1527,'CORONITA',503,1,3);
INSERT INTO BRAND(id,name) VALUES(504,'Tatuaje Tattoo');
INSERT INTO CIGAR(id,name,brand_id,country_id,strength_id) VALUES(1528,'NEEDLES',504,1,1);
INSERT INTO CIGAR(id,name,brand_id,country_id,strength_id) VALUES(1529,'EYE OF THE SHARK',136,3,2);
INSERT INTO CIGAR(id,name,brand_id,country_id,strength_id) VALUES(1530,'NO. 2',99,1,2);
INSERT INTO CIGAR(id,name,brand_id,country_id,strength_id) VALUES(1531,'BELICOSO',33,1,2);
INSERT INTO CIGAR(id,name,brand_id,country_id,strength_id) VALUES(1532,'BELICOSO FINO',109,4,2);
INSERT INTO CIGAR(id,name,brand_id,country_id,strength_id) VALUES(1533,'CENTURIA',463,2,3);
INSERT INTO CIGAR(id,name,brand_id,country_id,strength_id) VALUES(1534,'BELICOSO',139,3,2);
INSERT INTO CIGAR(id,name,brand_id,country_id,strength_id) VALUES(1535,'GRAND ROBUSTO',373,1,2);
INSERT INTO CIGAR(id,name,brand_id,country_id,strength_id) VALUES(1536,'APOLLO SELECCIÓN DE WARPED',325,1,3);
INSERT INTO CIGAR(id,name,brand_id,country_id,strength_id) VALUES(1537,'GENERACION V',359,1,2);
INSERT INTO CIGAR(id,name,brand_id,country_id,strength_id) VALUES(1538,'ROBUSTO',468,3,2);
INSERT INTO CIGAR(id,name,brand_id,country_id,strength_id) VALUES(1539,'LUSITANIA',37,4,3);
INSERT INTO CIGAR(id,name,brand_id,country_id,strength_id) VALUES(1540,'TORO',470,1,2);
INSERT INTO CIGAR(id,name,brand_id,country_id,strength_id) VALUES(1541,'TORO',408,1,2);
INSERT INTO CIGAR(id,name,brand_id,country_id,strength_id) VALUES(1542,'TORPEDO',402,1,2);
INSERT INTO CIGAR(id,name,brand_id,country_id,strength_id) VALUES(1543,'CANTAOR',306,3,2);
INSERT INTO CIGAR(id,name,brand_id,country_id,strength_id) VALUES(1544,'CHURCHILL',466,2,3);
INSERT INTO CIGAR(id,name,brand_id,country_id,strength_id) VALUES(1545,'50X5',314,1,2);
INSERT INTO CIGAR(id,name,brand_id,country_id,strength_id) VALUES(1546,'SOLIDOS',352,3,2);
INSERT INTO CIGAR(id,name,brand_id,country_id,strength_id) VALUES(1547,'SHORT CHURCHILL',22,4,3);
INSERT INTO CIGAR(id,name,brand_id,country_id,strength_id) VALUES(1548,'CHURCHILL',238,2,2);
INSERT INTO CIGAR(id,name,brand_id,country_id,strength_id) VALUES(1549,'PRESSED PERFECTO',413,1,3);
INSERT INTO CIGAR(id,name,brand_id,country_id,strength_id) VALUES(1550,'NOCTURNO',300,1,3);
INSERT INTO CIGAR(id,name,brand_id,country_id,strength_id) VALUES(1551,'LANCERO',36,3,1);
INSERT INTO CIGAR(id,name,brand_id,country_id,strength_id) VALUES(1552,'NOELLAS',90,6,2);
INSERT INTO CIGAR(id,name,brand_id,country_id,strength_id) VALUES(1553,'CHURCHILL',279,1,2);
INSERT INTO CIGAR(id,name,brand_id,country_id,strength_id) VALUES(1554,'NO. 35',99,1,2);
INSERT INTO CIGAR(id,name,brand_id,country_id,strength_id) VALUES(1555,'KNUCKLE DRAGGER',420,1,1);
INSERT INTO CIGAR(id,name,brand_id,country_id,strength_id) VALUES(1556,'COLONIAL',293,6,3);
INSERT INTO CIGAR(id,name,brand_id,country_id,strength_id) VALUES(1557,'LONSDALE DELUXE',193,1,3);
INSERT INTO CIGAR(id,name,brand_id,country_id,strength_id) VALUES(1558,'CHISEL',36,3,1);
INSERT INTO CIGAR(id,name,brand_id,country_id,strength_id) VALUES(1559,'CORONA',8,3,2);
INSERT INTO CIGAR(id,name,brand_id,country_id,strength_id) VALUES(1560,'NO. 3',136,3,2);
INSERT INTO CIGAR(id,name,brand_id,country_id,strength_id) VALUES(1561,'CORONA MAJOR',105,4,3);
INSERT INTO CIGAR(id,name,brand_id,country_id,strength_id) VALUES(1562,'NO. 20',351,3,5);
INSERT INTO BRAND(id,name) VALUES(505,'Daniel Marshall Black Label');
INSERT INTO CIGAR(id,name,brand_id,country_id,strength_id) VALUES(1563,'CHURCHILL',505,3,3);
INSERT INTO BRAND(id,name) VALUES(506,'Tierra Volcan');
INSERT INTO CIGAR(id,name,brand_id,country_id,strength_id) VALUES(1564,'CLASICO',506,1,3);
INSERT INTO CIGAR(id,name,brand_id,country_id,strength_id) VALUES(1565,'INVICTOS',476,1,3);
INSERT INTO CIGAR(id,name,brand_id,country_id,strength_id) VALUES(1566,'ROBUSTO SELECTO',456,3,2);
INSERT INTO BRAND(id,name) VALUES(507,'Regius Sun Grown');
INSERT INTO CIGAR(id,name,brand_id,country_id,strength_id) VALUES(1567,'ROBUSTO',507,1,2);
INSERT INTO CIGAR(id,name,brand_id,country_id,strength_id) VALUES(1568,'CHURCHILL',362,1,3);
INSERT INTO BRAND(id,name) VALUES(508,'Tatuaje Reserva');
INSERT INTO CIGAR(id,name,brand_id,country_id,strength_id) VALUES(1569,'SW',508,6,2);
INSERT INTO CIGAR(id,name,brand_id,country_id,strength_id) VALUES(1570,'CULEBRA',37,4,2);
INSERT INTO BRAND(id,name) VALUES(509,'Casa Turrent Serie 1973');
INSERT INTO CIGAR(id,name,brand_id,country_id,strength_id) VALUES(1571,'ROBUSTO',509,5,2);
INSERT INTO CIGAR(id,name,brand_id,country_id,strength_id) VALUES(1572,'SAGITA PETITE LANCERO',336,3,2);
INSERT INTO CIGAR(id,name,brand_id,country_id,strength_id) VALUES(1573,'NO. 5',9,3,3);
INSERT INTO CIGAR(id,name,brand_id,country_id,strength_id) VALUES(1574,'PETIT EDMUNDO (TUBO)',45,4,2);
INSERT INTO BRAND(id,name) VALUES(510,'La Barba Siempre');
INSERT INTO CIGAR(id,name,brand_id,country_id,strength_id) VALUES(1575,'5 X 50',510,3,4);
INSERT INTO BRAND(id,name) VALUES(511,'La Flor Dominicana 1994');
INSERT INTO CIGAR(id,name,brand_id,country_id,strength_id) VALUES(1576,'CONGA',511,3,2);
INSERT INTO BRAND(id,name) VALUES(512,'Serino Wayfarer');
INSERT INTO CIGAR(id,name,brand_id,country_id,strength_id) VALUES(1577,'CORONA',512,1,3);
INSERT INTO BRAND(id,name) VALUES(513,'El Centurion');
INSERT INTO CIGAR(id,name,brand_id,country_id,strength_id) VALUES(1578,'ROBUSTO',513,1,2);
INSERT INTO CIGAR(id,name,brand_id,country_id,strength_id) VALUES(1579,'SATIN GLOVE',164,1,2);
INSERT INTO CIGAR(id,name,brand_id,country_id,strength_id) VALUES(1580,'RESERVA NO. 48',170,3,2);
INSERT INTO CIGAR(id,name,brand_id,country_id,strength_id) VALUES(1581,'CORONA',76,1,2);
INSERT INTO CIGAR(id,name,brand_id,country_id,strength_id) VALUES(1582,'SIGLO II (TUBO)',55,4,2);
INSERT INTO CIGAR(id,name,brand_id,country_id,strength_id) VALUES(1583,'LA TROVA',103,4,3);
INSERT INTO CIGAR(id,name,brand_id,country_id,strength_id) VALUES(1584,'CHIQUITAS',244,1,2);
INSERT INTO CIGAR(id,name,brand_id,country_id,strength_id) VALUES(1585,'PETIT NO. 2 (TUBO)',45,4,3);
INSERT INTO CIGAR(id,name,brand_id,country_id,strength_id) VALUES(1586,'TRIUMPH',92,1,3);
INSERT INTO CIGAR(id,name,brand_id,country_id,strength_id) VALUES(1587,'SENDERO',485,1,2);
INSERT INTO CIGAR(id,name,brand_id,country_id,strength_id) VALUES(1588,'TORO',487,2,2);
INSERT INTO CIGAR(id,name,brand_id,country_id,strength_id) VALUES(1589,'ROBUSTO',489,1,2);
INSERT INTO CIGAR(id,name,brand_id,country_id,strength_id) VALUES(1590,'TORO BOX-PRESSED',296,1,3);
INSERT INTO CIGAR(id,name,brand_id,country_id,strength_id) VALUES(1591,'ROBUSTO',477,3,3);
INSERT INTO CIGAR(id,name,brand_id,country_id,strength_id) VALUES(1592,'GRAN TORO',490,2,3);
INSERT INTO CIGAR(id,name,brand_id,country_id,strength_id) VALUES(1593,'VIGÍA (TUBO)',103,4,3);
INSERT INTO CIGAR(id,name,brand_id,country_id,strength_id) VALUES(1594,'ROBUSTO',281,3,1);
INSERT INTO CIGAR(id,name,brand_id,country_id,strength_id) VALUES(1595,'CHURCHILL',503,1,2);
INSERT INTO CIGAR(id,name,brand_id,country_id,strength_id) VALUES(1596,'PETIT BELICOSO',502,3,3);
INSERT INTO CIGAR(id,name,brand_id,country_id,strength_id) VALUES(1597,'A CLARO',44,4,3);
INSERT INTO CIGAR(id,name,brand_id,country_id,strength_id) VALUES(1598,'0',44,4,2);
INSERT INTO CIGAR(id,name,brand_id,country_id,strength_id) VALUES(1599,'4',44,4,2);
INSERT INTO CIGAR(id,name,brand_id,country_id,strength_id) VALUES(1600,'4',44,4,2);
INSERT INTO BRAND(id,name) VALUES(514,'La Aurora ADN Dominicano');
INSERT INTO CIGAR(id,name,brand_id,country_id,strength_id) VALUES(1601,'ROBUSTO',514,3,1);
INSERT INTO CIGAR(id,name,brand_id,country_id,strength_id) VALUES(1602,'TORO',514,3,2);
INSERT INTO CIGAR(id,name,brand_id,country_id,strength_id) VALUES(1603,'CHURCHILL',514,3,3);
INSERT INTO CIGAR(id,name,brand_id,country_id,strength_id) VALUES(1604,'GRAN TORO',514,3,2);
INSERT INTO CIGAR(id,name,brand_id,country_id,strength_id) VALUES(1605,'ROBUSTO',514,3,1);
INSERT INTO CIGAR(id,name,brand_id,country_id,strength_id) VALUES(1606,'AFTER DINNER',125,2,2);
INSERT INTO BRAND(id,name) VALUES(515,'E.P. Carrillo Elencos');
INSERT INTO CIGAR(id,name,brand_id,country_id,strength_id) VALUES(1607,'ACTO MAYOR',515,3,2);
INSERT INTO BRAND(id,name) VALUES(516,'Villiger Cuellar Connecticut Kreme');
INSERT INTO CIGAR(id,name,brand_id,country_id,strength_id) VALUES(1608,'CHURCHILL',516,3,4);
INSERT INTO BRAND(id,name) VALUES(517,'Joya De Nicaragua Antaño Gran Reserva');
INSERT INTO CIGAR(id,name,brand_id,country_id,strength_id) VALUES(1609,'ROBUSTO GRANDE',517,1,2);
INSERT INTO BRAND(id,name) VALUES(518,'León Jimenes');
INSERT INTO CIGAR(id,name,brand_id,country_id,strength_id) VALUES(1610,'NO. 4',518,3,4);
INSERT INTO BRAND(id,name) VALUES(519,'Alec Bradley Black Market Estelí');
INSERT INTO CIGAR(id,name,brand_id,country_id,strength_id) VALUES(1611,'TORPEDO',519,1,2);
INSERT INTO BRAND(id,name) VALUES(520,'Rocky Patel Royale');
INSERT INTO CIGAR(id,name,brand_id,country_id,strength_id) VALUES(1612,'TORPEDO',520,1,2);
INSERT INTO CIGAR(id,name,brand_id,country_id,strength_id) VALUES(1613,'TORO',54,3,3);
INSERT INTO CIGAR(id,name,brand_id,country_id,strength_id) VALUES(1614,'SERIE E NO. 2 (TUBO)',37,4,2);
INSERT INTO CIGAR(id,name,brand_id,country_id,strength_id) VALUES(1615,'ROBUSTO',423,1,2);
INSERT INTO CIGAR(id,name,brand_id,country_id,strength_id) VALUES(1616,'48X4',174,2,3);
INSERT INTO BRAND(id,name) VALUES(521,'San Lotano');
INSERT INTO CIGAR(id,name,brand_id,country_id,strength_id) VALUES(1617,'ROBUSTO',521,1,2);
INSERT INTO CIGAR(id,name,brand_id,country_id,strength_id) VALUES(1618,'CONCERTO',153,3,2);
INSERT INTO CIGAR(id,name,brand_id,country_id,strength_id) VALUES(1619,'CHURCHILL',38,1,3);
INSERT INTO CIGAR(id,name,brand_id,country_id,strength_id) VALUES(1620,'MAGNUM 46 (TUBO)',105,4,2);
INSERT INTO CIGAR(id,name,brand_id,country_id,strength_id) VALUES(1621,'CHURCHILL',78,3,3);
INSERT INTO BRAND(id,name) VALUES(522,'Micallef Experiencia');
INSERT INTO CIGAR(id,name,brand_id,country_id,strength_id) VALUES(1622,'LA CREMA',522,1,2);
INSERT INTO BRAND(id,name) VALUES(523,'Montecristo Grupo de Maestros Private Batch III');
INSERT INTO CIGAR(id,name,brand_id,country_id,strength_id) VALUES(1623,'BELICOSO',523,3,3);
INSERT INTO CIGAR(id,name,brand_id,country_id,strength_id) VALUES(1624,'TALISMÁN EDICIÓN LIMITADA 2017',55,4,3);
INSERT INTO CIGAR(id,name,brand_id,country_id,strength_id) VALUES(1625,'6000',50,1,3);
INSERT INTO CIGAR(id,name,brand_id,country_id,strength_id) VALUES(1626,'DUKE OF WINDSOR',58,3,4);
INSERT INTO BRAND(id,name) VALUES(524,'Graycliff Chateau Grand Cru');
INSERT INTO CIGAR(id,name,brand_id,country_id,strength_id) VALUES(1627,'SALOMON',524,8,2);
INSERT INTO CIGAR(id,name,brand_id,country_id,strength_id) VALUES(1628,'CEDRO DELUXE NO. 2',234,3,3);
INSERT INTO CIGAR(id,name,brand_id,country_id,strength_id) VALUES(1629,'PETIT ROYALES',22,4,2);
INSERT INTO CIGAR(id,name,brand_id,country_id,strength_id) VALUES(1630,'GRAN UNICO',57,1,2);
INSERT INTO CIGAR(id,name,brand_id,country_id,strength_id) VALUES(1631,'MONTECRISTO COURT',71,3,3);
INSERT INTO CIGAR(id,name,brand_id,country_id,strength_id) VALUES(1632,'SHORT ROBUSTO',369,3,3);
INSERT INTO BRAND(id,name) VALUES(525,'Cain Daytona');
INSERT INTO CIGAR(id,name,brand_id,country_id,strength_id) VALUES(1633,'550',525,1,2);
INSERT INTO CIGAR(id,name,brand_id,country_id,strength_id) VALUES(1634,'ROBUSTO',419,1,3);
INSERT INTO BRAND(id,name) VALUES(526,'Davidoff Winston Churchill The Late Hour');
INSERT INTO CIGAR(id,name,brand_id,country_id,strength_id) VALUES(1635,'ROBUSTO',526,3,2);
INSERT INTO CIGAR(id,name,brand_id,country_id,strength_id) VALUES(1636,'CLASSIC',453,3,3);
INSERT INTO CIGAR(id,name,brand_id,country_id,strength_id) VALUES(1637,'RAMBO',325,1,2);
INSERT INTO CIGAR(id,name,brand_id,country_id,strength_id) VALUES(1638,'1970',265,1,3);
INSERT INTO BRAND(id,name) VALUES(527,'Room101 Hit & Run');
INSERT INTO CIGAR(id,name,brand_id,country_id,strength_id) VALUES(1639,'ST ROBUSTO',527,3,2);
INSERT INTO CIGAR(id,name,brand_id,country_id,strength_id) VALUES(1640,'R TORO',527,3,2);
INSERT INTO CIGAR(id,name,brand_id,country_id,strength_id) VALUES(1641,'NA',527,3,3);
INSERT INTO CIGAR(id,name,brand_id,country_id,strength_id) VALUES(1642,'MIDE',527,3,2);
INSERT INTO CIGAR(id,name,brand_id,country_id,strength_id) VALUES(1643,'ECTO',527,3,3);
INSERT INTO BRAND(id,name) VALUES(528,'Rocky Patel Fifty');
INSERT INTO CIGAR(id,name,brand_id,country_id,strength_id) VALUES(1644,'TORO',528,1,2);
INSERT INTO CIGAR(id,name,brand_id,country_id,strength_id) VALUES(1645,'ROBUSTO GRANDE',517,1,2);
INSERT INTO CIGAR(id,name,brand_id,country_id,strength_id) VALUES(1646,'BELICOSO',517,1,2);
INSERT INTO CIGAR(id,name,brand_id,country_id,strength_id) VALUES(1647,'GRAN CÓNSUL',517,1,2);
INSERT INTO CIGAR(id,name,brand_id,country_id,strength_id) VALUES(1648,'LA CREMA',522,1,2);
INSERT INTO CIGAR(id,name,brand_id,country_id,strength_id) VALUES(1649,'PROMINENTE',522,1,3);
INSERT INTO CIGAR(id,name,brand_id,country_id,strength_id) VALUES(1650,'BELICOSO',523,3,3);
INSERT INTO CIGAR(id,name,brand_id,country_id,strength_id) VALUES(1651,'PETIT ROYALES',22,4,2);
INSERT INTO CIGAR(id,name,brand_id,country_id,strength_id) VALUES(1652,'CHURCHILL',516,3,4);
INSERT INTO CIGAR(id,name,brand_id,country_id,strength_id) VALUES(1653,'TORO GORDO',516,3,4);
INSERT INTO CIGAR(id,name,brand_id,country_id,strength_id) VALUES(1654,'ROBUSTO',516,3,5);
INSERT INTO CIGAR(id,name,brand_id,country_id,strength_id) VALUES(1655,'CLASSIC',453,3,3);
INSERT INTO CIGAR(id,name,brand_id,country_id,strength_id) VALUES(1656,'WORK OF ART',453,3,2);
INSERT INTO CIGAR(id,name,brand_id,country_id,strength_id) VALUES(1657,'BEST SELLER',453,3,3);
INSERT INTO CIGAR(id,name,brand_id,country_id,strength_id) VALUES(1658,'SHORT STORY',453,3,3);
INSERT INTO CIGAR(id,name,brand_id,country_id,strength_id) VALUES(1659,'SIGNATURE',453,3,3);
INSERT INTO CIGAR(id,name,brand_id,country_id,strength_id) VALUES(1660,'BETWEEN THE LINES',453,3,4);
INSERT INTO CIGAR(id,name,brand_id,country_id,strength_id) VALUES(1661,'MASTERPIECE',453,3,3);
INSERT INTO CIGAR(id,name,brand_id,country_id,strength_id) VALUES(1662,'UNTOLD STORY',453,3,2);
INSERT INTO CIGAR(id,name,brand_id,country_id,strength_id) VALUES(1663,'ROBUSTO',526,3,2);
INSERT INTO CIGAR(id,name,brand_id,country_id,strength_id) VALUES(1664,'CHURCHILL',526,3,2);
INSERT INTO CIGAR(id,name,brand_id,country_id,strength_id) VALUES(1665,'TORO',526,3,2);
INSERT INTO CIGAR(id,name,brand_id,country_id,strength_id) VALUES(1666,'TALISMÁN EDICIÓN LIMITADA 2017',55,4,3);
INSERT INTO CIGAR(id,name,brand_id,country_id,strength_id) VALUES(1667,'RAMBO',325,1,2);
INSERT INTO BRAND(id,name) VALUES(529,'Macanudo Inspirado White');
INSERT INTO CIGAR(id,name,brand_id,country_id,strength_id) VALUES(1668,'CHURCHILL',529,3,4);
INSERT INTO CIGAR(id,name,brand_id,country_id,strength_id) VALUES(1669,'TORO',529,3,5);
INSERT INTO CIGAR(id,name,brand_id,country_id,strength_id) VALUES(1670,'ROBUSTO',529,3,4);
INSERT INTO CIGAR(id,name,brand_id,country_id,strength_id) VALUES(1671,'FIGURADO',270,1,2);
INSERT INTO CIGAR(id,name,brand_id,country_id,strength_id) VALUES(1672,'HABANA NO. 2',389,3,3);
INSERT INTO BRAND(id,name) VALUES(530,'C.A.O. America');
INSERT INTO CIGAR(id,name,brand_id,country_id,strength_id) VALUES(1673,'LANDMARK',530,2,3);
INSERT INTO CIGAR(id,name,brand_id,country_id,strength_id) VALUES(1674,'EDO',149,2,2);
INSERT INTO BRAND(id,name) VALUES(531,'Florida Sun Grown');
INSERT INTO CIGAR(id,name,brand_id,country_id,strength_id) VALUES(1675,'TORO',531,1,3);
INSERT INTO CIGAR(id,name,brand_id,country_id,strength_id) VALUES(1676,'NO. 9',404,1,1);
INSERT INTO BRAND(id,name) VALUES(532,'La Galera Maduro');
INSERT INTO CIGAR(id,name,brand_id,country_id,strength_id) VALUES(1677,'CHAVETA',532,3,2);
INSERT INTO CIGAR(id,name,brand_id,country_id,strength_id) VALUES(1678,'CHATEAU FUENTE PYRAMID',86,3,4);
INSERT INTO CIGAR(id,name,brand_id,country_id,strength_id) VALUES(1679,'EPICURE NO. 1 (TUBO)',60,4,3);
INSERT INTO CIGAR(id,name,brand_id,country_id,strength_id) VALUES(1680,'NO. 1',99,1,2);
INSERT INTO BRAND(id,name) VALUES(533,'La Palina Classic Rosado');
INSERT INTO CIGAR(id,name,brand_id,country_id,strength_id) VALUES(1681,'ROBUSTO',533,3,2);
INSERT INTO CIGAR(id,name,brand_id,country_id,strength_id) VALUES(1682,'SERIE D NO. 4 (TUBO)',37,4,2);
INSERT INTO CIGAR(id,name,brand_id,country_id,strength_id) VALUES(1683,'6X60',266,3,3);
INSERT INTO CIGAR(id,name,brand_id,country_id,strength_id) VALUES(1684,'5712',428,1,3);
INSERT INTO CIGAR(id,name,brand_id,country_id,strength_id) VALUES(1685,'GORDO',282,1,3);
INSERT INTO CIGAR(id,name,brand_id,country_id,strength_id) VALUES(1686,'EPICURE NO. 2 (TUBO)',60,4,3);
INSERT INTO BRAND(id,name) VALUES(534,'Trinidad Santiago');
INSERT INTO CIGAR(id,name,brand_id,country_id,strength_id) VALUES(1687,'BELICOSO',534,3,3);
INSERT INTO BRAND(id,name) VALUES(535,'My Father La Opulencia');
INSERT INTO CIGAR(id,name,brand_id,country_id,strength_id) VALUES(1688,'TORO',535,1,2);
INSERT INTO CIGAR(id,name,brand_id,country_id,strength_id) VALUES(1689,'SERIE NO. 1 EDICIÓN LIMITADA 2017',37,4,2);
INSERT INTO COUNTRY(id,name) VALUES(11,'Nicarag’ua');
INSERT INTO CIGAR(id,name,brand_id,country_id,strength_id) VALUES(1690,'TORPEDO',440,11,4);
INSERT INTO CIGAR(id,name,brand_id,country_id,strength_id) VALUES(1691,'PAPAGAYO XXL',10,1,2);
INSERT INTO CIGAR(id,name,brand_id,country_id,strength_id) VALUES(1692,'NO. 5',98,3,4);
INSERT INTO CIGAR(id,name,brand_id,country_id,strength_id) VALUES(1693,'466BPT',150,1,2);
INSERT INTO CIGAR(id,name,brand_id,country_id,strength_id) VALUES(1694,'CORONA MINOR',55,3,3);
INSERT INTO CIGAR(id,name,brand_id,country_id,strength_id) VALUES(1695,'GIGANTOR',57,1,2);
INSERT INTO BRAND(id,name) VALUES(536,'Inch Maduro by E.P. Carrillo');
INSERT INTO CIGAR(id,name,brand_id,country_id,strength_id) VALUES(1696,'NO. 64',536,3,2);
INSERT INTO CIGAR(id,name,brand_id,country_id,strength_id) VALUES(1697,'SIGLO VI (TUBO)',55,4,2);
INSERT INTO CIGAR(id,name,brand_id,country_id,strength_id) VALUES(1698,'TORO GRANDE BOX PRESSED',181,6,2);
INSERT INTO BRAND(id,name) VALUES(537,'Nestor Miranda Collection Habano');
INSERT INTO CIGAR(id,name,brand_id,country_id,strength_id) VALUES(1699,'GRAN TORO',537,1,3);
INSERT INTO CIGAR(id,name,brand_id,country_id,strength_id) VALUES(1700,'NO. 12',16,1,4);
INSERT INTO CIGAR(id,name,brand_id,country_id,strength_id) VALUES(1701,'CHURCHILL (TUBO)',22,4,3);
INSERT INTO BRAND(id,name) VALUES(538,'Romeo by Romeo y Julieta');
INSERT INTO CIGAR(id,name,brand_id,country_id,strength_id) VALUES(1702,'CHURCHILL',538,3,3);
INSERT INTO BRAND(id,name) VALUES(539,'Gurkha Royal Challenge Maduro');
INSERT INTO CIGAR(id,name,brand_id,country_id,strength_id) VALUES(1703,'XO',539,1,4);
INSERT INTO CIGAR(id,name,brand_id,country_id,strength_id) VALUES(1704,'CHURCHILL',158,3,2);
INSERT INTO CIGAR(id,name,brand_id,country_id,strength_id) VALUES(1705,'60X6',494,1,2);
INSERT INTO CIGAR(id,name,brand_id,country_id,strength_id) VALUES(1706,'YANKEE',262,1,1);
INSERT INTO CIGAR(id,name,brand_id,country_id,strength_id) VALUES(1707,'LA VIE',160,2,3);
INSERT INTO CIGAR(id,name,brand_id,country_id,strength_id) VALUES(1708,'TRÉS PETITE',259,3,3);
INSERT INTO CIGAR(id,name,brand_id,country_id,strength_id) VALUES(1709,'DOG WALKER',180,2,3);
INSERT INTO CIGAR(id,name,brand_id,country_id,strength_id) VALUES(1710,'TORO',514,3,2);
INSERT INTO CIGAR(id,name,brand_id,country_id,strength_id) VALUES(1711,'SERIE P NO. 2 (TUBO)',37,4,3);
INSERT INTO CIGAR(id,name,brand_id,country_id,strength_id) VALUES(1712,'ST ROBUSTO',527,3,2);
INSERT INTO CIGAR(id,name,brand_id,country_id,strength_id) VALUES(1713,'BELICOSO',517,1,2);
INSERT INTO CIGAR(id,name,brand_id,country_id,strength_id) VALUES(1714,'WORK OF ART',453,3,2);
INSERT INTO CIGAR(id,name,brand_id,country_id,strength_id) VALUES(1715,'CHURCHILL',529,3,4);
INSERT INTO CIGAR(id,name,brand_id,country_id,strength_id) VALUES(1716,'CHURCHILL',267,1,2);
INSERT INTO CIGAR(id,name,brand_id,country_id,strength_id) VALUES(1717,'PETIT CORONATION (TUBO)',125,4,2);
INSERT INTO BRAND(id,name) VALUES(540,'Four Kicks Maduro');
INSERT INTO CIGAR(id,name,brand_id,country_id,strength_id) VALUES(1718,'CORONA GORDA',540,3,2);
INSERT INTO CIGAR(id,name,brand_id,country_id,strength_id) VALUES(1719,'SUBLIME',540,3,1);
INSERT INTO CIGAR(id,name,brand_id,country_id,strength_id) VALUES(1720,'ROBUSTO',540,3,2);
INSERT INTO BRAND(id,name) VALUES(541,'The Oscar Habano');
INSERT INTO CIGAR(id,name,brand_id,country_id,strength_id) VALUES(1721,'ROBUSTO',541,2,2);
INSERT INTO CIGAR(id,name,brand_id,country_id,strength_id) VALUES(1722,'SIXTY',541,2,3);
INSERT INTO CIGAR(id,name,brand_id,country_id,strength_id) VALUES(1723,'TORO',541,2,2);
INSERT INTO BRAND(id,name) VALUES(542,'La Aurora Reserva Especial 2008');
INSERT INTO CIGAR(id,name,brand_id,country_id,strength_id) VALUES(1724,'BELICOSO',542,3,3);
INSERT INTO CIGAR(id,name,brand_id,country_id,strength_id) VALUES(1725,'ROBUSTO',541,2,2);
INSERT INTO CIGAR(id,name,brand_id,country_id,strength_id) VALUES(1726,'CORONA GORDA',540,3,2);
INSERT INTO CIGAR(id,name,brand_id,country_id,strength_id) VALUES(1727,'BELICOSO',542,3,3);
INSERT INTO BRAND(id,name) VALUES(543,'Enclave Broadleaf');
INSERT INTO CIGAR(id,name,brand_id,country_id,strength_id) VALUES(1728,'CHURCHILL',543,1,2);
INSERT INTO BRAND(id,name) VALUES(544,'Camacho Diploma Special Selection');
INSERT INTO CIGAR(id,name,brand_id,country_id,strength_id) VALUES(1729,'ROBUSTO',544,2,1);
INSERT INTO CIGAR(id,name,brand_id,country_id,strength_id) VALUES(1730,'ELITES',515,3,2);
INSERT INTO BRAND(id,name) VALUES(545,'Rocky Patel Vintage 2006 San Andreas');
INSERT INTO CIGAR(id,name,brand_id,country_id,strength_id) VALUES(1731,'TORO',545,1,2);
INSERT INTO CIGAR(id,name,brand_id,country_id,strength_id) VALUES(1732,'CORONA JUNIOR (TUBO)',37,4,3);
INSERT INTO BRAND(id,name) VALUES(546,'Brick House Double Connecticut');
INSERT INTO CIGAR(id,name,brand_id,country_id,strength_id) VALUES(1733,'SHORT TORPEDO',546,1,4);
INSERT INTO BRAND(id,name) VALUES(547,'HVC Cerro');
INSERT INTO CIGAR(id,name,brand_id,country_id,strength_id) VALUES(1734,'ROBUSTO',547,1,3);
INSERT INTO CIGAR(id,name,brand_id,country_id,strength_id) VALUES(1735,'CHURCHILL',474,3,5);
INSERT INTO BRAND(id,name) VALUES(548,'Perdomo Habano Bourbon Barrel-Aged Connecticut');
INSERT INTO CIGAR(id,name,brand_id,country_id,strength_id) VALUES(1736,'GORDO',548,1,4);
INSERT INTO CIGAR(id,name,brand_id,country_id,strength_id) VALUES(1737,'CORONA DOBLE',486,1,3);
INSERT INTO CIGAR(id,name,brand_id,country_id,strength_id) VALUES(1738,'CORONA MINOR (TUBO)',105,4,3);
INSERT INTO BRAND(id,name) VALUES(549,'Hamlet 25th Year');
INSERT INTO CIGAR(id,name,brand_id,country_id,strength_id) VALUES(1739,'TORO',549,1,3);
INSERT INTO CIGAR(id,name,brand_id,country_id,strength_id) VALUES(1740,'NO. II MADURO',167,2,3);
INSERT INTO CIGAR(id,name,brand_id,country_id,strength_id) VALUES(1741,'PETITE CORONA',79,3,1);
INSERT INTO CIGAR(id,name,brand_id,country_id,strength_id) VALUES(1742,'ALVARITO',188,3,2);
INSERT INTO CIGAR(id,name,brand_id,country_id,strength_id) VALUES(1743,'CORONA GORDA',20,1,3);
INSERT INTO CIGAR(id,name,brand_id,country_id,strength_id) VALUES(1744,'SMALL CLUB CORONA',74,4,2);
INSERT INTO CIGAR(id,name,brand_id,country_id,strength_id) VALUES(1745,'L-200',210,3,1);
INSERT INTO BRAND(id,name) VALUES(550,'A. Flores 1975 Serie Privada Capa Habano');
INSERT INTO CIGAR(id,name,brand_id,country_id,strength_id) VALUES(1746,'SP 58',550,3,3);
INSERT INTO CIGAR(id,name,brand_id,country_id,strength_id) VALUES(1747,'PETIT CORONA MADURO',86,3,3);
INSERT INTO BRAND(id,name) VALUES(551,'Aging Room Solera Maduro');
INSERT INTO CIGAR(id,name,brand_id,country_id,strength_id) VALUES(1748,'FESTIVO',551,3,2);
INSERT INTO CIGAR(id,name,brand_id,country_id,strength_id) VALUES(1749,'CORONA DOBLE',87,1,2);
INSERT INTO CIGAR(id,name,brand_id,country_id,strength_id) VALUES(1750,'Connossieur B',105,4,2);
INSERT INTO CIGAR(id,name,brand_id,country_id,strength_id) VALUES(1751,'ROBUSTO',112,1,4);
INSERT INTO BRAND(id,name) VALUES(552,'Villiger La Vencedora');
INSERT INTO CIGAR(id,name,brand_id,country_id,strength_id) VALUES(1752,'CHURCHILL',552,1,1);
INSERT INTO CIGAR(id,name,brand_id,country_id,strength_id) VALUES(1753,'PETITE LA NOX',295,3,1);
INSERT INTO BRAND(id,name) VALUES(553,'JFR Lunatic');
INSERT INTO CIGAR(id,name,brand_id,country_id,strength_id) VALUES(1754,'SHORT ROBUSTO HABANO',553,1,2);
INSERT INTO BRAND(id,name) VALUES(554,'Ortega Serie D Black');
INSERT INTO CIGAR(id,name,brand_id,country_id,strength_id) VALUES(1755,'BELICOSO',554,1,2);
INSERT INTO BRAND(id,name) VALUES(555,'MBombay Corojo Oscuro');
INSERT INTO CIGAR(id,name,brand_id,country_id,strength_id) VALUES(1756,'PERFECTO',555,7,1);
INSERT INTO CIGAR(id,name,brand_id,country_id,strength_id) VALUES(1757,'LA TROVA',103,4,3);
INSERT INTO CIGAR(id,name,brand_id,country_id,strength_id) VALUES(1758,'CHURCHILL',543,1,2);
INSERT INTO CIGAR(id,name,brand_id,country_id,strength_id) VALUES(1759,'TORO',543,1,1);
INSERT INTO CIGAR(id,name,brand_id,country_id,strength_id) VALUES(1760,'ROBUSTO',543,1,1);
INSERT INTO BRAND(id,name) VALUES(556,'Alec Bradley Black Market Filthy Hooligan Barberpole');
INSERT INTO CIGAR(id,name,brand_id,country_id,strength_id) VALUES(1761,'TORO',556,2,3);
INSERT INTO CIGAR(id,name,brand_id,country_id,strength_id) VALUES(1762,'ROBUSTO',544,2,1);
INSERT INTO CIGAR(id,name,brand_id,country_id,strength_id) VALUES(1763,'SHORT TORPEDO',546,1,4);
INSERT INTO CIGAR(id,name,brand_id,country_id,strength_id) VALUES(1764,'CORONA LARGA',546,1,4);
INSERT INTO CIGAR(id,name,brand_id,country_id,strength_id) VALUES(1765,'CHURCHILL',546,1,4);
INSERT INTO CIGAR(id,name,brand_id,country_id,strength_id) VALUES(1766,'ROBUSTO',546,1,5);
INSERT INTO CIGAR(id,name,brand_id,country_id,strength_id) VALUES(1767,'MIGHTY MIGHTY',546,1,5);
INSERT INTO CIGAR(id,name,brand_id,country_id,strength_id) VALUES(1768,'TORO',546,1,5);
INSERT INTO CIGAR(id,name,brand_id,country_id,strength_id) VALUES(1769,'TORO FINO',373,1,2);
INSERT INTO CIGAR(id,name,brand_id,country_id,strength_id) VALUES(1770,'ELITES',515,3,2);
INSERT INTO CIGAR(id,name,brand_id,country_id,strength_id) VALUES(1771,'ACTO MAYOR',515,3,2);
INSERT INTO CIGAR(id,name,brand_id,country_id,strength_id) VALUES(1772,'DON RUBINO',515,3,1);
INSERT INTO CIGAR(id,name,brand_id,country_id,strength_id) VALUES(1773,'TORO',545,1,2);
INSERT INTO CIGAR(id,name,brand_id,country_id,strength_id) VALUES(1774,'ROBUSTO',545,1,2);
INSERT INTO CIGAR(id,name,brand_id,country_id,strength_id) VALUES(1775,'CHURCHILL',545,1,2);
INSERT INTO CIGAR(id,name,brand_id,country_id,strength_id) VALUES(1776,'SIXTY',545,1,1);
INSERT INTO CIGAR(id,name,brand_id,country_id,strength_id) VALUES(1777,'ROBUSTO',547,1,3);
INSERT INTO CIGAR(id,name,brand_id,country_id,strength_id) VALUES(1778,'SABROSITOS',547,1,3);
INSERT INTO CIGAR(id,name,brand_id,country_id,strength_id) VALUES(1779,'ROBUSTO GORDO',547,1,4);
INSERT INTO CIGAR(id,name,brand_id,country_id,strength_id) VALUES(1780,'TORO',547,1,3);
INSERT INTO CIGAR(id,name,brand_id,country_id,strength_id) VALUES(1781,'BELICOSO',534,3,3);
INSERT INTO CIGAR(id,name,brand_id,country_id,strength_id) VALUES(1782,'ROBUSTO',534,3,2);
INSERT INTO CIGAR(id,name,brand_id,country_id,strength_id) VALUES(1783,'TORO',534,3,2);
INSERT INTO CIGAR(id,name,brand_id,country_id,strength_id) VALUES(1784,'TORO',535,1,2);
INSERT INTO CIGAR(id,name,brand_id,country_id,strength_id) VALUES(1785,'CORONA',535,1,1);
INSERT INTO CIGAR(id,name,brand_id,country_id,strength_id) VALUES(1786,'PETITE',535,1,2);
INSERT INTO CIGAR(id,name,brand_id,country_id,strength_id) VALUES(1787,'ROBUSTO',535,1,1);
INSERT INTO CIGAR(id,name,brand_id,country_id,strength_id) VALUES(1788,'SUPER TORO',535,1,2);
INSERT INTO CIGAR(id,name,brand_id,country_id,strength_id) VALUES(1789,'TORO GORDO',535,1,2);
INSERT INTO CIGAR(id,name,brand_id,country_id,strength_id) VALUES(1790,'SIGLO VI (TUBO)',55,4,2);
INSERT INTO BRAND(id,name) VALUES(557,'Gilberto Oliva Reserva');
INSERT INTO CIGAR(id,name,brand_id,country_id,strength_id) VALUES(1791,'5X50',557,1,3);
INSERT INTO CIGAR(id,name,brand_id,country_id,strength_id) VALUES(1792,'6X50',557,1,3);
INSERT INTO CIGAR(id,name,brand_id,country_id,strength_id) VALUES(1793,'5.75X43',557,1,3);
INSERT INTO CIGAR(id,name,brand_id,country_id,strength_id) VALUES(1794,'7X50',557,1,4);
INSERT INTO CIGAR(id,name,brand_id,country_id,strength_id) VALUES(1795,'6X52T',557,1,3);
INSERT INTO CIGAR(id,name,brand_id,country_id,strength_id) VALUES(1796,'Connossieur B',105,4,3);
INSERT INTO CIGAR(id,name,brand_id,country_id,strength_id) VALUES(1797,'TORO',549,1,3);
INSERT INTO CIGAR(id,name,brand_id,country_id,strength_id) VALUES(1798,'ROBUSTO',549,1,3);
INSERT INTO CIGAR(id,name,brand_id,country_id,strength_id) VALUES(1799,'SIXTY',549,1,3);
INSERT INTO BRAND(id,name) VALUES(558,'La Flor Dominicana Colorado Oscuro');
INSERT INTO CIGAR(id,name,brand_id,country_id,strength_id) VALUES(1800,'NO. 4',558,3,2);
INSERT INTO CIGAR(id,name,brand_id,country_id,strength_id) VALUES(1801,'NO. 3',558,3,1);
INSERT INTO CIGAR(id,name,brand_id,country_id,strength_id) VALUES(1802,'NO. 2',558,3,2);
INSERT INTO BRAND(id,name) VALUES(559,'Illusione Cruzado');
INSERT INTO CIGAR(id,name,brand_id,country_id,strength_id) VALUES(1803,'SHORT ROBUSTO',559,1,2);
INSERT INTO CIGAR(id,name,brand_id,country_id,strength_id) VALUES(1804,'CHURCHILL',559,1,2);
INSERT INTO CIGAR(id,name,brand_id,country_id,strength_id) VALUES(1805,'GORDO',559,1,3);
INSERT INTO CIGAR(id,name,brand_id,country_id,strength_id) VALUES(1806,'ROBUSTO',559,1,3);
INSERT INTO BRAND(id,name) VALUES(560,'Macanudo Inspirado Red');
INSERT INTO CIGAR(id,name,brand_id,country_id,strength_id) VALUES(1807,'GIGANTE',560,1,2);
INSERT INTO CIGAR(id,name,brand_id,country_id,strength_id) VALUES(1808,'TORO',560,1,2);
INSERT INTO CIGAR(id,name,brand_id,country_id,strength_id) VALUES(1809,'ROBUSTO',560,1,1);
INSERT INTO BRAND(id,name) VALUES(561,'Avo Maduro 30 Years');
INSERT INTO CIGAR(id,name,brand_id,country_id,strength_id) VALUES(1810,'ROBUSTO',561,3,3);
INSERT INTO CIGAR(id,name,brand_id,country_id,strength_id) VALUES(1811,'NO. 2',561,3,3);
INSERT INTO CIGAR(id,name,brand_id,country_id,strength_id) VALUES(1812,'NO. 3',561,3,4);
INSERT INTO CIGAR(id,name,brand_id,country_id,strength_id) VALUES(1813,'PIRAMIDES',561,3,3);
INSERT INTO CIGAR(id,name,brand_id,country_id,strength_id) VALUES(1814,'CHURCHILL',519,1,2);
INSERT INTO CIGAR(id,name,brand_id,country_id,strength_id) VALUES(1815,'ROBUSTO',519,1,1);
INSERT INTO CIGAR(id,name,brand_id,country_id,strength_id) VALUES(1816,'TORO',519,1,1);
INSERT INTO CIGAR(id,name,brand_id,country_id,strength_id) VALUES(1817,'TORPEDO',519,1,2);
INSERT INTO CIGAR(id,name,brand_id,country_id,strength_id) VALUES(1818,'GORDO',519,1,2);
INSERT INTO CIGAR(id,name,brand_id,country_id,strength_id) VALUES(1819,'ROBUSTO',552,1,1);
INSERT INTO CIGAR(id,name,brand_id,country_id,strength_id) VALUES(1820,'CHURCHILL',552,1,1);
INSERT INTO CIGAR(id,name,brand_id,country_id,strength_id) VALUES(1821,'TORO',552,1,2);
INSERT INTO CIGAR(id,name,brand_id,country_id,strength_id) VALUES(1822,'SERIE NO. 1 EDICIÓN LIMITADA 2017',37,4,2);
INSERT INTO CIGAR(id,name,brand_id,country_id,strength_id) VALUES(1823,'NO. 5',9,3,2);
INSERT INTO CIGAR(id,name,brand_id,country_id,strength_id) VALUES(1824,'ROBUSTO',9,3,3);
INSERT INTO CIGAR(id,name,brand_id,country_id,strength_id) VALUES(1825,'DIVINOS',9,3,2);
INSERT INTO CIGAR(id,name,brand_id,country_id,strength_id) VALUES(1826,'HERMOSO',9,3,2);
INSERT INTO CIGAR(id,name,brand_id,country_id,strength_id) VALUES(1827,'NO. 2',9,3,2);
INSERT INTO CIGAR(id,name,brand_id,country_id,strength_id) VALUES(1828,'GORDO',9,3,3);
INSERT INTO CIGAR(id,name,brand_id,country_id,strength_id) VALUES(1829,'CHURCHILL',9,3,3);
INSERT INTO CIGAR(id,name,brand_id,country_id,strength_id) VALUES(1830,'ESPECIALES',9,3,3);
INSERT INTO CIGAR(id,name,brand_id,country_id,strength_id) VALUES(1831,'SUPER LANCERO',9,3,2);
INSERT INTO BRAND(id,name) VALUES(562,'Montecristo Epic Craft Cured');
INSERT INTO CIGAR(id,name,brand_id,country_id,strength_id) VALUES(1832,'ROBUSTO',562,1,2);
INSERT INTO CIGAR(id,name,brand_id,country_id,strength_id) VALUES(1833,'TORO',562,1,3);
INSERT INTO CIGAR(id,name,brand_id,country_id,strength_id) VALUES(1834,'BELICOSO',562,1,3);
INSERT INTO CIGAR(id,name,brand_id,country_id,strength_id) VALUES(1835,'REGIOS DE PUNCH EDICIÓN LIMITADA 2017',125,4,2);
INSERT INTO CIGAR(id,name,brand_id,country_id,strength_id) VALUES(1836,'SMALL CLUB CORONA',74,4,2);
INSERT INTO CIGAR(id,name,brand_id,country_id,strength_id) VALUES(1837,'SPECIALLY SELECTED',74,4,2);
INSERT INTO CIGAR(id,name,brand_id,country_id,strength_id) VALUES(1838,'GIGANTES',74,4,3);
INSERT INTO BRAND(id,name) VALUES(563,'E.P. Carrillo Encore');
INSERT INTO CIGAR(id,name,brand_id,country_id,strength_id) VALUES(1839,'MAJESTIC',563,3,3);
INSERT INTO CIGAR(id,name,brand_id,country_id,strength_id) VALUES(1840,'CELESTIAL',563,3,3);
INSERT INTO CIGAR(id,name,brand_id,country_id,strength_id) VALUES(1841,'VALIENTES',563,3,2);
INSERT INTO BRAND(id,name) VALUES(564,'Plasencia Cosecha 146');
INSERT INTO CIGAR(id,name,brand_id,country_id,strength_id) VALUES(1842,'LA MUSICA',564,2,2);
INSERT INTO CIGAR(id,name,brand_id,country_id,strength_id) VALUES(1843,'LA VEGA',564,2,3);
INSERT INTO CIGAR(id,name,brand_id,country_id,strength_id) VALUES(1844,'SAN LUIS',564,2,2);
INSERT INTO CIGAR(id,name,brand_id,country_id,strength_id) VALUES(1845,'SAN AGUSTIN',564,2,3);
INSERT INTO CIGAR(id,name,brand_id,country_id,strength_id) VALUES(1846,'MONTE CARLO',564,2,2);
INSERT INTO BRAND(id,name) VALUES(565,'Micallef Reserva');
INSERT INTO CIGAR(id,name,brand_id,country_id,strength_id) VALUES(1847,'LIMITADA PRIVADA',565,1,2);
INSERT INTO CIGAR(id,name,brand_id,country_id,strength_id) VALUES(1848,'DIAMOND ROUGH CUT',320,1,2);
INSERT INTO CIGAR(id,name,brand_id,country_id,strength_id) VALUES(1849,'2000 MADURO',50,1,3);
INSERT INTO CIGAR(id,name,brand_id,country_id,strength_id) VALUES(1850,'BELICOSO FINO',82,1,1);
INSERT INTO CIGAR(id,name,brand_id,country_id,strength_id) VALUES(1851,'GENEROSOS',476,1,3);
INSERT INTO BRAND(id,name) VALUES(566,'601 Blue Label Maduro');
INSERT INTO CIGAR(id,name,brand_id,country_id,strength_id) VALUES(1852,'TORPEDO',566,1,2);
INSERT INTO CIGAR(id,name,brand_id,country_id,strength_id) VALUES(1853,'ROBUSTO NO. 2',202,3,5);
INSERT INTO CIGAR(id,name,brand_id,country_id,strength_id) VALUES(1854,'8 SPECIAL',240,1,2);
INSERT INTO CIGAR(id,name,brand_id,country_id,strength_id) VALUES(1855,'CHATEAU FUENTE ROYAL SALUTE SUN GROWN',86,3,2);
INSERT INTO CIGAR(id,name,brand_id,country_id,strength_id) VALUES(1856,'MAMBO',511,3,3);
INSERT INTO CIGAR(id,name,brand_id,country_id,strength_id) VALUES(1857,'NO. 2',51,4,2);
INSERT INTO CIGAR(id,name,brand_id,country_id,strength_id) VALUES(1858,'RESERVA NO. 50',170,3,2);
INSERT INTO BRAND(id,name) VALUES(567,'S.T.K. Black Dahlia by George Rico');
INSERT INTO CIGAR(id,name,brand_id,country_id,strength_id) VALUES(1859,'GRAN ROBUSTO',567,2,3);
INSERT INTO CIGAR(id,name,brand_id,country_id,strength_id) VALUES(1860,'PRESIDENT',524,8,2);
INSERT INTO CIGAR(id,name,brand_id,country_id,strength_id) VALUES(1861,'SPECIALLY SELECTED',74,4,2);
INSERT INTO CIGAR(id,name,brand_id,country_id,strength_id) VALUES(1862,'TAINOS',90,6,2);
INSERT INTO CIGAR(id,name,brand_id,country_id,strength_id) VALUES(1863,'ROBUSTO (TUBO)',171,3,3);
INSERT INTO CIGAR(id,name,brand_id,country_id,strength_id) VALUES(1864,'PRESIDENTE',477,3,3);
INSERT INTO CIGAR(id,name,brand_id,country_id,strength_id) VALUES(1865,'UNICO',278,4,3);
INSERT INTO CIGAR(id,name,brand_id,country_id,strength_id) VALUES(1866,'NO. 60',351,3,3);
INSERT INTO CIGAR(id,name,brand_id,country_id,strength_id) VALUES(1867,'NO. 17',16,1,5);
INSERT INTO CIGAR(id,name,brand_id,country_id,strength_id) VALUES(1868,'V',274,3,3);
INSERT INTO CIGAR(id,name,brand_id,country_id,strength_id) VALUES(1869,'SELECCIÓN NO. 2',194,4,2);
INSERT INTO CIGAR(id,name,brand_id,country_id,strength_id) VALUES(1870,'ANIVERSARIO DOUBLE R',388,3,2);
INSERT INTO CIGAR(id,name,brand_id,country_id,strength_id) VALUES(1871,'ROBUSTO',499,1,2);
INSERT INTO CIGAR(id,name,brand_id,country_id,strength_id) VALUES(1872,'7 1/2 X 54',447,2,2);
INSERT INTO CIGAR(id,name,brand_id,country_id,strength_id) VALUES(1873,'TORO',256,3,2);
INSERT INTO CIGAR(id,name,brand_id,country_id,strength_id) VALUES(1874,'PRESIDENTE',77,1,3);
INSERT INTO CIGAR(id,name,brand_id,country_id,strength_id) VALUES(1875,'MAESTRO',153,3,2);
INSERT INTO CIGAR(id,name,brand_id,country_id,strength_id) VALUES(1876,'FABULOSO',26,3,3);
INSERT INTO CIGAR(id,name,brand_id,country_id,strength_id) VALUES(1877,'SIR WINSTON',105,4,3);
INSERT INTO CIGAR(id,name,brand_id,country_id,strength_id) VALUES(1878,'TORPEDO',442,1,3);
INSERT INTO CIGAR(id,name,brand_id,country_id,strength_id) VALUES(1879,'ROBUSTO',8,3,2);
INSERT INTO CIGAR(id,name,brand_id,country_id,strength_id) VALUES(1880,'SIGLO IV',55,4,3);
INSERT INTO CIGAR(id,name,brand_id,country_id,strength_id) VALUES(1881,'ROBUSTO',545,1,2);
INSERT INTO CIGAR(id,name,brand_id,country_id,strength_id) VALUES(1882,'ROBUSTO',534,3,2);
INSERT INTO CIGAR(id,name,brand_id,country_id,strength_id) VALUES(1883,'ROBUSTO',535,1,1);
INSERT INTO CIGAR(id,name,brand_id,country_id,strength_id) VALUES(1884,'6X50',557,1,3);
INSERT INTO CIGAR(id,name,brand_id,country_id,strength_id) VALUES(1885,'NO. 4',558,3,2);
INSERT INTO CIGAR(id,name,brand_id,country_id,strength_id) VALUES(1886,'TORO',560,1,2);
INSERT INTO CIGAR(id,name,brand_id,country_id,strength_id) VALUES(1887,'CHURCHILL',559,1,2);
INSERT INTO CIGAR(id,name,brand_id,country_id,strength_id) VALUES(1888,'NO. 2',561,3,3);
INSERT INTO BRAND(id,name) VALUES(568,'Casa Fernandez Aniversario');
INSERT INTO COUNTRY(id,name) VALUES(12,'U.S.A');
INSERT INTO CIGAR(id,name,brand_id,country_id,strength_id) VALUES(1889,'SERIE 2015 VOLEUR',568,12,3);
INSERT INTO BRAND(id,name) VALUES(569,'La Aurora Preferidos 1903 Edicion Emerald');
INSERT INTO CIGAR(id,name,brand_id,country_id,strength_id) VALUES(1890,'PERFECTO',569,3,1);
INSERT INTO BRAND(id,name) VALUES(570,'Alec Bradley The Lineage');
INSERT INTO CIGAR(id,name,brand_id,country_id,strength_id) VALUES(1891,'ROBUSTO',570,2,2);
INSERT INTO CIGAR(id,name,brand_id,country_id,strength_id) VALUES(1892,'MAGNUM 50',105,4,3);
INSERT INTO CIGAR(id,name,brand_id,country_id,strength_id) VALUES(1893,'BELICOSO',199,3,2);
INSERT INTO CIGAR(id,name,brand_id,country_id,strength_id) VALUES(1894,'"A"',237,1,2);
INSERT INTO BRAND(id,name) VALUES(571,'Rocky Patel Vintage 1990');
INSERT INTO CIGAR(id,name,brand_id,country_id,strength_id) VALUES(1895,'CHURCHILL',571,2,3);
INSERT INTO CIGAR(id,name,brand_id,country_id,strength_id) VALUES(1896,'TORO BOX PRESS',358,1,4);
INSERT INTO CIGAR(id,name,brand_id,country_id,strength_id) VALUES(1897,'FUNDADORES',103,4,3);
INSERT INTO CIGAR(id,name,brand_id,country_id,strength_id) VALUES(1898,'LANCERO',293,6,3);
INSERT INTO CIGAR(id,name,brand_id,country_id,strength_id) VALUES(1899,'LANCERO',40,1,2);
INSERT INTO CIGAR(id,name,brand_id,country_id,strength_id) VALUES(1900,'PORTO REAL',68,3,4);
INSERT INTO BRAND(id,name) VALUES(572,'San Lotano Requiem Connecticut');
INSERT INTO CIGAR(id,name,brand_id,country_id,strength_id) VALUES(1901,'CHURCHILL',572,1,3);
INSERT INTO CIGAR(id,name,brand_id,country_id,strength_id) VALUES(1902,'REGALIAS D''CELIA',264,3,2);
INSERT INTO CIGAR(id,name,brand_id,country_id,strength_id) VALUES(1903,'46 X 6',14,2,2);
INSERT INTO BRAND(id,name) VALUES(573,'PDR 1878 Capa Oscura');
INSERT INTO CIGAR(id,name,brand_id,country_id,strength_id) VALUES(1904,'CHURCHILL',573,3,2);
INSERT INTO CIGAR(id,name,brand_id,country_id,strength_id) VALUES(1905,'DOUBLE CORONA',60,4,3);
INSERT INTO BRAND(id,name) VALUES(574,'La Aroma de Cuba Mi Amor');
INSERT INTO CIGAR(id,name,brand_id,country_id,strength_id) VALUES(1906,'CHURCHILL',574,1,2);
INSERT INTO CIGAR(id,name,brand_id,country_id,strength_id) VALUES(1907,'PIRAMIDE FINO',193,1,3);
INSERT INTO CIGAR(id,name,brand_id,country_id,strength_id) VALUES(1908,'CORONA DOBLE',43,1,5);
INSERT INTO CIGAR(id,name,brand_id,country_id,strength_id) VALUES(1909,'NO. 4 LANCERO',35,1,2);
INSERT INTO CIGAR(id,name,brand_id,country_id,strength_id) VALUES(1910,'THE 109',512,1,3);
INSERT INTO CIGAR(id,name,brand_id,country_id,strength_id) VALUES(1911,'WIDE CHURCHILL',22,4,3);
INSERT INTO CIGAR(id,name,brand_id,country_id,strength_id) VALUES(1912,'LIMITADA PRIVADA',565,1,2);
INSERT INTO CIGAR(id,name,brand_id,country_id,strength_id) VALUES(1913,'STO',149,2,2);
INSERT INTO BRAND(id,name) VALUES(575,'E.P. Carrillo Original Rebel');
INSERT INTO CIGAR(id,name,brand_id,country_id,strength_id) VALUES(1914,'MAVERICK 56',575,3,3);
INSERT INTO CIGAR(id,name,brand_id,country_id,strength_id) VALUES(1915,'LANCERO',243,3,2);
INSERT INTO BRAND(id,name) VALUES(576,'La Barba Purple');
INSERT INTO CIGAR(id,name,brand_id,country_id,strength_id) VALUES(1916,'40 X 7',576,3,3);
INSERT INTO CIGAR(id,name,brand_id,country_id,strength_id) VALUES(1917,'GIGANTES',74,4,3);
INSERT INTO BRAND(id,name) VALUES(577,'Cornelius & Anthony Cornelius');
INSERT INTO CIGAR(id,name,brand_id,country_id,strength_id) VALUES(1918,'STO',577,6,3);
INSERT INTO CIGAR(id,name,brand_id,country_id,strength_id) VALUES(1919,'L-40',91,1,2);
INSERT INTO CIGAR(id,name,brand_id,country_id,strength_id) VALUES(1920,'TORPEDO',375,3,3);
INSERT INTO BRAND(id,name) VALUES(578,'La Gran Llave');
INSERT INTO CIGAR(id,name,brand_id,country_id,strength_id) VALUES(1921,'TORPEDO',578,1,2);
INSERT INTO CIGAR(id,name,brand_id,country_id,strength_id) VALUES(1922,'LANCERO',233,3,3);
INSERT INTO CIGAR(id,name,brand_id,country_id,strength_id) VALUES(1923,'LANCERO',33,1,2);
INSERT INTO CIGAR(id,name,brand_id,country_id,strength_id) VALUES(1924,'CHURCHILL',157,2,3);
INSERT INTO CIGAR(id,name,brand_id,country_id,strength_id) VALUES(1925,'REGIOS DE PUNCH EDICIÓN LIMITADA 2017',125,4,2);
INSERT INTO BRAND(id,name) VALUES(579,'H. Upmann The Banker Ingot Rosé');
INSERT INTO CIGAR(id,name,brand_id,country_id,strength_id) VALUES(1926,'CHURCHILL',579,3,3);
INSERT INTO CIGAR(id,name,brand_id,country_id,strength_id) VALUES(1927,'ROBUSTO',531,1,6);
INSERT INTO CIGAR(id,name,brand_id,country_id,strength_id) VALUES(1928,'TORO',531,1,3);
INSERT INTO CIGAR(id,name,brand_id,country_id,strength_id) VALUES(1929,'SIXTY',531,1,3);
INSERT INTO CIGAR(id,name,brand_id,country_id,strength_id) VALUES(1930,'BELICOSO',531,1,2);
INSERT INTO CIGAR(id,name,brand_id,country_id,strength_id) VALUES(1931,'LIMITED EDITION TRUNK-PRESSED TORO',531,1,2);
INSERT INTO BRAND(id,name) VALUES(580,'La Palina LP Number 1');
INSERT INTO CIGAR(id,name,brand_id,country_id,strength_id) VALUES(1932,'PETIT CORONA',580,2,2);
INSERT INTO CIGAR(id,name,brand_id,country_id,strength_id) VALUES(1933,'ROBUSTO',580,2,2);
INSERT INTO CIGAR(id,name,brand_id,country_id,strength_id) VALUES(1934,'TORO',580,2,3);
INSERT INTO CIGAR(id,name,brand_id,country_id,strength_id) VALUES(1935,'GORDO',580,2,2);
INSERT INTO BRAND(id,name) VALUES(581,'Espinosa Wasabi');
INSERT INTO CIGAR(id,name,brand_id,country_id,strength_id) VALUES(1936,'ROBUSTO',581,1,2);
INSERT INTO CIGAR(id,name,brand_id,country_id,strength_id) VALUES(1937,'20-YEAR-SALUTE',97,3,3);
INSERT INTO CIGAR(id,name,brand_id,country_id,strength_id) VALUES(1938,'21-YEAR SALUTE',97,3,4);
INSERT INTO CIGAR(id,name,brand_id,country_id,strength_id) VALUES(1939,'22-YEAR SALUTE',97,3,3);
INSERT INTO CIGAR(id,name,brand_id,country_id,strength_id) VALUES(1940,'23-YEAR SALUTE',97,3,3);
INSERT INTO CIGAR(id,name,brand_id,country_id,strength_id) VALUES(1941,'24-YEAR SALUTE',97,3,3);
INSERT INTO CIGAR(id,name,brand_id,country_id,strength_id) VALUES(1942,'GORDO',394,1,3);
INSERT INTO CIGAR(id,name,brand_id,country_id,strength_id) VALUES(1943,'CHURCHILL',394,1,4);
INSERT INTO BRAND(id,name) VALUES(582,'CAO Zócalo');
INSERT INTO CIGAR(id,name,brand_id,country_id,strength_id) VALUES(1944,'SAN ANDRÉS',582,1,2);
INSERT INTO CIGAR(id,name,brand_id,country_id,strength_id) VALUES(1945,'NO. 2',45,4,3);
INSERT INTO BRAND(id,name) VALUES(583,'Rocky Patel 15th Anniversary');
INSERT INTO CIGAR(id,name,brand_id,country_id,strength_id) VALUES(1946,'TORO (TUBO)',583,1,2);
INSERT INTO CIGAR(id,name,brand_id,country_id,strength_id) VALUES(1947,'ROBUSTO',455,3,3);
INSERT INTO BRAND(id,name) VALUES(584,'Alec Bradley Maxx');
INSERT INTO CIGAR(id,name,brand_id,country_id,strength_id) VALUES(1948,'NANO',584,2,2);
INSERT INTO CIGAR(id,name,brand_id,country_id,strength_id) VALUES(1949,'RADIANT',451,3,2);
INSERT INTO CIGAR(id,name,brand_id,country_id,strength_id) VALUES(1950,'358',272,1,4);
INSERT INTO CIGAR(id,name,brand_id,country_id,strength_id) VALUES(1951,'CHURCHILL',73,1,1);
INSERT INTO CIGAR(id,name,brand_id,country_id,strength_id) VALUES(1952,'SHORT ROBUSTO',144,3,2);
INSERT INTO CIGAR(id,name,brand_id,country_id,strength_id) VALUES(1953,'ROBUSTO',402,1,2);
INSERT INTO CIGAR(id,name,brand_id,country_id,strength_id) VALUES(1954,'N45',108,1,1);
INSERT INTO CIGAR(id,name,brand_id,country_id,strength_id) VALUES(1955,'SIGLO V (TUBO)',55,4,3);
INSERT INTO CIGAR(id,name,brand_id,country_id,strength_id) VALUES(1956,'TRÉS MYSTIQUE',281,3,1);
INSERT INTO BRAND(id,name) VALUES(585,'Gurkha Heritage');
INSERT INTO CIGAR(id,name,brand_id,country_id,strength_id) VALUES(1957,'TORO',585,1,2);
INSERT INTO CIGAR(id,name,brand_id,country_id,strength_id) VALUES(1958,'NO. 2',45,4,3);
INSERT INTO CIGAR(id,name,brand_id,country_id,strength_id) VALUES(1959,'CORONITA',503,1,3);
INSERT INTO CIGAR(id,name,brand_id,country_id,strength_id) VALUES(1960,'CHURCHILL',201,2,3);
INSERT INTO CIGAR(id,name,brand_id,country_id,strength_id) VALUES(1961,'ROBUSTO',405,3,4);
INSERT INTO CIGAR(id,name,brand_id,country_id,strength_id) VALUES(1962,'ROBUSTO',215,3,1);
INSERT INTO BRAND(id,name) VALUES(586,'A. Flores Gran Reserva 1975 Desflorado');
INSERT INTO CIGAR(id,name,brand_id,country_id,strength_id) VALUES(1963,'HALF CORONA',586,3,3);
INSERT INTO CIGAR(id,name,brand_id,country_id,strength_id) VALUES(1964,'PETIT CHURCHILL',22,4,2);
INSERT INTO CIGAR(id,name,brand_id,country_id,strength_id) VALUES(1965,'LONSDALE',273,3,4);
INSERT INTO CIGAR(id,name,brand_id,country_id,strength_id) VALUES(1966,'SELECCIÓN NO. 5',348,3,3);
INSERT INTO CIGAR(id,name,brand_id,country_id,strength_id) VALUES(1967,'CEDROS DELUXE CERVANTES',35,1,3);
INSERT INTO CIGAR(id,name,brand_id,country_id,strength_id) VALUES(1968,'SERIE D NO. 5',37,4,3);
INSERT INTO CIGAR(id,name,brand_id,country_id,strength_id) VALUES(1969,'GORDITO',54,3,3);
INSERT INTO CIGAR(id,name,brand_id,country_id,strength_id) VALUES(1970,'CHURCHILL',226,1,3);
INSERT INTO CIGAR(id,name,brand_id,country_id,strength_id) VALUES(1971,'SELECCION PRIVADA NO. 1 MADURO',86,3,3);
INSERT INTO CIGAR(id,name,brand_id,country_id,strength_id) VALUES(1972,'PUNCH EMS',125,2,2);
INSERT INTO CIGAR(id,name,brand_id,country_id,strength_id) VALUES(1973,'FIGURADO',303,2,3);
INSERT INTO CIGAR(id,name,brand_id,country_id,strength_id) VALUES(1974,'LONSDALE',431,2,2);
INSERT INTO CIGAR(id,name,brand_id,country_id,strength_id) VALUES(1975,'8-9-8',47,3,5);
INSERT INTO CIGAR(id,name,brand_id,country_id,strength_id) VALUES(1976,'PICADORES',241,4,2);
INSERT INTO CIGAR(id,name,brand_id,country_id,strength_id) VALUES(1977,'HAVANA CAZADORES',90,6,3);
INSERT INTO CIGAR(id,name,brand_id,country_id,strength_id) VALUES(1978,'CEDRO DELUXE NO. 1',234,3,4);
INSERT INTO CIGAR(id,name,brand_id,country_id,strength_id) VALUES(1979,'CHURCHILL',57,1,2);
INSERT INTO CIGAR(id,name,brand_id,country_id,strength_id) VALUES(1980,'FAMOSO',278,4,3);
INSERT INTO CIGAR(id,name,brand_id,country_id,strength_id) VALUES(1981,'RESERVA NO. 888',170,3,2);
INSERT INTO CIGAR(id,name,brand_id,country_id,strength_id) VALUES(1982,'NO. 1',26,3,3);
INSERT INTO CIGAR(id,name,brand_id,country_id,strength_id) VALUES(1983,'00',59,3,5);
INSERT INTO CIGAR(id,name,brand_id,country_id,strength_id) VALUES(1984,'SHORT ROBUSTO',559,1,2);
INSERT INTO CIGAR(id,name,brand_id,country_id,strength_id) VALUES(1985,'TORO',519,1,1);
INSERT INTO CIGAR(id,name,brand_id,country_id,strength_id) VALUES(1986,'BELICOSO',311,4,3);
INSERT INTO CIGAR(id,name,brand_id,country_id,strength_id) VALUES(1987,'SUPER LANCERO',9,3,2);
INSERT INTO CIGAR(id,name,brand_id,country_id,strength_id) VALUES(1988,'ROBUSTO',562,1,2);
INSERT INTO CIGAR(id,name,brand_id,country_id,strength_id) VALUES(1989,'MAJESTIC',563,3,3);
INSERT INTO CIGAR(id,name,brand_id,country_id,strength_id) VALUES(1990,'SAN LUIS',564,2,2);
INSERT INTO CIGAR(id,name,brand_id,country_id,strength_id) VALUES(1991,'CHURCHILL',579,3,3);
INSERT INTO CIGAR(id,name,brand_id,country_id,strength_id) VALUES(1992,'BELICOSO',531,1,2);
INSERT INTO CIGAR(id,name,brand_id,country_id,strength_id) VALUES(1993,'PETIT CORONA',580,2,2);
INSERT INTO CIGAR(id,name,brand_id,country_id,strength_id) VALUES(1994,'EPICURE ESPECIAL',60,4,3);
INSERT INTO CIGAR(id,name,brand_id,country_id,strength_id) VALUES(1995,'SUPERIOR',237,1,3);
INSERT INTO CIGAR(id,name,brand_id,country_id,strength_id) VALUES(1996,'CHURCHILL',40,1,1);
INSERT INTO CIGAR(id,name,brand_id,country_id,strength_id) VALUES(1997,'CHURCHILL',387,3,2);
INSERT INTO CIGAR(id,name,brand_id,country_id,strength_id) VALUES(1998,'MEDIO SIGLO',55,4,2);
INSERT INTO BRAND(id,name) VALUES(587,'Diesel Whiskey Row');
INSERT INTO CIGAR(id,name,brand_id,country_id,strength_id) VALUES(1999,'CHURCHILL',587,1,1);
INSERT INTO CIGAR(id,name,brand_id,country_id,strength_id) VALUES(2000,'TORPEDO',65,6,3);
INSERT INTO CIGAR(id,name,brand_id,country_id,strength_id) VALUES(2001,'ROBUSTO',369,3,2);
INSERT INTO CIGAR(id,name,brand_id,country_id,strength_id) VALUES(2002,'NO. 34',16,1,4);
INSERT INTO BRAND(id,name) VALUES(588,'E.P. Carrillo Cardinal Impact Maduro');
INSERT INTO CIGAR(id,name,brand_id,country_id,strength_id) VALUES(2003,'NO. 54',588,3,2);
INSERT INTO CIGAR(id,name,brand_id,country_id,strength_id) VALUES(2004,'CHURCHILL',270,1,2);
INSERT INTO CIGAR(id,name,brand_id,country_id,strength_id) VALUES(2005,'CHISEL',433,3,1);
INSERT INTO CIGAR(id,name,brand_id,country_id,strength_id) VALUES(2006,'NO. 1',45,4,3);
INSERT INTO CIGAR(id,name,brand_id,country_id,strength_id) VALUES(2007,'CHURCHILL',368,3,3);
INSERT INTO BRAND(id,name) VALUES(589,'Aging Room Solera Corojo');
INSERT INTO CIGAR(id,name,brand_id,country_id,strength_id) VALUES(2008,'FANFARE',589,3,2);
INSERT INTO CIGAR(id,name,brand_id,country_id,strength_id) VALUES(2009,'HILL',248,1,3);
INSERT INTO BRAND(id,name) VALUES(590,'Blind Man''s Bluff Connecticut');
INSERT INTO CIGAR(id,name,brand_id,country_id,strength_id) VALUES(2010,'HILL',590,2,4);
INSERT INTO BRAND(id,name) VALUES(591,'CLE Habano');
INSERT INTO CIGAR(id,name,brand_id,country_id,strength_id) VALUES(2011,'11/18',591,2,2);
INSERT INTO CIGAR(id,name,brand_id,country_id,strength_id) VALUES(2012,'BELICOSO',279,1,2);
INSERT INTO CIGAR(id,name,brand_id,country_id,strength_id) VALUES(2013,'DOUBLE CORONA',151,3,2);
INSERT INTO BRAND(id,name) VALUES(592,'Montecristo Línea 1935');
INSERT INTO CIGAR(id,name,brand_id,country_id,strength_id) VALUES(2014,'LEYENDA',592,4,2);
INSERT INTO CIGAR(id,name,brand_id,country_id,strength_id) VALUES(2015,'ROBUSTO',440,1,3);
INSERT INTO CIGAR(id,name,brand_id,country_id,strength_id) VALUES(2016,'FLAQUITAS',392,1,2);
INSERT INTO BRAND(id,name) VALUES(593,'HVC Cerro Maduro');
INSERT INTO CIGAR(id,name,brand_id,country_id,strength_id) VALUES(2017,'TORO',593,1,2);
INSERT INTO CIGAR(id,name,brand_id,country_id,strength_id) VALUES(2018,'PRESSED PERFECTO',460,1,2);
INSERT INTO BRAND(id,name) VALUES(594,'L''Atelier');
INSERT INTO CIGAR(id,name,brand_id,country_id,strength_id) VALUES(2019,'',594,1,3);
INSERT INTO BRAND(id,name) VALUES(595,'Viaje Exclusivo');
INSERT INTO CIGAR(id,name,brand_id,country_id,strength_id) VALUES(2020,'DOUBLE R',595,2,2);
INSERT INTO CIGAR(id,name,brand_id,country_id,strength_id) VALUES(2021,'ROBUSTO',370,3,4);
INSERT INTO CIGAR(id,name,brand_id,country_id,strength_id) VALUES(2022,'ROBUSTO',484,5,2);
INSERT INTO CIGAR(id,name,brand_id,country_id,strength_id) VALUES(2023,'ANTHROPOLOGY',420,1,1);
INSERT INTO BRAND(id,name) VALUES(596,'The Oscar Maduro');
INSERT INTO CIGAR(id,name,brand_id,country_id,strength_id) VALUES(2024,'TORO',596,2,2);
INSERT INTO CIGAR(id,name,brand_id,country_id,strength_id) VALUES(2025,'DUMAS',592,4,3);
INSERT INTO BRAND(id,name) VALUES(597,'Ramon Allones by AJ Fernandez');
INSERT INTO CIGAR(id,name,brand_id,country_id,strength_id) VALUES(2026,'CHURCHILL',597,1,1);
INSERT INTO BRAND(id,name) VALUES(598,'Archetype Dreamstate');
INSERT INTO CIGAR(id,name,brand_id,country_id,strength_id) VALUES(2027,'CHURCHILL',598,3,4);
INSERT INTO CIGAR(id,name,brand_id,country_id,strength_id) VALUES(2028,'TORO',598,3,4);
INSERT INTO CIGAR(id,name,brand_id,country_id,strength_id) VALUES(2029,'ROBUSTO',598,3,5);
INSERT INTO BRAND(id,name) VALUES(599,'Camacho Liberty 2005 Throwback');
INSERT INTO CIGAR(id,name,brand_id,country_id,strength_id) VALUES(2030,'11/18',599,2,1);
INSERT INTO BRAND(id,name) VALUES(600,'Viaje Craft Series Bales on Bales');
INSERT INTO CIGAR(id,name,brand_id,country_id,strength_id) VALUES(2031,'TORO',600,1,3);
INSERT INTO CIGAR(id,name,brand_id,country_id,strength_id) VALUES(2032,'MALTÉS',592,4,3);
INSERT INTO CIGAR(id,name,brand_id,country_id,strength_id) VALUES(2033,'DUMAS',592,4,3);
INSERT INTO CIGAR(id,name,brand_id,country_id,strength_id) VALUES(2034,'CHURCHILL',597,1,1);
INSERT INTO CIGAR(id,name,brand_id,country_id,strength_id) VALUES(2035,'TORO',597,1,2);
INSERT INTO CIGAR(id,name,brand_id,country_id,strength_id) VALUES(2036,'ROBUSTO',597,1,2);
INSERT INTO CIGAR(id,name,brand_id,country_id,strength_id) VALUES(2037,'TORPEDO',597,1,2);
INSERT INTO BRAND(id,name) VALUES(601,'Alec Bradley Medalist');
INSERT INTO CIGAR(id,name,brand_id,country_id,strength_id) VALUES(2038,'ROBUSTO',601,2,5);
INSERT INTO CIGAR(id,name,brand_id,country_id,strength_id) VALUES(2039,'TORO',601,2,5);
INSERT INTO CIGAR(id,name,brand_id,country_id,strength_id) VALUES(2040,'GORDO',601,2,4);
INSERT INTO CIGAR(id,name,brand_id,country_id,strength_id) VALUES(2041,'CHURCHILL',601,2,5);
INSERT INTO CIGAR(id,name,brand_id,country_id,strength_id) VALUES(2042,'11/18',599,2,1);
INSERT INTO CIGAR(id,name,brand_id,country_id,strength_id) VALUES(2043,'RUSTIC CHEROOT',310,2,1);
INSERT INTO CIGAR(id,name,brand_id,country_id,strength_id) VALUES(2044,'BELICOSO',311,4,3);
INSERT INTO BRAND(id,name) VALUES(602,'Las Calaveras Edición Limitada 2018');
INSERT INTO CIGAR(id,name,brand_id,country_id,strength_id) VALUES(2045,'LC46',602,1,2);
INSERT INTO CIGAR(id,name,brand_id,country_id,strength_id) VALUES(2046,'LC56',602,1,3);
INSERT INTO CIGAR(id,name,brand_id,country_id,strength_id) VALUES(2047,'LC50',602,1,1);
INSERT INTO BRAND(id,name) VALUES(603,'Room101 Farce');
INSERT INTO CIGAR(id,name,brand_id,country_id,strength_id) VALUES(2048,'IT IS A MAGNUM',603,3,2);
INSERT INTO CIGAR(id,name,brand_id,country_id,strength_id) VALUES(2049,'IT IS A ROBUSTO',603,3,2);
INSERT INTO CIGAR(id,name,brand_id,country_id,strength_id) VALUES(2050,'IT IS A LONSDALE',603,3,2);
INSERT INTO CIGAR(id,name,brand_id,country_id,strength_id) VALUES(2051,'IT IS A TORO',603,3,3);
INSERT INTO BRAND(id,name) VALUES(604,'E.P. Carrillo Interlude Natural');
INSERT INTO CIGAR(id,name,brand_id,country_id,strength_id) VALUES(2052,'ROTHSCHILD JR.',604,3,3);
INSERT INTO CIGAR(id,name,brand_id,country_id,strength_id) VALUES(2053,'CARRILLITOS',604,3,2);
INSERT INTO BRAND(id,name) VALUES(605,'Partagas Legend');
INSERT INTO CIGAR(id,name,brand_id,country_id,strength_id) VALUES(2054,'TORO LEYENDA',605,3,3);
INSERT INTO CIGAR(id,name,brand_id,country_id,strength_id) VALUES(2055,'FABULOSO LEYENDA',605,3,2);
INSERT INTO CIGAR(id,name,brand_id,country_id,strength_id) VALUES(2056,'CORONA EXTRA LEYENDA',605,3,2);
INSERT INTO BRAND(id,name) VALUES(606,'Aging Room Pura Cepa');
INSERT INTO CIGAR(id,name,brand_id,country_id,strength_id) VALUES(2057,'RONDO',606,1,2);
INSERT INTO CIGAR(id,name,brand_id,country_id,strength_id) VALUES(2058,'GRANDE',606,1,2);
INSERT INTO CIGAR(id,name,brand_id,country_id,strength_id) VALUES(2059,'MEZZO',606,1,3);
INSERT INTO BRAND(id,name) VALUES(607,'Camacho Coyolar');
INSERT INTO CIGAR(id,name,brand_id,country_id,strength_id) VALUES(2060,'SUPER TORO',607,2,2);
INSERT INTO CIGAR(id,name,brand_id,country_id,strength_id) VALUES(2061,'PERFECTO #1',607,2,1);
INSERT INTO CIGAR(id,name,brand_id,country_id,strength_id) VALUES(2062,'ROTHSCHILD',607,2,1);
INSERT INTO CIGAR(id,name,brand_id,country_id,strength_id) VALUES(2063,'FIGURADO',607,2,2);
INSERT INTO CIGAR(id,name,brand_id,country_id,strength_id) VALUES(2064,'TITAN',607,2,1);
INSERT INTO CIGAR(id,name,brand_id,country_id,strength_id) VALUES(2065,'CHURCHILL',442,1,2);
INSERT INTO CIGAR(id,name,brand_id,country_id,strength_id) VALUES(2066,'ROBUSTO',442,1,2);
INSERT INTO CIGAR(id,name,brand_id,country_id,strength_id) VALUES(2067,'TORO',442,1,3);
INSERT INTO CIGAR(id,name,brand_id,country_id,strength_id) VALUES(2068,'ROBUSTO GRANDE',442,1,2);
INSERT INTO CIGAR(id,name,brand_id,country_id,strength_id) VALUES(2069,'TORPEDO',442,1,3);
INSERT INTO BRAND(id,name) VALUES(608,'La Aurora Puro Vintage 2007');
INSERT INTO CIGAR(id,name,brand_id,country_id,strength_id) VALUES(2070,'SALOMON',608,3,3);
INSERT INTO CIGAR(id,name,brand_id,country_id,strength_id) VALUES(2071,'MEDIO SIGLO',55,4,2);
INSERT INTO CIGAR(id,name,brand_id,country_id,strength_id) VALUES(2072,'ROBUSTO NO. 5',202,3,5);
INSERT INTO CIGAR(id,name,brand_id,country_id,strength_id) VALUES(2073,'11',204,1,1);
INSERT INTO CIGAR(id,name,brand_id,country_id,strength_id) VALUES(2074,'SIXTY',583,1,2);
INSERT INTO CIGAR(id,name,brand_id,country_id,strength_id) VALUES(2075,'CORONA GORDA',360,1,2);
INSERT INTO CIGAR(id,name,brand_id,country_id,strength_id) VALUES(2076,'KING "T" (TUBO)',86,3,5);
INSERT INTO CIGAR(id,name,brand_id,country_id,strength_id) VALUES(2077,'GORDITO',279,1,2);
INSERT INTO CIGAR(id,name,brand_id,country_id,strength_id) VALUES(2078,'NO. 4',131,1,3);
INSERT INTO CIGAR(id,name,brand_id,country_id,strength_id) VALUES(2079,'BELICOSO',88,1,2);
INSERT INTO CIGAR(id,name,brand_id,country_id,strength_id) VALUES(2080,'O',467,1,2);
INSERT INTO CIGAR(id,name,brand_id,country_id,strength_id) VALUES(2081,'TORO',122,3,2);
INSERT INTO CIGAR(id,name,brand_id,country_id,strength_id) VALUES(2082,'CHURCHILL',9,3,3);
INSERT INTO CIGAR(id,name,brand_id,country_id,strength_id) VALUES(2083,'VALIENTES',563,3,2);
INSERT INTO CIGAR(id,name,brand_id,country_id,strength_id) VALUES(2084,'MAÑANITA',120,4,3);
INSERT INTO CIGAR(id,name,brand_id,country_id,strength_id) VALUES(2085,'SAN AGUSTIN',564,2,3);
INSERT INTO CIGAR(id,name,brand_id,country_id,strength_id) VALUES(2086,'DIAMOND ROUGH CUT',320,1,2);
INSERT INTO CIGAR(id,name,brand_id,country_id,strength_id) VALUES(2087,'20-YEAR SALUTE',97,3,3);
INSERT INTO CIGAR(id,name,brand_id,country_id,strength_id) VALUES(2088,'CHURCHILL',394,1,4);
INSERT INTO CIGAR(id,name,brand_id,country_id,strength_id) VALUES(2089,'SIGLO III',55,4,2);
INSERT INTO CIGAR(id,name,brand_id,country_id,strength_id) VALUES(2090,'SAN ANDRÉS',582,1,2);
INSERT INTO CIGAR(id,name,brand_id,country_id,strength_id) VALUES(2091,'CHURCHILL',598,3,4);
INSERT INTO CIGAR(id,name,brand_id,country_id,strength_id) VALUES(2092,'TORO',597,1,2);
INSERT INTO CIGAR(id,name,brand_id,country_id,strength_id) VALUES(2093,'MAGNUM 54',105,4,3);
INSERT INTO CIGAR(id,name,brand_id,country_id,strength_id) VALUES(2094,'RUSTIC CHEROOT',310,2,1);
INSERT INTO CIGAR(id,name,brand_id,country_id,strength_id) VALUES(2095,'MALTÉS',592,4,3);
INSERT INTO CIGAR(id,name,brand_id,country_id,strength_id) VALUES(2096,'GORDO',601,2,4);
INSERT INTO CIGAR(id,name,brand_id,country_id,strength_id) VALUES(2097,'LC46',602,1,2);
INSERT INTO CIGAR(id,name,brand_id,country_id,strength_id) VALUES(2098,'IT IS A MAGNUM',603,3,2);
INSERT INTO BRAND(id,name) VALUES(609,'Casa Turrent 1880');
INSERT INTO CIGAR(id,name,brand_id,country_id,strength_id) VALUES(2099,'SUI GÉNERIS',609,5,2);
INSERT INTO CIGAR(id,name,brand_id,country_id,strength_id) VALUES(2100,'NO. 4 MADURO',237,1,2);
INSERT INTO CIGAR(id,name,brand_id,country_id,strength_id) VALUES(2101,'CHURCHILL',495,1,3);
INSERT INTO CIGAR(id,name,brand_id,country_id,strength_id) VALUES(2102,'LA PUNTA',117,4,3);
INSERT INTO CIGAR(id,name,brand_id,country_id,strength_id) VALUES(2103,'CHURCHILL',63,1,2);
INSERT INTO CIGAR(id,name,brand_id,country_id,strength_id) VALUES(2104,'CORONA',28,3,2);
INSERT INTO CIGAR(id,name,brand_id,country_id,strength_id) VALUES(2105,'CRYSTAL CORONA',55,3,3);
INSERT INTO CIGAR(id,name,brand_id,country_id,strength_id) VALUES(2106,'QUILLON',147,1,2);
INSERT INTO CIGAR(id,name,brand_id,country_id,strength_id) VALUES(2107,'LE HOYO DE SAN JUAN',60,4,3);
INSERT INTO CIGAR(id,name,brand_id,country_id,strength_id) VALUES(2108,'PYRAMID',351,3,3);
INSERT INTO CIGAR(id,name,brand_id,country_id,strength_id) VALUES(2109,'CHISELITO MADURO',36,3,1);
INSERT INTO BRAND(id,name) VALUES(610,'CLE Connecticut');
INSERT INTO CIGAR(id,name,brand_id,country_id,strength_id) VALUES(2110,'60X6',610,2,3);
INSERT INTO CIGAR(id,name,brand_id,country_id,strength_id) VALUES(2111,'NO. 3',45,4,3);
INSERT INTO BRAND(id,name) VALUES(611,'Matilde Renacer');
INSERT INTO CIGAR(id,name,brand_id,country_id,strength_id) VALUES(2112,'CORONA',611,3,2);
INSERT INTO CIGAR(id,name,brand_id,country_id,strength_id) VALUES(2113,'CHURCHILL',437,3,3);
INSERT INTO CIGAR(id,name,brand_id,country_id,strength_id) VALUES(2114,'BELICOSO',43,1,4);
INSERT INTO CIGAR(id,name,brand_id,country_id,strength_id) VALUES(2115,'TO',332,1,4);
INSERT INTO CIGAR(id,name,brand_id,country_id,strength_id) VALUES(2116,'CHURCHILL EXTRA',33,1,2);
INSERT INTO CIGAR(id,name,brand_id,country_id,strength_id) VALUES(2117,'LONDRES MADURO',50,1,2);
INSERT INTO CIGAR(id,name,brand_id,country_id,strength_id) VALUES(2118,'DISTINGUIDOS',192,4,2);
INSERT INTO CIGAR(id,name,brand_id,country_id,strength_id) VALUES(2119,'NO. 60',177,3,3);
INSERT INTO CIGAR(id,name,brand_id,country_id,strength_id) VALUES(2120,'CORONA',56,1,2);
INSERT INTO BRAND(id,name) VALUES(612,'La Mission L''Atelier');
INSERT INTO CIGAR(id,name,brand_id,country_id,strength_id) VALUES(2121,'',612,1,2);
INSERT INTO CIGAR(id,name,brand_id,country_id,strength_id) VALUES(2122,'EDMUNDO',45,4,2);
INSERT INTO CIGAR(id,name,brand_id,country_id,strength_id) VALUES(2123,'NO. 3',258,3,5);
INSERT INTO CIGAR(id,name,brand_id,country_id,strength_id) VALUES(2124,'660',158,3,2);
INSERT INTO CIGAR(id,name,brand_id,country_id,strength_id) VALUES(2125,'CORONA DOBLE',140,1,1);
INSERT INTO CIGAR(id,name,brand_id,country_id,strength_id) VALUES(2126,'TORO',65,1,2);
INSERT INTO CIGAR(id,name,brand_id,country_id,strength_id) VALUES(2127,'L-500',210,3,2);
INSERT INTO BRAND(id,name) VALUES(613,'Gilberto Oliva Reserva Blanc');
INSERT INTO CIGAR(id,name,brand_id,country_id,strength_id) VALUES(2128,'5.75X43',613,1,4);
INSERT INTO CIGAR(id,name,brand_id,country_id,strength_id) VALUES(2129,'GENIOS',462,4,2);
INSERT INTO BRAND(id,name) VALUES(614,'La Colmena');
INSERT INTO CIGAR(id,name,brand_id,country_id,strength_id) VALUES(2130,'AMADO NO. 44',614,6,3);
INSERT INTO CIGAR(id,name,brand_id,country_id,strength_id) VALUES(2131,'BELICOSO',64,3,2);
INSERT INTO CIGAR(id,name,brand_id,country_id,strength_id) VALUES(2132,'PETIT ROBUSTO',73,1,2);
INSERT INTO CIGAR(id,name,brand_id,country_id,strength_id) VALUES(2133,'ROBUSTO',303,2,2);
INSERT INTO CIGAR(id,name,brand_id,country_id,strength_id) VALUES(2134,'ROBUSTO',358,1,3);
INSERT INTO CIGAR(id,name,brand_id,country_id,strength_id) VALUES(2135,'PEQUEÑAS',209,1,2);
INSERT INTO BRAND(id,name) VALUES(615,'Serino Royale Connecticut');
INSERT INTO CIGAR(id,name,brand_id,country_id,strength_id) VALUES(2136,'CHURCHILL',615,1,4);
INSERT INTO CIGAR(id,name,brand_id,country_id,strength_id) VALUES(2137,'CORONA SENIOR (TUBO)',37,4,3);
INSERT INTO CIGAR(id,name,brand_id,country_id,strength_id) VALUES(2138,'ROTHSCHILD',432,1,4);
INSERT INTO CIGAR(id,name,brand_id,country_id,strength_id) VALUES(2139,'TORPEDO',409,3,2);
INSERT INTO CIGAR(id,name,brand_id,country_id,strength_id) VALUES(2140,'DOUBLE MAGNUM',324,3,2);
INSERT INTO BRAND(id,name) VALUES(616,'Quesada Reserva Privada Barber-Pole');
INSERT INTO CIGAR(id,name,brand_id,country_id,strength_id) VALUES(2141,'ROBUSTO',616,3,3);
INSERT INTO CIGAR(id,name,brand_id,country_id,strength_id) VALUES(2142,'50 X 5',576,3,3);
INSERT INTO CIGAR(id,name,brand_id,country_id,strength_id) VALUES(2143,'CHURCHILL',442,1,2);
INSERT INTO CIGAR(id,name,brand_id,country_id,strength_id) VALUES(2144,'ROMEO NO. 1 (TUBO)',22,4,3);
INSERT INTO BRAND(id,name) VALUES(617,'Micallef Herencia Habano');
INSERT INTO CIGAR(id,name,brand_id,country_id,strength_id) VALUES(2145,'TORPEDO',617,1,2);
INSERT INTO CIGAR(id,name,brand_id,country_id,strength_id) VALUES(2146,'RONDO',606,1,2);
INSERT INTO CIGAR(id,name,brand_id,country_id,strength_id) VALUES(2147,'ROBUSTO',580,2,2);
INSERT INTO CIGAR(id,name,brand_id,country_id,strength_id) VALUES(2148,'FABULOSO LEYENDA',605,3,2);
INSERT INTO CIGAR(id,name,brand_id,country_id,strength_id) VALUES(2149,'SIR DAVID EXCLUSIVO HONG KONG',125,4,3);
INSERT INTO BRAND(id,name) VALUES(618,'Espinosa Reggae');
INSERT INTO CIGAR(id,name,brand_id,country_id,strength_id) VALUES(2150,'ROBUSTO GRANDE',618,1,2);
INSERT INTO CIGAR(id,name,brand_id,country_id,strength_id) VALUES(2151,'TORO',618,1,3);
INSERT INTO CIGAR(id,name,brand_id,country_id,strength_id) VALUES(2152,'SHORT CHURCHILL',618,1,3);
INSERT INTO BRAND(id,name) VALUES(619,'Rocky Patel Tavicusa');
INSERT INTO CIGAR(id,name,brand_id,country_id,strength_id) VALUES(2153,'ROBUSTO',619,1,2);
INSERT INTO CIGAR(id,name,brand_id,country_id,strength_id) VALUES(2154,'TORO',619,1,3);
INSERT INTO CIGAR(id,name,brand_id,country_id,strength_id) VALUES(2155,'SIXTY',619,1,2);
INSERT INTO BRAND(id,name) VALUES(620,'Romeo San Andrés by Romeo y Julieta');
INSERT INTO CIGAR(id,name,brand_id,country_id,strength_id) VALUES(2156,'ROBUSTO',620,1,1);
INSERT INTO CIGAR(id,name,brand_id,country_id,strength_id) VALUES(2157,'SHORT MAGNUM',620,1,2);
INSERT INTO CIGAR(id,name,brand_id,country_id,strength_id) VALUES(2158,'TORO',620,1,2);
INSERT INTO CIGAR(id,name,brand_id,country_id,strength_id) VALUES(2159,'PIRÁMIDES',620,1,2);
INSERT INTO BRAND(id,name) VALUES(621,'Warped Serie Gran Reserva 1988');
INSERT INTO CIGAR(id,name,brand_id,country_id,strength_id) VALUES(2160,'ROBUSTO',621,1,2);
INSERT INTO CIGAR(id,name,brand_id,country_id,strength_id) VALUES(2161,'SIR DAVID EXCLUSIVO HONG KONG',125,4,3);
INSERT INTO CIGAR(id,name,brand_id,country_id,strength_id) VALUES(2162,'NO. 44 NATURAL',137,1,2);
INSERT INTO CIGAR(id,name,brand_id,country_id,strength_id) VALUES(2163,'NO. 45 NATURAL',137,1,2);
INSERT INTO CIGAR(id,name,brand_id,country_id,strength_id) VALUES(2164,'NO. 46 NATURAL',137,1,3);
INSERT INTO CIGAR(id,name,brand_id,country_id,strength_id) VALUES(2165,'NO. 85 NATURAL',137,1,2);
INSERT INTO CIGAR(id,name,brand_id,country_id,strength_id) VALUES(2166,'NO. 50 NATURAL',137,1,2);
INSERT INTO CIGAR(id,name,brand_id,country_id,strength_id) VALUES(2167,'ROBUSTO',619,1,2);
INSERT INTO BRAND(id,name) VALUES(622,'OneOff');
INSERT INTO CIGAR(id,name,brand_id,country_id,strength_id) VALUES(2168,'CARTHUCHOS',622,1,1);
INSERT INTO CIGAR(id,name,brand_id,country_id,strength_id) VALUES(2169,'ROBUSTO',622,1,2);
INSERT INTO CIGAR(id,name,brand_id,country_id,strength_id) VALUES(2170,'CORONA',622,1,1);
INSERT INTO CIGAR(id,name,brand_id,country_id,strength_id) VALUES(2171,'CORONA GORDA',622,1,2);
INSERT INTO CIGAR(id,name,brand_id,country_id,strength_id) VALUES(2172,'CAÑONAZO',622,1,2);
INSERT INTO CIGAR(id,name,brand_id,country_id,strength_id) VALUES(2173,'PYRAMIDES',622,1,2);
INSERT INTO CIGAR(id,name,brand_id,country_id,strength_id) VALUES(2174,'JULIETA',622,1,2);
INSERT INTO CIGAR(id,name,brand_id,country_id,strength_id) VALUES(2175,'+53 SUPER ROBUSTO',622,1,2);
INSERT INTO BRAND(id,name) VALUES(623,'CAO Nicaragua');
INSERT INTO CIGAR(id,name,brand_id,country_id,strength_id) VALUES(2176,'TIPITAPA',623,1,3);
INSERT INTO CIGAR(id,name,brand_id,country_id,strength_id) VALUES(2177,'MATAGALPA',623,1,2);
INSERT INTO CIGAR(id,name,brand_id,country_id,strength_id) VALUES(2178,'GRANADA',623,1,3);
INSERT INTO BRAND(id,name) VALUES(624,'Montecristo Nicaragua Series');
INSERT INTO CIGAR(id,name,brand_id,country_id,strength_id) VALUES(2179,'ROBUSTO',624,1,2);
INSERT INTO CIGAR(id,name,brand_id,country_id,strength_id) VALUES(2180,'TORO',624,1,3);
INSERT INTO CIGAR(id,name,brand_id,country_id,strength_id) VALUES(2181,'NO. 2',624,1,2);
INSERT INTO CIGAR(id,name,brand_id,country_id,strength_id) VALUES(2182,'CHURCHILL',624,1,3);
INSERT INTO BRAND(id,name) VALUES(625,'Tatuaje Fausto');
INSERT INTO CIGAR(id,name,brand_id,country_id,strength_id) VALUES(2183,'FT114 SHORT ROBUSTO',625,1,2);
INSERT INTO CIGAR(id,name,brand_id,country_id,strength_id) VALUES(2184,'FT127 ROBUSTO',625,1,2);
INSERT INTO CIGAR(id,name,brand_id,country_id,strength_id) VALUES(2185,'FT140 ROBUSTO EXTRA',625,1,1);
INSERT INTO CIGAR(id,name,brand_id,country_id,strength_id) VALUES(2186,'FT153 TORO',625,1,1);
INSERT INTO CIGAR(id,name,brand_id,country_id,strength_id) VALUES(2187,'FT166 SHORT CHURCHILL',625,1,2);
INSERT INTO CIGAR(id,name,brand_id,country_id,strength_id) VALUES(2188,'PERFECTO',568,12,3);
INSERT INTO CIGAR(id,name,brand_id,country_id,strength_id) VALUES(2189,'0',44,4,3);
INSERT INTO CIGAR(id,name,brand_id,country_id,strength_id) VALUES(2190,'ROBUSTO GRANDE',342,6,2);
INSERT INTO CIGAR(id,name,brand_id,country_id,strength_id) VALUES(2191,'SHORT CORONA GORDA',342,6,2);
INSERT INTO CIGAR(id,name,brand_id,country_id,strength_id) VALUES(2192,'LONSDALE DELUXE',342,6,2);
INSERT INTO CIGAR(id,name,brand_id,country_id,strength_id) VALUES(2193,'TORO ESPECIAL',342,6,2);
INSERT INTO CIGAR(id,name,brand_id,country_id,strength_id) VALUES(2194,'PIRAMIDE FINO',342,6,3);
INSERT INTO BRAND(id,name) VALUES(626,'Highclere Castle');
INSERT INTO CIGAR(id,name,brand_id,country_id,strength_id) VALUES(2195,'PETIT CORONA',626,1,4);
INSERT INTO CIGAR(id,name,brand_id,country_id,strength_id) VALUES(2196,'ROBUSTO',626,1,4);
INSERT INTO CIGAR(id,name,brand_id,country_id,strength_id) VALUES(2197,'CORONA',626,1,4);
INSERT INTO CIGAR(id,name,brand_id,country_id,strength_id) VALUES(2198,'TORO',626,1,3);
INSERT INTO CIGAR(id,name,brand_id,country_id,strength_id) VALUES(2199,'CHURCHILL',626,1,4);
INSERT INTO BRAND(id,name) VALUES(627,'Micallef Gomez Sanchez 1RA Generacion');
INSERT INTO CIGAR(id,name,brand_id,country_id,strength_id) VALUES(2200,'LEYENDA NO. 1',627,1,2);
INSERT INTO BRAND(id,name) VALUES(628,'My Father 10th Anniversary Limited Edition 2018');
INSERT INTO CIGAR(id,name,brand_id,country_id,strength_id) VALUES(2201,'TORO',628,1,3);
INSERT INTO CIGAR(id,name,brand_id,country_id,strength_id) VALUES(2202,'EPICURE NO. 2',60,4,3);
INSERT INTO CIGAR(id,name,brand_id,country_id,strength_id) VALUES(2203,'SORCERER',281,3,2);
INSERT INTO CIGAR(id,name,brand_id,country_id,strength_id) VALUES(2204,'PEGASUS',281,3,1);
INSERT INTO CIGAR(id,name,brand_id,country_id,strength_id) VALUES(2205,'TORPEDO',281,3,2);
INSERT INTO CIGAR(id,name,brand_id,country_id,strength_id) VALUES(2206,'TRÉS MYSTIQUE',281,3,1);
INSERT INTO BRAND(id,name) VALUES(629,'Joya Silver');
INSERT INTO CIGAR(id,name,brand_id,country_id,strength_id) VALUES(2207,'ROBUSTO',629,1,1);
INSERT INTO CIGAR(id,name,brand_id,country_id,strength_id) VALUES(2208,'CORONA',629,1,2);
INSERT INTO CIGAR(id,name,brand_id,country_id,strength_id) VALUES(2209,'TORO',629,1,2);
INSERT INTO CIGAR(id,name,brand_id,country_id,strength_id) VALUES(2210,'ULTRA',629,1,2);
INSERT INTO BRAND(id,name) VALUES(630,'MQBA');
INSERT INTO CIGAR(id,name,brand_id,country_id,strength_id) VALUES(2211,'DIADEM',630,7,4);
INSERT INTO CIGAR(id,name,brand_id,country_id,strength_id) VALUES(2212,'TORO',630,7,3);
INSERT INTO CIGAR(id,name,brand_id,country_id,strength_id) VALUES(2213,'TORPEDO',630,7,3);
INSERT INTO CIGAR(id,name,brand_id,country_id,strength_id) VALUES(2214,'NIKKA',630,7,4);
INSERT INTO BRAND(id,name) VALUES(631,'Liberation by Hamlet');
INSERT INTO CIGAR(id,name,brand_id,country_id,strength_id) VALUES(2215,'TORO',631,1,2);
INSERT INTO CIGAR(id,name,brand_id,country_id,strength_id) VALUES(2216,'TACOS EDICIÓN LIMITADA 2018',22,4,2);
INSERT INTO CIGAR(id,name,brand_id,country_id,strength_id) VALUES(2217,'TO',219,2,3);
INSERT INTO CIGAR(id,name,brand_id,country_id,strength_id) VALUES(2218,'WORK OF ART MADURO',453,3,2);
INSERT INTO CIGAR(id,name,brand_id,country_id,strength_id) VALUES(2219,'BELICOSO',387,3,3);
INSERT INTO CIGAR(id,name,brand_id,country_id,strength_id) VALUES(2220,'ARBITRAGE',166,3,2);
INSERT INTO CIGAR(id,name,brand_id,country_id,strength_id) VALUES(2221,'NESTOR IV',359,1,2);
INSERT INTO CIGAR(id,name,brand_id,country_id,strength_id) VALUES(2222,'INVICTOS',181,6,3);
INSERT INTO CIGAR(id,name,brand_id,country_id,strength_id) VALUES(2223,'ANCERO',594,1,2);
INSERT INTO CIGAR(id,name,brand_id,country_id,strength_id) VALUES(2224,'BELICOSO FINO',109,4,2);
INSERT INTO CIGAR(id,name,brand_id,country_id,strength_id) VALUES(2225,'BELICOSO',360,1,2);
INSERT INTO BRAND(id,name) VALUES(632,'Avo Signature 30 Years');
INSERT INTO CIGAR(id,name,brand_id,country_id,strength_id) VALUES(2226,'BELICOSO',632,3,3);
INSERT INTO CIGAR(id,name,brand_id,country_id,strength_id) VALUES(2227,'RESERVA D''CHATEAU',215,3,1);
INSERT INTO CIGAR(id,name,brand_id,country_id,strength_id) VALUES(2228,'EPICURE NO. 2',60,4,3);
INSERT INTO BRAND(id,name) VALUES(633,'San Lotano Requiem Maduro');
INSERT INTO CIGAR(id,name,brand_id,country_id,strength_id) VALUES(2229,'ROBUSTO',633,1,2);
INSERT INTO CIGAR(id,name,brand_id,country_id,strength_id) VALUES(2230,'ROBUSTO',596,2,2);
INSERT INTO BRAND(id,name) VALUES(634,'Archetype Strange Passage');
INSERT INTO CIGAR(id,name,brand_id,country_id,strength_id) VALUES(2231,'SHORT ROBUSTO',634,2,1);
INSERT INTO CIGAR(id,name,brand_id,country_id,strength_id) VALUES(2232,'CORONA DOBLE',279,1,2);
INSERT INTO BRAND(id,name) VALUES(635,'Perdomo 20th Anniversary Sun Grown');
INSERT INTO CIGAR(id,name,brand_id,country_id,strength_id) VALUES(2233,'CHURCHILL',635,1,2);
INSERT INTO CIGAR(id,name,brand_id,country_id,strength_id) VALUES(2234,'DOUBLE EDMUNDO',45,4,2);
INSERT INTO CIGAR(id,name,brand_id,country_id,strength_id) VALUES(2235,'DOG WALKER',417,2,2);
INSERT INTO CIGAR(id,name,brand_id,country_id,strength_id) VALUES(2236,'LANCERO',20,1,2);
INSERT INTO CIGAR(id,name,brand_id,country_id,strength_id) VALUES(2237,'SHORT CHURCHILL (TUBO)',22,4,3);
INSERT INTO BRAND(id,name) VALUES(636,'Bellas Artes Maduro');
INSERT INTO CIGAR(id,name,brand_id,country_id,strength_id) VALUES(2238,'ROBUSTO',636,1,1);
INSERT INTO CIGAR(id,name,brand_id,country_id,strength_id) VALUES(2239,'BESO',257,1,2);
INSERT INTO CIGAR(id,name,brand_id,country_id,strength_id) VALUES(2240,'SIGLO I (TUBO)',55,4,3);
INSERT INTO CIGAR(id,name,brand_id,country_id,strength_id) VALUES(2241,'IT IS A ROBUSTO',603,3,2);
INSERT INTO CIGAR(id,name,brand_id,country_id,strength_id) VALUES(2242,'SOBERANO',237,1,3);
INSERT INTO CIGAR(id,name,brand_id,country_id,strength_id) VALUES(2243,'SUPER TORO',607,2,2);
INSERT INTO CIGAR(id,name,brand_id,country_id,strength_id) VALUES(2244,'ROBUSTO',620,1,1);
INSERT INTO CIGAR(id,name,brand_id,country_id,strength_id) VALUES(2245,'ROBUSTO',622,1,2);
INSERT INTO CIGAR(id,name,brand_id,country_id,strength_id) VALUES(2246,'MAGNUM 46 (TUBO)',105,4,2);
INSERT INTO CIGAR(id,name,brand_id,country_id,strength_id) VALUES(2247,'FT114 SHORT ROBUSTO',625,1,2);
INSERT INTO CIGAR(id,name,brand_id,country_id,strength_id) VALUES(2248,'PERFECTO',568,12,3);
INSERT INTO CIGAR(id,name,brand_id,country_id,strength_id) VALUES(2249,'MATAGALPA',623,1,2);
INSERT INTO CIGAR(id,name,brand_id,country_id,strength_id) VALUES(2250,'PETIT CORONA',58,3,4);
INSERT INTO CIGAR(id,name,brand_id,country_id,strength_id) VALUES(2251,'ROMEO NO. 2 (TUBO)',22,4,3);
INSERT INTO CIGAR(id,name,brand_id,country_id,strength_id) VALUES(2252,'CHURCHILL',49,3,3);
INSERT INTO CIGAR(id,name,brand_id,country_id,strength_id) VALUES(2253,'NO. 45 NATURAL',137,1,2);
INSERT INTO CIGAR(id,name,brand_id,country_id,strength_id) VALUES(2254,'ROBUSTO',621,1,2);
INSERT INTO CIGAR(id,name,brand_id,country_id,strength_id) VALUES(2255,'NO. 8',259,3,4);
INSERT INTO CIGAR(id,name,brand_id,country_id,strength_id) VALUES(2256,'NO. 2',339,3,5);
INSERT INTO CIGAR(id,name,brand_id,country_id,strength_id) VALUES(2257,'LANCERO',93,3,3);
INSERT INTO CIGAR(id,name,brand_id,country_id,strength_id) VALUES(2258,'LANCERO',31,1,1);
INSERT INTO CIGAR(id,name,brand_id,country_id,strength_id) VALUES(2259,'PETIT CORONA',86,3,2);
INSERT INTO CIGAR(id,name,brand_id,country_id,strength_id) VALUES(2260,'SHORT',37,4,1);
INSERT INTO CIGAR(id,name,brand_id,country_id,strength_id) VALUES(2261,'PETIT CORONA',285,1,3);
INSERT INTO CIGAR(id,name,brand_id,country_id,strength_id) VALUES(2262,'PUNK',263,2,2);
INSERT INTO CIGAR(id,name,brand_id,country_id,strength_id) VALUES(2263,'CORONAS JUNIOR',109,4,1);
INSERT INTO CIGAR(id,name,brand_id,country_id,strength_id) VALUES(2264,'CHURCHILL',514,3,3);
INSERT INTO CIGAR(id,name,brand_id,country_id,strength_id) VALUES(2265,'SHORT PANATELA',140,1,1);
INSERT INTO CIGAR(id,name,brand_id,country_id,strength_id) VALUES(2266,'TORPEDO',477,3,2);
INSERT INTO BRAND(id,name) VALUES(637,'Mombacho Liga Maestro');
INSERT INTO CIGAR(id,name,brand_id,country_id,strength_id) VALUES(2267,'DOBLE ROBUSTO',637,1,2);
INSERT INTO BRAND(id,name) VALUES(638,'Punch Rare Corojo');
INSERT INTO CIGAR(id,name,brand_id,country_id,strength_id) VALUES(2268,'CHAMPION',638,2,3);
INSERT INTO CIGAR(id,name,brand_id,country_id,strength_id) VALUES(2269,'LANCERO',222,1,1);
INSERT INTO CIGAR(id,name,brand_id,country_id,strength_id) VALUES(2270,'LANCERO',218,2,2);
INSERT INTO CIGAR(id,name,brand_id,country_id,strength_id) VALUES(2271,'SERIE E NO. 2',37,4,2);
INSERT INTO CIGAR(id,name,brand_id,country_id,strength_id) VALUES(2272,'LANCERO',343,3,2);
INSERT INTO CIGAR(id,name,brand_id,country_id,strength_id) VALUES(2273,'MEZZO',606,1,3);
INSERT INTO BRAND(id,name) VALUES(639,'Long Live the King');
INSERT INTO CIGAR(id,name,brand_id,country_id,strength_id) VALUES(2274,'MY STYLE IS JALAPEÑO',639,3,3);
INSERT INTO CIGAR(id,name,brand_id,country_id,strength_id) VALUES(2275,'TACOS EDICIÓN LIMITADA 2018',22,4,2);
INSERT INTO BRAND(id,name) VALUES(640,'San Isidro');
INSERT INTO CIGAR(id,name,brand_id,country_id,strength_id) VALUES(2276,'GENIALES',640,1,2);
INSERT INTO CIGAR(id,name,brand_id,country_id,strength_id) VALUES(2277,'LANCERO',436,6,2);
INSERT INTO BRAND(id,name) VALUES(641,'My Father La Gran Oferta');
INSERT INTO CIGAR(id,name,brand_id,country_id,strength_id) VALUES(2278,'LANCERO',641,1,2);
INSERT INTO CIGAR(id,name,brand_id,country_id,strength_id) VALUES(2279,'NO. 2',624,1,2);
INSERT INTO BRAND(id,name) VALUES(642,'Timeless Panamericana');
INSERT INTO CIGAR(id,name,brand_id,country_id,strength_id) VALUES(2280,'JULIETA',642,1,3);
INSERT INTO CIGAR(id,name,brand_id,country_id,strength_id) VALUES(2281,'TORO',619,1,3);
INSERT INTO CIGAR(id,name,brand_id,country_id,strength_id) VALUES(2282,'PETIT CORONA',168,1,3);
INSERT INTO CIGAR(id,name,brand_id,country_id,strength_id) VALUES(2283,'BELICOSO',62,3,2);
INSERT INTO BRAND(id,name) VALUES(643,'E.P. Carrillo Interlude Maduro');
INSERT INTO CIGAR(id,name,brand_id,country_id,strength_id) VALUES(2284,'CARRILLITOS',643,3,2);
INSERT INTO CIGAR(id,name,brand_id,country_id,strength_id) VALUES(2285,'CHURCHILL',490,2,2);
INSERT INTO CIGAR(id,name,brand_id,country_id,strength_id) VALUES(2286,'466BPT',150,1,2);
INSERT INTO CIGAR(id,name,brand_id,country_id,strength_id) VALUES(2287,'MACHITO',40,1,2);
INSERT INTO CIGAR(id,name,brand_id,country_id,strength_id) VALUES(2288,'GRAN VIA',119,3,4);
INSERT INTO CIGAR(id,name,brand_id,country_id,strength_id) VALUES(2289,'PYRAMID NO. 9',497,3,2);
INSERT INTO CIGAR(id,name,brand_id,country_id,strength_id) VALUES(2290,'CHURCHILL',316,2,5);
INSERT INTO CIGAR(id,name,brand_id,country_id,strength_id) VALUES(2291,'CHURCHILL',468,3,3);
INSERT INTO BRAND(id,name) VALUES(644,'Vegas del Purial Gran Reserva');
INSERT INTO CIGAR(id,name,brand_id,country_id,strength_id) VALUES(2292,'LANCERO',644,1,3);
INSERT INTO CIGAR(id,name,brand_id,country_id,strength_id) VALUES(2293,'LANCERO MADURO',36,3,1);
INSERT INTO CIGAR(id,name,brand_id,country_id,strength_id) VALUES(2294,'FERAL FLYING PIG',91,1,2);
INSERT INTO CIGAR(id,name,brand_id,country_id,strength_id) VALUES(2295,'MAJESTIC',563,3,3);
INSERT INTO CIGAR(id,name,brand_id,country_id,strength_id) VALUES(2296,'TORO',535,1,2);
INSERT INTO CIGAR(id,name,brand_id,country_id,strength_id) VALUES(2297,'ROBUSTO',499,1,2);
INSERT INTO CIGAR(id,name,brand_id,country_id,strength_id) VALUES(2298,'NO. 44 NATURAL',137,1,2);
INSERT INTO CIGAR(id,name,brand_id,country_id,strength_id) VALUES(2299,'SIR WINSTON',105,4,3);
INSERT INTO CIGAR(id,name,brand_id,country_id,strength_id) VALUES(2300,'WORK OF ART',453,3,2);
INSERT INTO CIGAR(id,name,brand_id,country_id,strength_id) VALUES(2301,'SHORT ROBUSTO HABANO',553,1,2);
INSERT INTO CIGAR(id,name,brand_id,country_id,strength_id) VALUES(2302,'CHURCHILL',362,1,3);
INSERT INTO CIGAR(id,name,brand_id,country_id,strength_id) VALUES(2303,'TORPEDO',519,1,2);
INSERT INTO CIGAR(id,name,brand_id,country_id,strength_id) VALUES(2304,'ROBUSTO',624,1,2);
INSERT INTO CIGAR(id,name,brand_id,country_id,strength_id) VALUES(2305,'4',44,4,2);
INSERT INTO CIGAR(id,name,brand_id,country_id,strength_id) VALUES(2306,'AFTER DINNER',125,2,2);
INSERT INTO CIGAR(id,name,brand_id,country_id,strength_id) VALUES(2307,'CHISEL',36,3,1);
INSERT INTO CIGAR(id,name,brand_id,country_id,strength_id) VALUES(2308,'FT153 TORO',625,1,1);
INSERT INTO CIGAR(id,name,brand_id,country_id,strength_id) VALUES(2309,'HILL',248,1,3);
INSERT INTO CIGAR(id,name,brand_id,country_id,strength_id) VALUES(2310,'ROBUSTO GRANDE',517,1,2);
INSERT INTO CIGAR(id,name,brand_id,country_id,strength_id) VALUES(2311,'LIMITADA PRIVADA',565,1,2);
INSERT INTO CIGAR(id,name,brand_id,country_id,strength_id) VALUES(2312,'CHURCHILL',442,1,2);
INSERT INTO CIGAR(id,name,brand_id,country_id,strength_id) VALUES(2313,'SIGLO VI (TUBO)',55,4,2);
INSERT INTO CIGAR(id,name,brand_id,country_id,strength_id) VALUES(2314,'TORO (TUBO)',583,1,2);
INSERT INTO CIGAR(id,name,brand_id,country_id,strength_id) VALUES(2315,'CORONA GORDA',360,1,2);
INSERT INTO CIGAR(id,name,brand_id,country_id,strength_id) VALUES(2316,'BELICOSO',534,3,3);
INSERT INTO CIGAR(id,name,brand_id,country_id,strength_id) VALUES(2317,'+53 SUPER ROBUSTO',622,1,2);
INSERT INTO CIGAR(id,name,brand_id,country_id,strength_id) VALUES(2318,'SAN LUIS',564,2,2);
INSERT INTO CIGAR(id,name,brand_id,country_id,strength_id) VALUES(2319,'CHURCHILL',597,1,1);
INSERT INTO BRAND(id,name) VALUES(645,'Intemperance BA XXI');
INSERT INTO CIGAR(id,name,brand_id,country_id,strength_id) VALUES(2320,'INTRIGUE',645,1,1);
INSERT INTO CIGAR(id,name,brand_id,country_id,strength_id) VALUES(2321,'AVARICE',645,1,2);
INSERT INTO CIGAR(id,name,brand_id,country_id,strength_id) VALUES(2322,'ENVY',645,1,2);
INSERT INTO CIGAR(id,name,brand_id,country_id,strength_id) VALUES(2323,'BREACH OF THE PEACE',645,1,2);
INSERT INTO CIGAR(id,name,brand_id,country_id,strength_id) VALUES(2324,'AMBITION',645,1,2);
INSERT INTO CIGAR(id,name,brand_id,country_id,strength_id) VALUES(2325,'REVENGE',645,1,2);
INSERT INTO CIGAR(id,name,brand_id,country_id,strength_id) VALUES(2326,'VANITY',645,1,1);
INSERT INTO CIGAR(id,name,brand_id,country_id,strength_id) VALUES(2327,'A.W.S. IV',645,1,1);
INSERT INTO CIGAR(id,name,brand_id,country_id,strength_id) VALUES(2328,'TORO LEYENDA',605,3,3);
INSERT INTO CIGAR(id,name,brand_id,country_id,strength_id) VALUES(2329,'21-YEAR SALUTE',97,3,4);
INSERT INTO BRAND(id,name) VALUES(646,'Rocky Patel A.L.R.');
INSERT INTO CIGAR(id,name,brand_id,country_id,strength_id) VALUES(2330,'ROBUSTO',646,1,3);
INSERT INTO CIGAR(id,name,brand_id,country_id,strength_id) VALUES(2331,'TORO',646,1,2);
INSERT INTO CIGAR(id,name,brand_id,country_id,strength_id) VALUES(2332,'SIXTY',646,1,3);
INSERT INTO CIGAR(id,name,brand_id,country_id,strength_id) VALUES(2333,'WARHEAD IV',349,1,2);
INSERT INTO BRAND(id,name) VALUES(647,'E.P. Carrillo Inch Ringmaster');
INSERT INTO CIGAR(id,name,brand_id,country_id,strength_id) VALUES(2334,'NO. 5',647,3,2);
INSERT INTO CIGAR(id,name,brand_id,country_id,strength_id) VALUES(2335,'NO. 6',647,3,3);
INSERT INTO BRAND(id,name) VALUES(648,'La Aurora Preferidos Hors D''Age 2017');
INSERT INTO CIGAR(id,name,brand_id,country_id,strength_id) VALUES(2336,'',648,3,2);
INSERT INTO CIGAR(id,name,brand_id,country_id,strength_id) VALUES(2337,'OLIO EXCLUSIVO FRANCIA',44,4,3);
INSERT INTO BRAND(id,name) VALUES(649,'Aging Room Quattro Nicaragua');
INSERT INTO CIGAR(id,name,brand_id,country_id,strength_id) VALUES(2338,'ESPRESSIVO',649,1,2);
INSERT INTO CIGAR(id,name,brand_id,country_id,strength_id) VALUES(2339,'VIBRATO',649,1,3);
INSERT INTO CIGAR(id,name,brand_id,country_id,strength_id) VALUES(2340,'MAESTRO',649,1,2);
INSERT INTO CIGAR(id,name,brand_id,country_id,strength_id) VALUES(2341,'CONCERTO',649,1,2);
INSERT INTO BRAND(id,name) VALUES(650,'Aganorsa Leaf Signature Selection');
INSERT INTO CIGAR(id,name,brand_id,country_id,strength_id) VALUES(2342,'BELICOSO',650,1,3);
INSERT INTO CIGAR(id,name,brand_id,country_id,strength_id) VALUES(2343,'TORO',650,1,3);
INSERT INTO CIGAR(id,name,brand_id,country_id,strength_id) VALUES(2344,'CORONA GORDA',650,1,2);
INSERT INTO CIGAR(id,name,brand_id,country_id,strength_id) VALUES(2345,'ROBUSTO',650,1,3);
INSERT INTO BRAND(id,name) VALUES(651,'Serino Taíno');
INSERT INTO CIGAR(id,name,brand_id,country_id,strength_id) VALUES(2346,'ROBUSTO',651,1,2);
INSERT INTO CIGAR(id,name,brand_id,country_id,strength_id) VALUES(2347,'CORONA GORDA',651,1,3);
INSERT INTO CIGAR(id,name,brand_id,country_id,strength_id) VALUES(2348,'TORO',651,1,2);
INSERT INTO CIGAR(id,name,brand_id,country_id,strength_id) VALUES(2349,'10=(86) GRAN TORO',75,2,2);
INSERT INTO CIGAR(id,name,brand_id,country_id,strength_id) VALUES(2350,'SERIE P NO. 2 (TUBO)',37,4,3);
INSERT INTO BRAND(id,name) VALUES(652,'E.P. Carrillo Core Plus Maduro');
INSERT INTO CIGAR(id,name,brand_id,country_id,strength_id) VALUES(2351,'CHURCHILL ESPECIAL NO. 7',652,3,2);
INSERT INTO CIGAR(id,name,brand_id,country_id,strength_id) VALUES(2352,'CHURCHILL',200,3,4);
INSERT INTO CIGAR(id,name,brand_id,country_id,strength_id) VALUES(2353,'68',100,1,3);
INSERT INTO CIGAR(id,name,brand_id,country_id,strength_id) VALUES(2354,'STO',253,1,3);
INSERT INTO CIGAR(id,name,brand_id,country_id,strength_id) VALUES(2355,'MIGHTY MIGHTY',365,1,2);
INSERT INTO CIGAR(id,name,brand_id,country_id,strength_id) VALUES(2356,'44X4',333,1,2);
INSERT INTO CIGAR(id,name,brand_id,country_id,strength_id) VALUES(2357,'CHURCHILL',303,2,3);
INSERT INTO CIGAR(id,name,brand_id,country_id,strength_id) VALUES(2358,'RESERVA NO. 46',170,3,2);
INSERT INTO BRAND(id,name) VALUES(653,'Aganorsa Leaf Connecticut');
INSERT INTO CIGAR(id,name,brand_id,country_id,strength_id) VALUES(2359,'CHURCHILL',653,1,3);
INSERT INTO CIGAR(id,name,brand_id,country_id,strength_id) VALUES(2360,'DIVINOS',192,4,3);
INSERT INTO CIGAR(id,name,brand_id,country_id,strength_id) VALUES(2361,'TORO',633,1,2);
INSERT INTO CIGAR(id,name,brand_id,country_id,strength_id) VALUES(2362,'ROBUSTICO',642,1,2);
INSERT INTO CIGAR(id,name,brand_id,country_id,strength_id) VALUES(2363,'ROBUSTO',55,4,2);
INSERT INTO CIGAR(id,name,brand_id,country_id,strength_id) VALUES(2364,'7000 MADURO',50,1,2);
INSERT INTO CIGAR(id,name,brand_id,country_id,strength_id) VALUES(2365,'GORDO REAL',57,1,3);
INSERT INTO CIGAR(id,name,brand_id,country_id,strength_id) VALUES(2366,'TORPEDO',505,3,4);
INSERT INTO BRAND(id,name) VALUES(654,'H. Upmann Connecticut by Grupo de Maestros');
INSERT INTO CIGAR(id,name,brand_id,country_id,strength_id) VALUES(2367,'CHURCHILL',654,3,4);
INSERT INTO CIGAR(id,name,brand_id,country_id,strength_id) VALUES(2368,'NO. 2',105,4,2);
INSERT INTO CIGAR(id,name,brand_id,country_id,strength_id) VALUES(2369,'CHURCHILL',464,1,2);
INSERT INTO BRAND(id,name) VALUES(655,'G[i]urkha Heritage Maduro');
INSERT INTO CIGAR(id,name,brand_id,country_id,strength_id) VALUES(2370,'ROBUSTO CORTO',655,1,2);
INSERT INTO CIGAR(id,name,brand_id,country_id,strength_id) VALUES(2371,'ROBUSTO',68,3,3);
INSERT INTO CIGAR(id,name,brand_id,country_id,strength_id) VALUES(2372,'0',44,4,3);
INSERT INTO CIGAR(id,name,brand_id,country_id,strength_id) VALUES(2373,'PERFECXION 888',215,3,2);
INSERT INTO CIGAR(id,name,brand_id,country_id,strength_id) VALUES(2374,'PETIT ROBUSTO',60,4,3);
INSERT INTO BRAND(id,name) VALUES(656,'Avo LE22 30 Years');
INSERT INTO CIGAR(id,name,brand_id,country_id,strength_id) VALUES(2375,'PERFECTO',656,3,5);
INSERT INTO CIGAR(id,name,brand_id,country_id,strength_id) VALUES(2376,'LANCERO EXTRA',460,1,2);
INSERT INTO BRAND(id,name) VALUES(657,'Tatuaje Nuevitas');
INSERT INTO CIGAR(id,name,brand_id,country_id,strength_id) VALUES(2377,'JIBARO NO. 1',657,1,2);
INSERT INTO CIGAR(id,name,brand_id,country_id,strength_id) VALUES(2378,'GIGANTE',214,3,2);
INSERT INTO CIGAR(id,name,brand_id,country_id,strength_id) VALUES(2379,'SERIE P NO. 2 (TUBO)',37,4,3);
INSERT INTO CIGAR(id,name,brand_id,country_id,strength_id) VALUES(2380,'TORO',624,1,2);
INSERT INTO CIGAR(id,name,brand_id,country_id,strength_id) VALUES(2381,'NO. 50 NATURAL',137,1,2);
INSERT INTO CIGAR(id,name,brand_id,country_id,strength_id) VALUES(2382,'LEYENDA NO. 1',627,1,2);
INSERT INTO CIGAR(id,name,brand_id,country_id,strength_id) VALUES(2383,'CHURCHILL',626,1,4);
INSERT INTO CIGAR(id,name,brand_id,country_id,strength_id) VALUES(2384,'SORCERER',281,3,2);
INSERT INTO CIGAR(id,name,brand_id,country_id,strength_id) VALUES(2385,'ROBUSTO',629,1,1);
INSERT INTO CIGAR(id,name,brand_id,country_id,strength_id) VALUES(2386,'VIGÍA',103,4,4);
INSERT INTO CIGAR(id,name,brand_id,country_id,strength_id) VALUES(2387,'TORO',630,7,3);
INSERT INTO CIGAR(id,name,brand_id,country_id,strength_id) VALUES(2388,'TORO',646,1,2);
INSERT INTO BRAND(id,name) VALUES(658,'601 La Bomba');
INSERT INTO CIGAR(id,name,brand_id,country_id,strength_id) VALUES(2389,'WARHEAD IV',658,1,2);
INSERT INTO CIGAR(id,name,brand_id,country_id,strength_id) VALUES(2390,'NO. 6',647,3,3);
INSERT INTO CIGAR(id,name,brand_id,country_id,strength_id) VALUES(2391,'OLIO EXCLUSIVO FRANCIA',44,4,3);
INSERT INTO CIGAR(id,name,brand_id,country_id,strength_id) VALUES(2392,'BREACH OF THE PEACE',645,1,2);
INSERT INTO CIGAR(id,name,brand_id,country_id,strength_id) VALUES(2393,'',648,3,2);
INSERT INTO CIGAR(id,name,brand_id,country_id,strength_id) VALUES(2394,'LA VOLCADA',295,3,2);
INSERT INTO BRAND(id,name) VALUES(659,'Luminosa');
INSERT INTO CIGAR(id,name,brand_id,country_id,strength_id) VALUES(2395,'PETITE CORONA',659,3,2);
INSERT INTO CIGAR(id,name,brand_id,country_id,strength_id) VALUES(2396,'358',25,1,2);
INSERT INTO CIGAR(id,name,brand_id,country_id,strength_id) VALUES(2397,'CHOIX SUPREME',313,4,3);
INSERT INTO CIGAR(id,name,brand_id,country_id,strength_id) VALUES(2398,'CORONA',489,1,2);
INSERT INTO CIGAR(id,name,brand_id,country_id,strength_id) VALUES(2399,'CHURCHILL',238,2,3);
INSERT INTO CIGAR(id,name,brand_id,country_id,strength_id) VALUES(2400,'GORDO',384,2,3);
INSERT INTO CIGAR(id,name,brand_id,country_id,strength_id) VALUES(2401,'PETIT EDMUNDO',45,4,2);
INSERT INTO CIGAR(id,name,brand_id,country_id,strength_id) VALUES(2402,'MAESTRO',649,1,2);
INSERT INTO CIGAR(id,name,brand_id,country_id,strength_id) VALUES(2403,'BELICOSO',243,3,2);
INSERT INTO BRAND(id,name) VALUES(660,'Debonaire Daybreak');
INSERT INTO CIGAR(id,name,brand_id,country_id,strength_id) VALUES(2404,'FIRST DEGREE',660,3,3);
INSERT INTO BRAND(id,name) VALUES(661,'Fratello Navetta');
INSERT INTO CIGAR(id,name,brand_id,country_id,strength_id) VALUES(2405,'GORDO ENTERPRISE',661,1,2);
INSERT INTO BRAND(id,name) VALUES(662,'My Uzi Weighs A Ton');
INSERT INTO CIGAR(id,name,brand_id,country_id,strength_id) VALUES(2406,'BAIT FISH',662,1,1);
INSERT INTO CIGAR(id,name,brand_id,country_id,strength_id) VALUES(2407,'CORTICAS',392,1,1);
INSERT INTO CIGAR(id,name,brand_id,country_id,strength_id) VALUES(2408,'CHURCHILL',526,3,2);
INSERT INTO BRAND(id,name) VALUES(663,'Partagás');
INSERT INTO CIGAR(id,name,brand_id,country_id,strength_id) VALUES(2409,'SERIE D NO. 6',663,4,2);
INSERT INTO CIGAR(id,name,brand_id,country_id,strength_id) VALUES(2410,'GORDO',263,2,2);
INSERT INTO CIGAR(id,name,brand_id,country_id,strength_id) VALUES(2411,'TORO GORDO',391,1,3);
INSERT INTO CIGAR(id,name,brand_id,country_id,strength_id) VALUES(2412,'',594,1,2);
INSERT INTO BRAND(id,name) VALUES(664,'Room101 Farce Connecticut');
INSERT INTO CIGAR(id,name,brand_id,country_id,strength_id) VALUES(2413,'CHURCHILL',664,3,4);
INSERT INTO BRAND(id,name) VALUES(665,'Rocky Patel Olde World Reserve Corojo');
INSERT INTO CIGAR(id,name,brand_id,country_id,strength_id) VALUES(2414,'SIXTY',665,2,3);
INSERT INTO CIGAR(id,name,brand_id,country_id,strength_id) VALUES(2415,'ROBUSTO',62,3,2);
INSERT INTO CIGAR(id,name,brand_id,country_id,strength_id) VALUES(2416,'CHURCHILL',552,1,2);
INSERT INTO BRAND(id,name) VALUES(666,'San Pedro de Macorís Brazil');
INSERT INTO CIGAR(id,name,brand_id,country_id,strength_id) VALUES(2417,'ROBUSTO',666,3,2);
INSERT INTO CIGAR(id,name,brand_id,country_id,strength_id) VALUES(2418,'54 X 6',449,3,1);
INSERT INTO CIGAR(id,name,brand_id,country_id,strength_id) VALUES(2419,'NO. 2 BELICOSO',35,1,2);
INSERT INTO CIGAR(id,name,brand_id,country_id,strength_id) VALUES(2420,'N60',108,1,2);
INSERT INTO BRAND(id,name) VALUES(667,'Herrera Esteli Norteño');
INSERT INTO CIGAR(id,name,brand_id,country_id,strength_id) VALUES(2421,'TORO',667,1,2);
INSERT INTO CIGAR(id,name,brand_id,country_id,strength_id) VALUES(2422,'GORDITO',43,1,5);
INSERT INTO CIGAR(id,name,brand_id,country_id,strength_id) VALUES(2423,'10=(86) GRAN TORO',75,2,2);
INSERT INTO BRAND(id,name) VALUES(668,'Hoyo de Monterrey');
INSERT INTO CIGAR(id,name,brand_id,country_id,strength_id) VALUES(2424,'LE HOYO DE RÍO SECO',668,4,3);
INSERT INTO BRAND(id,name) VALUES(669,'Cohiba Blue');
INSERT INTO CIGAR(id,name,brand_id,country_id,strength_id) VALUES(2425,'ROTHSCHILD',669,3,1);
INSERT INTO CIGAR(id,name,brand_id,country_id,strength_id) VALUES(2426,'TORPEDO',29,5,2);
INSERT INTO CIGAR(id,name,brand_id,country_id,strength_id) VALUES(2427,'TORPEDO',362,1,2);
INSERT INTO CIGAR(id,name,brand_id,country_id,strength_id) VALUES(2428,'LA MUSICA',564,2,2);
INSERT INTO BRAND(id,name) VALUES(670,'Romeo y Julieta 1875 Nicaragua');
INSERT INTO CIGAR(id,name,brand_id,country_id,strength_id) VALUES(2429,'BULLY',670,1,3);
INSERT INTO CIGAR(id,name,brand_id,country_id,strength_id) VALUES(2430,'TORO',670,1,3);
INSERT INTO CIGAR(id,name,brand_id,country_id,strength_id) VALUES(2431,'CHURCHILL',670,1,4);
INSERT INTO CIGAR(id,name,brand_id,country_id,strength_id) VALUES(2432,'Magnum',670,1,3);
INSERT INTO BRAND(id,name) VALUES(671,'Vega Magna');
INSERT INTO CIGAR(id,name,brand_id,country_id,strength_id) VALUES(2433,'ROBUSTO',671,3,2);
INSERT INTO CIGAR(id,name,brand_id,country_id,strength_id) VALUES(2434,'BELICOSO',671,3,3);
INSERT INTO CIGAR(id,name,brand_id,country_id,strength_id) VALUES(2435,'TORO',671,3,3);
INSERT INTO BRAND(id,name) VALUES(672,'Black Label Trading Co. Last Rites');
INSERT INTO CIGAR(id,name,brand_id,country_id,strength_id) VALUES(2436,'ROBUSTO',672,1,1);
INSERT INTO CIGAR(id,name,brand_id,country_id,strength_id) VALUES(2437,'GRAND TORO',672,1,2);
INSERT INTO CIGAR(id,name,brand_id,country_id,strength_id) VALUES(2438,'PETITE LANCERO',672,1,1);
INSERT INTO CIGAR(id,name,brand_id,country_id,strength_id) VALUES(2439,'LA VOLCADA',295,3,2);
INSERT INTO CIGAR(id,name,brand_id,country_id,strength_id) VALUES(2440,'PERFECXION 888',215,3,2);
INSERT INTO CIGAR(id,name,brand_id,country_id,strength_id) VALUES(2441,'PUNCH 48',125,4,3);
INSERT INTO CIGAR(id,name,brand_id,country_id,strength_id) VALUES(2442,'SOBERANO EDICIÓN LIMITADA 2018',109,4,2);
INSERT INTO CIGAR(id,name,brand_id,country_id,strength_id) VALUES(2443,'TORO',651,1,2);
INSERT INTO BRAND(id,name) VALUES(673,'Cohiba Macassar');
INSERT INTO CIGAR(id,name,brand_id,country_id,strength_id) VALUES(2444,'TORO GRANDE',673,3,3);
INSERT INTO CIGAR(id,name,brand_id,country_id,strength_id) VALUES(2445,'DOUBLE CORONA',673,3,2);
INSERT INTO CIGAR(id,name,brand_id,country_id,strength_id) VALUES(2446,'GIGANTE',673,3,2);
INSERT INTO BRAND(id,name) VALUES(674,'Joya de Nicaragua Cinco Décadas');
INSERT INTO CIGAR(id,name,brand_id,country_id,strength_id) VALUES(2447,'DIADEMA',674,1,2);
INSERT INTO CIGAR(id,name,brand_id,country_id,strength_id) VALUES(2448,'EL GENERAL',674,1,2);
INSERT INTO BRAND(id,name) VALUES(675,'Viaje Exclusivo Nicaragua Leaded');
INSERT INTO CIGAR(id,name,brand_id,country_id,strength_id) VALUES(2449,'ROBUSTO',675,1,1);
INSERT INTO CIGAR(id,name,brand_id,country_id,strength_id) VALUES(2450,'TORO',675,1,2);
INSERT INTO CIGAR(id,name,brand_id,country_id,strength_id) VALUES(2451,'DOUBLE R',675,1,2);
INSERT INTO CIGAR(id,name,brand_id,country_id,strength_id) VALUES(2452,'LANCERO ESPECIAL',468,3,3);
INSERT INTO CIGAR(id,name,brand_id,country_id,strength_id) VALUES(2453,'CG',675,1,2);
INSERT INTO BRAND(id,name) VALUES(676,'La Relatos');
INSERT INTO CIGAR(id,name,brand_id,country_id,strength_id) VALUES(2454,'THE FIRST',676,1,2);
INSERT INTO CIGAR(id,name,brand_id,country_id,strength_id) VALUES(2455,'SOBERANO EDICIÓN LIMITADA 2018',109,4,2);
INSERT INTO CIGAR(id,name,brand_id,country_id,strength_id) VALUES(2456,'SECRETOS',642,1,2);
INSERT INTO CIGAR(id,name,brand_id,country_id,strength_id) VALUES(2457,'CERVANTES',642,1,2);
INSERT INTO CIGAR(id,name,brand_id,country_id,strength_id) VALUES(2458,'BELICOSO FINO',642,1,2);
INSERT INTO CIGAR(id,name,brand_id,country_id,strength_id) VALUES(2459,'GORDO',642,1,3);
INSERT INTO CIGAR(id,name,brand_id,country_id,strength_id) VALUES(2460,'ROBUSTICO',642,1,2);
INSERT INTO CIGAR(id,name,brand_id,country_id,strength_id) VALUES(2461,'JULIETA',642,1,3);
INSERT INTO BRAND(id,name) VALUES(677,'New World Cameroon Selection');
INSERT INTO CIGAR(id,name,brand_id,country_id,strength_id) VALUES(2462,'SHORT ROBUSTO',677,1,2);
INSERT INTO CIGAR(id,name,brand_id,country_id,strength_id) VALUES(2463,'DOBLE ROBUSTO',677,1,2);
INSERT INTO CIGAR(id,name,brand_id,country_id,strength_id) VALUES(2464,'TORO',677,1,2);
INSERT INTO CIGAR(id,name,brand_id,country_id,strength_id) VALUES(2465,'CHURCHILL',677,1,3);
INSERT INTO CIGAR(id,name,brand_id,country_id,strength_id) VALUES(2466,'TORPEDO',677,1,3);
INSERT INTO CIGAR(id,name,brand_id,country_id,strength_id) VALUES(2467,'GORDO',677,1,3);
INSERT INTO BRAND(id,name) VALUES(678,'Montecristo White');
INSERT INTO CIGAR(id,name,brand_id,country_id,strength_id) VALUES(2468,'ESPECIAL NO. 1',678,3,4);
INSERT INTO CIGAR(id,name,brand_id,country_id,strength_id) VALUES(2469,'ESPRESSIVO',649,1,2);
INSERT INTO CIGAR(id,name,brand_id,country_id,strength_id) VALUES(2470,'BELICOSO',671,3,3);
INSERT INTO BRAND(id,name) VALUES(679,'Macanudo Café');
INSERT INTO CIGAR(id,name,brand_id,country_id,strength_id) VALUES(2471,'BARON DE ROTHSCHILD',679,3,5);
INSERT INTO BRAND(id,name) VALUES(680,'Arturo Fuente');
INSERT INTO CIGAR(id,name,brand_id,country_id,strength_id) VALUES(2472,'SPANISH LONSDALE MADURO',680,3,2);
INSERT INTO CIGAR(id,name,brand_id,country_id,strength_id) VALUES(2473,'CHURCHILL',271,3,4);
INSERT INTO BRAND(id,name) VALUES(681,'La Gloria Cubana');
INSERT INTO CIGAR(id,name,brand_id,country_id,strength_id) VALUES(2474,'CHURCHILL',681,3,3);
INSERT INTO CIGAR(id,name,brand_id,country_id,strength_id) VALUES(2475,'CORONA MAJOR (TUBO)',105,4,2);
INSERT INTO CIGAR(id,name,brand_id,country_id,strength_id) VALUES(2476,'AMBASSADOR MADURO',230,1,2);
INSERT INTO CIGAR(id,name,brand_id,country_id,strength_id) VALUES(2477,'NIGHTCRAWLER',662,1,2);
INSERT INTO CIGAR(id,name,brand_id,country_id,strength_id) VALUES(2478,'FIGURADO',175,2,2);
INSERT INTO CIGAR(id,name,brand_id,country_id,strength_id) VALUES(2479,'ROYAL CORONATION (TUBO)',125,4,3);
INSERT INTO CIGAR(id,name,brand_id,country_id,strength_id) VALUES(2480,'CHURCHILL',438,1,3);
INSERT INTO CIGAR(id,name,brand_id,country_id,strength_id) VALUES(2481,'00',59,3,5);
INSERT INTO BRAND(id,name) VALUES(682,'La Palina Nicaragua Oscuro');
INSERT INTO CIGAR(id,name,brand_id,country_id,strength_id) VALUES(2482,'ROBUSTO',682,1,2);
INSERT INTO CIGAR(id,name,brand_id,country_id,strength_id) VALUES(2483,'LONSDALE',168,1,4);
INSERT INTO CIGAR(id,name,brand_id,country_id,strength_id) VALUES(2484,'PETIT NO. 2',45,4,3);
INSERT INTO CIGAR(id,name,brand_id,country_id,strength_id) VALUES(2485,'PYRAMID',179,3,2);
INSERT INTO BRAND(id,name) VALUES(683,'Illusione');
INSERT INTO CIGAR(id,name,brand_id,country_id,strength_id) VALUES(2486,'F9',683,1,3);
INSERT INTO CIGAR(id,name,brand_id,country_id,strength_id) VALUES(2487,'ROBUSTO',593,1,2);
INSERT INTO CIGAR(id,name,brand_id,country_id,strength_id) VALUES(2488,'MAGISTRI',463,2,2);
INSERT INTO CIGAR(id,name,brand_id,country_id,strength_id) VALUES(2489,'NO. 3 CREMA',35,1,1);
INSERT INTO CIGAR(id,name,brand_id,country_id,strength_id) VALUES(2490,'CORONA',629,1,2);
INSERT INTO BRAND(id,name) VALUES(684,'-San Cristobal Elegancia');
INSERT INTO CIGAR(id,name,brand_id,country_id,strength_id) VALUES(2491,'PYRAMID',684,1,3);
INSERT INTO CIGAR(id,name,brand_id,country_id,strength_id) VALUES(2492,'NO. 2',136,3,3);
INSERT INTO CIGAR(id,name,brand_id,country_id,strength_id) VALUES(2493,'AMMUNITION EXCLUSIVO PHOENICIA',51,4,3);
INSERT INTO CIGAR(id,name,brand_id,country_id,strength_id) VALUES(2494,'CHURCHILL',279,1,2);
INSERT INTO CIGAR(id,name,brand_id,country_id,strength_id) VALUES(2495,'EDO',149,2,2);
INSERT INTO CIGAR(id,name,brand_id,country_id,strength_id) VALUES(2496,'CORONA',237,1,2);
INSERT INTO CIGAR(id,name,brand_id,country_id,strength_id) VALUES(2497,'ORPEDO',240,1,2);
INSERT INTO CIGAR(id,name,brand_id,country_id,strength_id) VALUES(2498,'50X5',174,2,2);
INSERT INTO CIGAR(id,name,brand_id,country_id,strength_id) VALUES(2499,'JJ',325,1,2);
INSERT INTO CIGAR(id,name,brand_id,country_id,strength_id) VALUES(2500,'GRAND CRU NO. 2',46,3,4);
INSERT INTO CIGAR(id,name,brand_id,country_id,strength_id) VALUES(2501,'MASTER',111,4,3);
INSERT INTO BRAND(id,name) VALUES(685,'Punch Diablo');
INSERT INTO CIGAR(id,name,brand_id,country_id,strength_id) VALUES(2502,'SCAMP',685,1,1);
INSERT INTO CIGAR(id,name,brand_id,country_id,strength_id) VALUES(2503,'TORO GRANDE',673,3,3);
INSERT INTO CIGAR(id,name,brand_id,country_id,strength_id) VALUES(2504,'CHURCHILL',677,1,3);
INSERT INTO CIGAR(id,name,brand_id,country_id,strength_id) VALUES(2505,'EPICURE',642,1,2);
INSERT INTO CIGAR(id,name,brand_id,country_id,strength_id) VALUES(2506,'HERFING EXCLUSIVO MEDIO ORIENTE',157,4,2);
INSERT INTO CIGAR(id,name,brand_id,country_id,strength_id) VALUES(2507,'THE FIRST',676,1,2);
INSERT INTO CIGAR(id,name,brand_id,country_id,strength_id) VALUES(2508,'LANCERO ESPECIAL',468,3,3);
INSERT INTO CIGAR(id,name,brand_id,country_id,strength_id) VALUES(2509,'PETITE LANCERO',672,1,1);
INSERT INTO CIGAR(id,name,brand_id,country_id,strength_id) VALUES(2510,'CHURCHILL',354,3,4);
INSERT INTO CIGAR(id,name,brand_id,country_id,strength_id) VALUES(2511,'CORONA',243,3,2);
INSERT INTO CIGAR(id,name,brand_id,country_id,strength_id) VALUES(2512,'ROBUSTO ROYAL',483,3,3);
INSERT INTO CIGAR(id,name,brand_id,country_id,strength_id) VALUES(2513,'SW',508,6,2);
INSERT INTO CIGAR(id,name,brand_id,country_id,strength_id) VALUES(2514,'GRAN TORO',62,3,1);
INSERT INTO CIGAR(id,name,brand_id,country_id,strength_id) VALUES(2515,'CHURCHILL',496,1,2);
INSERT INTO CIGAR(id,name,brand_id,country_id,strength_id) VALUES(2516,'SERIE D NO. 4',37,4,2);
INSERT INTO CIGAR(id,name,brand_id,country_id,strength_id) VALUES(2517,'NO. 20',351,3,3);
INSERT INTO BRAND(id,name) VALUES(686,'La Aurora Preferidos 1903 Edition Platinum');
INSERT INTO CIGAR(id,name,brand_id,country_id,strength_id) VALUES(2518,'NO. 2 (TUBO)',686,3,2);
INSERT INTO CIGAR(id,name,brand_id,country_id,strength_id) VALUES(2519,'MAMBO',511,3,3);
INSERT INTO CIGAR(id,name,brand_id,country_id,strength_id) VALUES(2520,'PETITE',535,1,1);
INSERT INTO BRAND(id,name) VALUES(687,'Plasencia Reserva Original');
INSERT INTO CIGAR(id,name,brand_id,country_id,strength_id) VALUES(2521,'CHURCHILL',687,1,3);
INSERT INTO CIGAR(id,name,brand_id,country_id,strength_id) VALUES(2522,'7X50',557,1,3);
INSERT INTO BRAND(id,name) VALUES(688,'Herrera Esteli Habano');
INSERT INTO CIGAR(id,name,brand_id,country_id,strength_id) VALUES(2523,'LONSDALE DELUXE',688,1,2);
INSERT INTO CIGAR(id,name,brand_id,country_id,strength_id) VALUES(2524,'ELEGANTES',60,4,3);
INSERT INTO CIGAR(id,name,brand_id,country_id,strength_id) VALUES(2525,'PETIT LANCERO',32,2,2);
INSERT INTO CIGAR(id,name,brand_id,country_id,strength_id) VALUES(2526,'ROBUSTO',566,1,2);
INSERT INTO CIGAR(id,name,brand_id,country_id,strength_id) VALUES(2527,'CORONA GORDA',537,1,3);
INSERT INTO BRAND(id,name) VALUES(689,'Eastern Standard');
INSERT INTO CIGAR(id,name,brand_id,country_id,strength_id) VALUES(2528,'THE CYPRUS ROOM',689,3,2);
INSERT INTO CIGAR(id,name,brand_id,country_id,strength_id) VALUES(2529,'TORO',225,2,2);
INSERT INTO CIGAR(id,name,brand_id,country_id,strength_id) VALUES(2530,'TORO',280,8,3);
INSERT INTO BRAND(id,name) VALUES(690,'Paul Garmirian Gourmet Reserva Exclusiva');
INSERT INTO CIGAR(id,name,brand_id,country_id,strength_id) VALUES(2531,'CORONA',690,3,3);
INSERT INTO CIGAR(id,name,brand_id,country_id,strength_id) VALUES(2532,'TORO',541,2,3);
INSERT INTO CIGAR(id,name,brand_id,country_id,strength_id) VALUES(2533,'GRAN ROBUSTO',450,2,3);
INSERT INTO CIGAR(id,name,brand_id,country_id,strength_id) VALUES(2534,'DALE',577,6,2);
INSERT INTO CIGAR(id,name,brand_id,country_id,strength_id) VALUES(2535,'ROBUSTO',675,1,1);
INSERT INTO CIGAR(id,name,brand_id,country_id,strength_id) VALUES(2536,'CUBAN CORONA',86,3,2);
INSERT INTO CIGAR(id,name,brand_id,country_id,strength_id) VALUES(2537,'CHURCHILL',408,1,3);
INSERT INTO CIGAR(id,name,brand_id,country_id,strength_id) VALUES(2538,'BULLY',670,1,3);
INSERT INTO CIGAR(id,name,brand_id,country_id,strength_id) VALUES(2539,'CHURCHILL',19,1,2);
INSERT INTO BRAND(id,name) VALUES(691,'Rocky Patel Olde World Reserve Maduro');
INSERT INTO CIGAR(id,name,brand_id,country_id,strength_id) VALUES(2540,'TORO',691,1,3);
INSERT INTO BRAND(id,name) VALUES(692,'Montecristo Classic');
INSERT INTO CIGAR(id,name,brand_id,country_id,strength_id) VALUES(2541,'ESPECIAL NO. 1',692,3,3);
INSERT INTO CIGAR(id,name,brand_id,country_id,strength_id) VALUES(2542,'IT IS A LONSDALE',603,3,2);
INSERT INTO BRAND(id,name) VALUES(693,'La Galera Habano');
INSERT INTO CIGAR(id,name,brand_id,country_id,strength_id) VALUES(2543,'BONCHERO',693,3,2);
INSERT INTO BRAND(id,name) VALUES(694,'Herrera Esteli Brazilian Maduro');
INSERT INTO CIGAR(id,name,brand_id,country_id,strength_id) VALUES(2544,'ROBUSTO GRANDE',694,1,1);
INSERT INTO CIGAR(id,name,brand_id,country_id,strength_id) VALUES(2545,'TORO ESPECIAL',694,1,2);
INSERT INTO CIGAR(id,name,brand_id,country_id,strength_id) VALUES(2546,'LONSDALE',694,1,1);
INSERT INTO CIGAR(id,name,brand_id,country_id,strength_id) VALUES(2547,'SHORT CORONA GORDA',694,1,2);
INSERT INTO CIGAR(id,name,brand_id,country_id,strength_id) VALUES(2548,'BELICOSO FINO',694,1,1);
INSERT INTO CIGAR(id,name,brand_id,country_id,strength_id) VALUES(2549,'HERFING EXCLUSIVO MEDIO ORIENTE',157,4,2);
INSERT INTO CIGAR(id,name,brand_id,country_id,strength_id) VALUES(2550,'DIPLOMATICO',237,1,3);
INSERT INTO CIGAR(id,name,brand_id,country_id,strength_id) VALUES(2551,'PRINCIPE',237,1,2);
INSERT INTO CIGAR(id,name,brand_id,country_id,strength_id) VALUES(2552,'CORONA',237,1,2);
INSERT INTO CIGAR(id,name,brand_id,country_id,strength_id) VALUES(2553,'PIRAMIDE',237,1,2);
INSERT INTO CIGAR(id,name,brand_id,country_id,strength_id) VALUES(2554,'SOBERANO',237,1,3);
INSERT INTO CIGAR(id,name,brand_id,country_id,strength_id) VALUES(2555,'AMMUNITION EXCLUSIVO PHOENICIA',51,4,3);
INSERT INTO CIGAR(id,name,brand_id,country_id,strength_id) VALUES(2556,'TORO (TUBO)',438,1,2);
INSERT INTO BRAND(id,name) VALUES(695,'Tatuaje 15th Anniversary Rosado Oscuro');
INSERT INTO CIGAR(id,name,brand_id,country_id,strength_id) VALUES(2557,'BELICOSO FINO',695,6,1);
INSERT INTO CIGAR(id,name,brand_id,country_id,strength_id) VALUES(2558,'TORPEDO GRANDE',695,6,2);
INSERT INTO CIGAR(id,name,brand_id,country_id,strength_id) VALUES(2559,'SCAMP',685,1,1);
INSERT INTO CIGAR(id,name,brand_id,country_id,strength_id) VALUES(2560,'NO. 5',296,1,3);
INSERT INTO CIGAR(id,name,brand_id,country_id,strength_id) VALUES(2561,'NO. 4',296,1,2);
INSERT INTO CIGAR(id,name,brand_id,country_id,strength_id) VALUES(2562,'NO. 8',296,1,2);
INSERT INTO CIGAR(id,name,brand_id,country_id,strength_id) VALUES(2563,'TORO BOX-PRESSED',296,1,3);
INSERT INTO CIGAR(id,name,brand_id,country_id,strength_id) VALUES(2564,'DIABOLUS',685,1,2);
INSERT INTO CIGAR(id,name,brand_id,country_id,strength_id) VALUES(2565,'BRUTE',685,1,1);
INSERT INTO CIGAR(id,name,brand_id,country_id,strength_id) VALUES(2566,'EL DIABLO',685,1,2);
INSERT INTO CIGAR(id,name,brand_id,country_id,strength_id) VALUES(2567,'STUMP',685,1,1);
INSERT INTO BRAND(id,name) VALUES(696,'Alec Bradley Magic Toast');
INSERT INTO CIGAR(id,name,brand_id,country_id,strength_id) VALUES(2568,'TORO',696,2,3);
INSERT INTO CIGAR(id,name,brand_id,country_id,strength_id) VALUES(2569,'GORDO',696,2,2);
INSERT INTO CIGAR(id,name,brand_id,country_id,strength_id) VALUES(2570,'ROBUSTO',696,2,2);
INSERT INTO BRAND(id,name) VALUES(697,'La Palina Bronze Label');
INSERT INTO CIGAR(id,name,brand_id,country_id,strength_id) VALUES(2571,'BULLET',697,2,3);
INSERT INTO CIGAR(id,name,brand_id,country_id,strength_id) VALUES(2572,'TORO',697,2,2);
INSERT INTO CIGAR(id,name,brand_id,country_id,strength_id) VALUES(2573,'GORDO',697,2,3);
INSERT INTO CIGAR(id,name,brand_id,country_id,strength_id) VALUES(2574,'CHURCHILL',457,3,3);
INSERT INTO CIGAR(id,name,brand_id,country_id,strength_id) VALUES(2575,'SHORT TORPEDO',251,3,2);
INSERT INTO BRAND(id,name) VALUES(698,'Aging Room Solera Sun Grown');
INSERT INTO CIGAR(id,name,brand_id,country_id,strength_id) VALUES(2576,'FESTIVO',698,3,2);
INSERT INTO CIGAR(id,name,brand_id,country_id,strength_id) VALUES(2577,'GRAN 107',243,3,2);
INSERT INTO CIGAR(id,name,brand_id,country_id,strength_id) VALUES(2578,'CHISEL',433,3,1);
INSERT INTO CIGAR(id,name,brand_id,country_id,strength_id) VALUES(2579,'LANCERO',33,1,2);
INSERT INTO BRAND(id,name) VALUES(699,'Flores y Rodriguez Cabinet Seleccion');
INSERT INTO CIGAR(id,name,brand_id,country_id,strength_id) VALUES(2580,'CANONAZO',699,3,2);
INSERT INTO CIGAR(id,name,brand_id,country_id,strength_id) VALUES(2581,'TORPEDO',212,1,3);
INSERT INTO CIGAR(id,name,brand_id,country_id,strength_id) VALUES(2582,'VITOLA "FIFTY-EIGHT"',291,3,3);
INSERT INTO BRAND(id,name) VALUES(700,'Romeo y Julieta');
INSERT INTO CIGAR(id,name,brand_id,country_id,strength_id) VALUES(2583,'WIDE CHURCHILL (TUBO)',700,4,2);
INSERT INTO CIGAR(id,name,brand_id,country_id,strength_id) VALUES(2584,'ANIVERSARIO DOUBLE R',388,3,2);
INSERT INTO CIGAR(id,name,brand_id,country_id,strength_id) VALUES(2585,'CHURCHILL',227,3,5);
INSERT INTO CIGAR(id,name,brand_id,country_id,strength_id) VALUES(2586,'EPICURE ESPECIAL (TUBO)',60,4,3);
INSERT INTO CIGAR(id,name,brand_id,country_id,strength_id) VALUES(2587,'STO',149,2,3);
INSERT INTO CIGAR(id,name,brand_id,country_id,strength_id) VALUES(2588,'PUNCH (TUBO)',125,4,3);
INSERT INTO BRAND(id,name) VALUES(701,'Regius Black Label');
INSERT INTO CIGAR(id,name,brand_id,country_id,strength_id) VALUES(2589,'LORD MADSEN',701,1,2);
INSERT INTO CIGAR(id,name,brand_id,country_id,strength_id) VALUES(2590,'LANCERO',181,6,1);
INSERT INTO CIGAR(id,name,brand_id,country_id,strength_id) VALUES(2591,'LUSITANIA',37,4,3);
INSERT INTO CIGAR(id,name,brand_id,country_id,strength_id) VALUES(2592,'PANETELA MADURO',50,1,2);
INSERT INTO CIGAR(id,name,brand_id,country_id,strength_id) VALUES(2593,'DIPLOMATICO',237,1,3);
INSERT INTO CIGAR(id,name,brand_id,country_id,strength_id) VALUES(2594,'DOUBLE CORONA',673,3,2);
INSERT INTO CIGAR(id,name,brand_id,country_id,strength_id) VALUES(2595,'Duke Exclusivo México',125,4,3);
INSERT INTO CIGAR(id,name,brand_id,country_id,strength_id) VALUES(2596,'TORO',691,1,3);
INSERT INTO CIGAR(id,name,brand_id,country_id,strength_id) VALUES(2597,'ROBUSTO',691,1,3);
INSERT INTO CIGAR(id,name,brand_id,country_id,strength_id) VALUES(2598,'SIXTY',691,1,2);
INSERT INTO CIGAR(id,name,brand_id,country_id,strength_id) VALUES(2599,'LIMITED EDITION 2019 THE TRAVELER',156,3,2);
INSERT INTO CIGAR(id,name,brand_id,country_id,strength_id) VALUES(2600,'Duke Exclusivo México',125,4,3);
INSERT INTO CIGAR(id,name,brand_id,country_id,strength_id) VALUES(2601,'ROBUSTO',691,1,3);
INSERT INTO CIGAR(id,name,brand_id,country_id,strength_id) VALUES(2602,'ROBUSTO',696,2,2);
INSERT INTO CIGAR(id,name,brand_id,country_id,strength_id) VALUES(2603,'ROBUSTO',697,2,3);
INSERT INTO CIGAR(id,name,brand_id,country_id,strength_id) VALUES(2604,'DOUBLE CORONA',60,4,3);
INSERT INTO CIGAR(id,name,brand_id,country_id,strength_id) VALUES(2605,'TORO ESPECIAL',694,1,2);
INSERT INTO CIGAR(id,name,brand_id,country_id,strength_id) VALUES(2606,'TORPEDO',677,1,3);
INSERT INTO CIGAR(id,name,brand_id,country_id,strength_id) VALUES(2607,'DIADEMA',674,1,2);
INSERT INTO CIGAR(id,name,brand_id,country_id,strength_id) VALUES(2608,'BELICOSO FINO',695,6,1);
INSERT INTO CIGAR(id,name,brand_id,country_id,strength_id) VALUES(2609,'CHURCHILL',273,3,4);
INSERT INTO CIGAR(id,name,brand_id,country_id,strength_id) VALUES(2610,'CHURCHILL',94,2,4);
INSERT INTO BRAND(id,name) VALUES(702,'Mombacho Casa Favili');
INSERT INTO CIGAR(id,name,brand_id,country_id,strength_id) VALUES(2611,'TORPEDO',702,1,2);
INSERT INTO CIGAR(id,name,brand_id,country_id,strength_id) VALUES(2612,'DOUBLE CORONA',215,3,1);
INSERT INTO BRAND(id,name) VALUES(703,'Padrón Damaso');
INSERT INTO CIGAR(id,name,brand_id,country_id,strength_id) VALUES(2613,'NO. 12',703,1,4);
INSERT INTO CIGAR(id,name,brand_id,country_id,strength_id) VALUES(2614,'DOBLE SEIS',42,3,3);
INSERT INTO CIGAR(id,name,brand_id,country_id,strength_id) VALUES(2615,'ROBUSTO',279,1,2);
INSERT INTO CIGAR(id,name,brand_id,country_id,strength_id) VALUES(2616,'ROBUSTO',387,3,3);
INSERT INTO CIGAR(id,name,brand_id,country_id,strength_id) VALUES(2617,'GIGANTES',74,4,2);
INSERT INTO BRAND(id,name) VALUES(704,'San Lotano Dominicano');
INSERT INTO CIGAR(id,name,brand_id,country_id,strength_id) VALUES(2618,'ROBUSTO',704,3,2);
INSERT INTO CIGAR(id,name,brand_id,country_id,strength_id) VALUES(2619,'8 SPECIAL',240,1,2);
INSERT INTO CIGAR(id,name,brand_id,country_id,strength_id) VALUES(2620,'54 X 6',441,2,2);
INSERT INTO CIGAR(id,name,brand_id,country_id,strength_id) VALUES(2621,'ROBUSTO',76,1,2);
INSERT INTO CIGAR(id,name,brand_id,country_id,strength_id) VALUES(2622,'HL CANDELA',100,2,4);
INSERT INTO CIGAR(id,name,brand_id,country_id,strength_id) VALUES(2623,'NO. 4 LANCERO',35,1,2);
INSERT INTO BRAND(id,name) VALUES(705,'Psyko Seven Maduro');
INSERT INTO CIGAR(id,name,brand_id,country_id,strength_id) VALUES(2624,'ROBUSTO',705,3,2);
INSERT INTO CIGAR(id,name,brand_id,country_id,strength_id) VALUES(2625,'NO. 4',296,1,2);
INSERT INTO CIGAR(id,name,brand_id,country_id,strength_id) VALUES(2626,'DOUBLE R',675,1,2);
INSERT INTO CIGAR(id,name,brand_id,country_id,strength_id) VALUES(2627,'STUMP',685,1,1);
INSERT INTO BRAND(id,name) VALUES(706,'C.A.O. Gold');
INSERT INTO CIGAR(id,name,brand_id,country_id,strength_id) VALUES(2628,'DOUBLE CORONA',706,1,5);
INSERT INTO CIGAR(id,name,brand_id,country_id,strength_id) VALUES(2629,'LANCERO',221,6,3);
INSERT INTO BRAND(id,name) VALUES(707,'Perdomo Lot 23');
INSERT INTO CIGAR(id,name,brand_id,country_id,strength_id) VALUES(2630,'CHURCHILL',707,1,3);
INSERT INTO CIGAR(id,name,brand_id,country_id,strength_id) VALUES(2631,'PRESIDENTE',77,1,2);
INSERT INTO CIGAR(id,name,brand_id,country_id,strength_id) VALUES(2632,'40 X 7',576,3,3);
INSERT INTO CIGAR(id,name,brand_id,country_id,strength_id) VALUES(2633,'NO. 2',45,4,3);
INSERT INTO CIGAR(id,name,brand_id,country_id,strength_id) VALUES(2634,'DOUBLE CORONA',226,1,2);
INSERT INTO CIGAR(id,name,brand_id,country_id,strength_id) VALUES(2635,'CHURCHILL',57,1,2);
INSERT INTO CIGAR(id,name,brand_id,country_id,strength_id) VALUES(2636,'DOUBLE CORONA NO. 1',217,3,3);
INSERT INTO CIGAR(id,name,brand_id,country_id,strength_id) VALUES(2637,'ESPLENDIDO',55,4,2);
INSERT INTO CIGAR(id,name,brand_id,country_id,strength_id) VALUES(2638,'DOUBLE CORONA',260,2,2);
INSERT INTO BRAND(id,name) VALUES(708,'Kristoff Sumatra');
INSERT INTO CIGAR(id,name,brand_id,country_id,strength_id) VALUES(2639,'LANCERO',708,3,2);
INSERT INTO CIGAR(id,name,brand_id,country_id,strength_id) VALUES(2640,'REBELLIOUS 56',575,3,2);
INSERT INTO CIGAR(id,name,brand_id,country_id,strength_id) VALUES(2641,'E-III',264,3,2);
INSERT INTO CIGAR(id,name,brand_id,country_id,strength_id) VALUES(2642,'ROBUSTO',354,3,4);
INSERT INTO BRAND(id,name) VALUES(709,'Balmoral Añejo XO Connecticut');
INSERT INTO CIGAR(id,name,brand_id,country_id,strength_id) VALUES(2643,'TORPEDO MK52',709,3,4);
INSERT INTO CIGAR(id,name,brand_id,country_id,strength_id) VALUES(2644,'DISCOVERY',661,1,3);
INSERT INTO CIGAR(id,name,brand_id,country_id,strength_id) VALUES(2645,'SIGLO IV',55,4,3);
INSERT INTO BRAND(id,name) VALUES(710,'Debonaire Habano');
INSERT INTO CIGAR(id,name,brand_id,country_id,strength_id) VALUES(2646,'ROBUSTO',710,3,3);
INSERT INTO CIGAR(id,name,brand_id,country_id,strength_id) VALUES(2647,'GENERACION V',359,1,2);
INSERT INTO BRAND(id,name) VALUES(711,'Tabernacle Havana Seed CT No. 142');
INSERT INTO CIGAR(id,name,brand_id,country_id,strength_id) VALUES(2648,'DOBLE CORONA',711,1,2);
INSERT INTO CIGAR(id,name,brand_id,country_id,strength_id) VALUES(2649,'SPECIALLY SELECTED',74,4,3);
INSERT INTO CIGAR(id,name,brand_id,country_id,strength_id) VALUES(2650,'L-40',91,1,2);
INSERT INTO CIGAR(id,name,brand_id,country_id,strength_id) VALUES(2651,'CHURCHILL',543,1,2);
INSERT INTO CIGAR(id,name,brand_id,country_id,strength_id) VALUES(2652,'LANCERO',350,2,1);
INSERT INTO CIGAR(id,name,brand_id,country_id,strength_id) VALUES(2653,'DOUBLE CORONA',258,3,4);
INSERT INTO BRAND(id,name) VALUES(712,'Timeless Prestige');
INSERT INTO CIGAR(id,name,brand_id,country_id,strength_id) VALUES(2654,'ESPECIALES',712,3,3);
INSERT INTO CIGAR(id,name,brand_id,country_id,strength_id) VALUES(2655,'HILL',332,1,3);
INSERT INTO BRAND(id,name) VALUES(713,'Micallef Reata');
INSERT INTO CIGAR(id,name,brand_id,country_id,strength_id) VALUES(2656,'CHURCHILL',713,1,3);
INSERT INTO CIGAR(id,name,brand_id,country_id,strength_id) VALUES(2657,'TORO',704,3,2);
INSERT INTO CIGAR(id,name,brand_id,country_id,strength_id) VALUES(2658,'TORPEDO',704,3,2);
INSERT INTO CIGAR(id,name,brand_id,country_id,strength_id) VALUES(2659,'GORDO',704,3,2);
INSERT INTO CIGAR(id,name,brand_id,country_id,strength_id) VALUES(2660,'TORO',641,1,3);
INSERT INTO CIGAR(id,name,brand_id,country_id,strength_id) VALUES(2661,'ROBUSTO',641,1,2);
INSERT INTO CIGAR(id,name,brand_id,country_id,strength_id) VALUES(2662,'TORPEDO',641,1,3);
INSERT INTO CIGAR(id,name,brand_id,country_id,strength_id) VALUES(2663,'TORO GORDO',641,1,2);
INSERT INTO CIGAR(id,name,brand_id,country_id,strength_id) VALUES(2664,'LANCERO',641,1,2);
INSERT INTO BRAND(id,name) VALUES(714,'Diesel Hair of the Dog');
INSERT INTO CIGAR(id,name,brand_id,country_id,strength_id) VALUES(2665,'TORO',714,1,3);
INSERT INTO BRAND(id,name) VALUES(715,'Herrera Esteli Habano Edicion Limitada');
INSERT INTO CIGAR(id,name,brand_id,country_id,strength_id) VALUES(2666,'LANCERO',715,1,3);
INSERT INTO CIGAR(id,name,brand_id,country_id,strength_id) VALUES(2667,'PRADO',117,4,2);
INSERT INTO CIGAR(id,name,brand_id,country_id,strength_id) VALUES(2668,'CHURCHILL',654,3,4);
INSERT INTO BRAND(id,name) VALUES(716,'H. Upmann Connecticut by Grupo de Maestros');
INSERT INTO CIGAR(id,name,brand_id,country_id,strength_id) VALUES(2669,'ROBUSTO',716,3,4);
INSERT INTO CIGAR(id,name,brand_id,country_id,strength_id) VALUES(2670,'TORO',716,3,4);
INSERT INTO CIGAR(id,name,brand_id,country_id,strength_id) VALUES(2671,'BELICOSO',716,3,5);
INSERT INTO BRAND(id,name) VALUES(717,'Nestor Miranda Collection 75th Anniversary');
INSERT INTO CIGAR(id,name,brand_id,country_id,strength_id) VALUES(2672,'SALOMON',717,1,2);
INSERT INTO BRAND(id,name) VALUES(718,'Cohiba Connecticut');
INSERT INTO CIGAR(id,name,brand_id,country_id,strength_id) VALUES(2673,'CRYSTAL ROBUSTO (TUBO)',718,3,3);
INSERT INTO CIGAR(id,name,brand_id,country_id,strength_id) VALUES(2674,'GIGANTE',718,3,4);
INSERT INTO CIGAR(id,name,brand_id,country_id,strength_id) VALUES(2675,'ROBUSTO',718,3,4);
INSERT INTO CIGAR(id,name,brand_id,country_id,strength_id) VALUES(2676,'TORO',718,3,4);
INSERT INTO BRAND(id,name) VALUES(719,'La Barba Ricochet Crü Oscuro');
INSERT INTO CIGAR(id,name,brand_id,country_id,strength_id) VALUES(2677,'54 X 6',719,3,3);
INSERT INTO CIGAR(id,name,brand_id,country_id,strength_id) VALUES(2678,'60 X 6',719,3,2);
INSERT INTO CIGAR(id,name,brand_id,country_id,strength_id) VALUES(2679,'46 X 5.75',719,3,2);
INSERT INTO CIGAR(id,name,brand_id,country_id,strength_id) VALUES(2680,'EPICURE NO. 1 (TUBO)',60,4,2);
INSERT INTO CIGAR(id,name,brand_id,country_id,strength_id) VALUES(2681,'EPICURE ESPECIAL (TUBO)',60,4,3);
INSERT INTO CIGAR(id,name,brand_id,country_id,strength_id) VALUES(2682,'EPICURE NO. 2 (TUBO)',60,4,3);
INSERT INTO BRAND(id,name) VALUES(720,'Timeless');
INSERT INTO CIGAR(id,name,brand_id,country_id,strength_id) VALUES(2683,'TAA EXCLUSIVE LIMITED EDITION',720,3,2);
INSERT INTO CIGAR(id,name,brand_id,country_id,strength_id) VALUES(2684,'DOBLES',482,3,4);
INSERT INTO CIGAR(id,name,brand_id,country_id,strength_id) VALUES(2685,'TORO',442,1,2);
INSERT INTO CIGAR(id,name,brand_id,country_id,strength_id) VALUES(2686,'GRAN ROBUSTO',29,5,3);
INSERT INTO CIGAR(id,name,brand_id,country_id,strength_id) VALUES(2687,'PETIT BELICOSO',502,3,3);
INSERT INTO CIGAR(id,name,brand_id,country_id,strength_id) VALUES(2688,'EL DECANO',119,3,3);
INSERT INTO BRAND(id,name) VALUES(721,'Casa Fernandez Aganorsa Leaf Habano');
INSERT INTO CIGAR(id,name,brand_id,country_id,strength_id) VALUES(2689,'TITAN',721,1,3);
INSERT INTO CIGAR(id,name,brand_id,country_id,strength_id) VALUES(2690,'888 MADURO',100,1,2);
INSERT INTO CIGAR(id,name,brand_id,country_id,strength_id) VALUES(2691,'CHURCHILL',168,1,4);
INSERT INTO CIGAR(id,name,brand_id,country_id,strength_id) VALUES(2692,'PETIT CORONA',362,1,2);
INSERT INTO CIGAR(id,name,brand_id,country_id,strength_id) VALUES(2693,'CORONA MINOR (TUBO)',105,4,2);
INSERT INTO BRAND(id,name) VALUES(722,'Perdomo Fresco Connecticut');
INSERT INTO CIGAR(id,name,brand_id,country_id,strength_id) VALUES(2694,'CHURCHILL',722,1,4);
INSERT INTO CIGAR(id,name,brand_id,country_id,strength_id) VALUES(2695,'PETIT CORONA MADURO',86,3,1);
INSERT INTO CIGAR(id,name,brand_id,country_id,strength_id) VALUES(2696,'BELICOSO FINO',503,1,3);
INSERT INTO CIGAR(id,name,brand_id,country_id,strength_id) VALUES(2697,'CORONA JUNIOR (TUBO)',37,4,2);
INSERT INTO BRAND(id,name) VALUES(723,'La Flor Dominicana Double Claro');
INSERT INTO CIGAR(id,name,brand_id,country_id,strength_id) VALUES(2698,'NO. 50',723,3,3);
INSERT INTO CIGAR(id,name,brand_id,country_id,strength_id) VALUES(2699,'UNICO',278,4,3);
INSERT INTO CIGAR(id,name,brand_id,country_id,strength_id) VALUES(2700,'TORO',716,3,4);
INSERT INTO CIGAR(id,name,brand_id,country_id,strength_id) VALUES(2701,'EL DIABLO',685,1,2);
INSERT INTO CIGAR(id,name,brand_id,country_id,strength_id) VALUES(2702,'CORONATION (TUBO)',125,4,2);
INSERT INTO CIGAR(id,name,brand_id,country_id,strength_id) VALUES(2703,'TORO',714,1,3);
INSERT INTO CIGAR(id,name,brand_id,country_id,strength_id) VALUES(2704,'SIXTY',691,1,2);
INSERT INTO CIGAR(id,name,brand_id,country_id,strength_id) VALUES(2705,'GORDO',696,2,2);
INSERT INTO CIGAR(id,name,brand_id,country_id,strength_id) VALUES(2706,'TORO',697,2,2);
INSERT INTO BRAND(id,name) VALUES(724,'Montecristo Linea 1935');
INSERT INTO CIGAR(id,name,brand_id,country_id,strength_id) VALUES(2707,'35 DUMAS',724,4,2);
INSERT INTO CIGAR(id,name,brand_id,country_id,strength_id) VALUES(2708,'ROBUSTO',641,1,2);
INSERT INTO CIGAR(id,name,brand_id,country_id,strength_id) VALUES(2709,'SALOMON',717,1,2);
INSERT INTO BRAND(id,name) VALUES(725,'Juan Lopez');
INSERT INTO CIGAR(id,name,brand_id,country_id,strength_id) VALUES(2710,'SELECCIÓN NO. 2',725,4,2);
INSERT INTO CIGAR(id,name,brand_id,country_id,strength_id) VALUES(2711,'GIGANTE',718,3,4);
INSERT INTO CIGAR(id,name,brand_id,country_id,strength_id) VALUES(2712,'CHURCHILL (TUBO)',189,3,2);
INSERT INTO BRAND(id,name) VALUES(726,'Fonseca');
INSERT INTO CIGAR(id,name,brand_id,country_id,strength_id) VALUES(2713,'2-2',726,3,4);
INSERT INTO CIGAR(id,name,brand_id,country_id,strength_id) VALUES(2714,'CHURCHILL',38,1,3);
INSERT INTO CIGAR(id,name,brand_id,country_id,strength_id) VALUES(2715,'FLOR FINA 8-5-8 SUN GROWN',86,3,2);
INSERT INTO CIGAR(id,name,brand_id,country_id,strength_id) VALUES(2716,'PETIT CORONA',339,3,3);
INSERT INTO CIGAR(id,name,brand_id,country_id,strength_id) VALUES(2717,'CHURCHILL',41,2,3);
INSERT INTO CIGAR(id,name,brand_id,country_id,strength_id) VALUES(2718,'TORPEDO',566,1,1);
INSERT INTO CIGAR(id,name,brand_id,country_id,strength_id) VALUES(2719,'SIXTO II',359,1,1);
INSERT INTO CIGAR(id,name,brand_id,country_id,strength_id) VALUES(2720,'SUBLIME',139,3,2);
INSERT INTO BRAND(id,name) VALUES(727,'Daniel Marshall DM2 Red Label');
INSERT INTO CIGAR(id,name,brand_id,country_id,strength_id) VALUES(2721,'CHURCHILL',727,1,2);
INSERT INTO CIGAR(id,name,brand_id,country_id,strength_id) VALUES(2722,'TORPEDO',704,3,2);
INSERT INTO CIGAR(id,name,brand_id,country_id,strength_id) VALUES(2723,'TORO',303,2,2);
INSERT INTO CIGAR(id,name,brand_id,country_id,strength_id) VALUES(2724,'PETIT CORONA',241,4,3);
INSERT INTO BRAND(id,name) VALUES(728,'Paul Garmirian Gourmet Series');
INSERT INTO CIGAR(id,name,brand_id,country_id,strength_id) VALUES(2725,'CHURCHILL',728,3,3);
INSERT INTO CIGAR(id,name,brand_id,country_id,strength_id) VALUES(2726,'MAESTOSO',239,3,3);
INSERT INTO CIGAR(id,name,brand_id,country_id,strength_id) VALUES(2727,'BELICOSO',353,2,2);
INSERT INTO BRAND(id,name) VALUES(729,'Macanudo Gold Label');
INSERT INTO CIGAR(id,name,brand_id,country_id,strength_id) VALUES(2728,'LORD NELSON',729,3,4);
INSERT INTO CIGAR(id,name,brand_id,country_id,strength_id) VALUES(2729,'EPICURE NO. 2 (TUBO)',60,4,3);
INSERT INTO CIGAR(id,name,brand_id,country_id,strength_id) VALUES(2730,'TRÉS PETITE',259,3,2);
INSERT INTO BRAND(id,name) VALUES(730,'Aging Room Maduro');
INSERT INTO CIGAR(id,name,brand_id,country_id,strength_id) VALUES(2731,'RONDO',730,3,2);
INSERT INTO CIGAR(id,name,brand_id,country_id,strength_id) VALUES(2732,'NO. 6',99,1,2);
INSERT INTO CIGAR(id,name,brand_id,country_id,strength_id) VALUES(2733,'PETIT CORONA',225,2,2);
INSERT INTO CIGAR(id,name,brand_id,country_id,strength_id) VALUES(2734,'DIADEMA',14,2,3);
INSERT INTO BRAND(id,name) VALUES(731,'Gurkha Royal Challenge');
INSERT INTO CIGAR(id,name,brand_id,country_id,strength_id) VALUES(2735,'ROBUSTO',731,1,4);
INSERT INTO CIGAR(id,name,brand_id,country_id,strength_id) VALUES(2736,'7000',50,1,3);
INSERT INTO CIGAR(id,name,brand_id,country_id,strength_id) VALUES(2737,'PETITE CAZADORES',508,1,3);
INSERT INTO CIGAR(id,name,brand_id,country_id,strength_id) VALUES(2738,'GRANDE',611,3,2);
INSERT INTO BRAND(id,name) VALUES(732,'Micallef Grande Bold Sumatra');
INSERT INTO CIGAR(id,name,brand_id,country_id,strength_id) VALUES(2739,'6X60',732,1,3);
INSERT INTO CIGAR(id,name,brand_id,country_id,strength_id) VALUES(2740,'SIXTY',596,2,2);
INSERT INTO CIGAR(id,name,brand_id,country_id,strength_id) VALUES(2741,'EPICURE NO. 1 (TUBO)',60,4,2);
INSERT INTO CIGAR(id,name,brand_id,country_id,strength_id) VALUES(2742,'FLAQUITAS',209,1,3);
INSERT INTO CIGAR(id,name,brand_id,country_id,strength_id) VALUES(2743,'NO. 34',703,1,2);
INSERT INTO CIGAR(id,name,brand_id,country_id,strength_id) VALUES(2744,'TORPEDO',343,3,2);
INSERT INTO CIGAR(id,name,brand_id,country_id,strength_id) VALUES(2745,'PIRAMIDE',406,1,2);
INSERT INTO BRAND(id,name) VALUES(733,'Micallef Grande Bold Maduro');
INSERT INTO CIGAR(id,name,brand_id,country_id,strength_id) VALUES(2746,'552M',733,1,2);
INSERT INTO CIGAR(id,name,brand_id,country_id,strength_id) VALUES(2747,'544M',733,1,1);
INSERT INTO CIGAR(id,name,brand_id,country_id,strength_id) VALUES(2748,'650M',733,1,2);
INSERT INTO CIGAR(id,name,brand_id,country_id,strength_id) VALUES(2749,'750M',733,1,1);
INSERT INTO CIGAR(id,name,brand_id,country_id,strength_id) VALUES(2750,'658M',733,1,2);
INSERT INTO CIGAR(id,name,brand_id,country_id,strength_id) VALUES(2751,'DUQUE',574,1,2);
INSERT INTO CIGAR(id,name,brand_id,country_id,strength_id) VALUES(2752,'BELICOSO',574,1,2);
INSERT INTO CIGAR(id,name,brand_id,country_id,strength_id) VALUES(2753,'ROBUSTO',574,1,3);
INSERT INTO CIGAR(id,name,brand_id,country_id,strength_id) VALUES(2754,'MAGNIFICO',574,1,2);
INSERT INTO CIGAR(id,name,brand_id,country_id,strength_id) VALUES(2755,'CHURCHILL',574,1,2);
INSERT INTO CIGAR(id,name,brand_id,country_id,strength_id) VALUES(2756,'VALENTINO',574,1,3);
INSERT INTO CIGAR(id,name,brand_id,country_id,strength_id) VALUES(2757,'DOUBLE CORONA',125,4,2);
INSERT INTO CIGAR(id,name,brand_id,country_id,strength_id) VALUES(2758,'LA FUERZA',117,4,3);
INSERT INTO BRAND(id,name) VALUES(734,'Psyko Seven Connecticut');
INSERT INTO CIGAR(id,name,brand_id,country_id,strength_id) VALUES(2759,'GORDO',734,3,5);
INSERT INTO CIGAR(id,name,brand_id,country_id,strength_id) VALUES(2760,'L-200',210,3,2);
INSERT INTO BRAND(id,name) VALUES(735,'Rocky Patel Sun Grown');
INSERT INTO CIGAR(id,name,brand_id,country_id,strength_id) VALUES(2761,'JUNIORS',735,2,1);
INSERT INTO CIGAR(id,name,brand_id,country_id,strength_id) VALUES(2762,'ROBUSTO',130,3,2);
INSERT INTO BRAND(id,name) VALUES(736,'La Dueña');
INSERT INTO CIGAR(id,name,brand_id,country_id,strength_id) VALUES(2763,'Belicoso No. 2',736,1,2);
INSERT INTO BRAND(id,name) VALUES(737,'Gran Habano Habano No. 3');
INSERT INTO CIGAR(id,name,brand_id,country_id,strength_id) VALUES(2764,'LUNCH BREAK',737,2,2);
INSERT INTO BRAND(id,name) VALUES(738,'E.P. Carrillo Cardinal Impact');
INSERT INTO CIGAR(id,name,brand_id,country_id,strength_id) VALUES(2765,'NO. 52',738,3,2);
INSERT INTO CIGAR(id,name,brand_id,country_id,strength_id) VALUES(2766,'CENTROFINOS',120,4,3);
INSERT INTO BRAND(id,name) VALUES(739,'La Aurora 1985 Maduro');
INSERT INTO CIGAR(id,name,brand_id,country_id,strength_id) VALUES(2767,'ROBUSTO',739,3,2);
INSERT INTO CIGAR(id,name,brand_id,country_id,strength_id) VALUES(2768,'TORO',739,3,2);
INSERT INTO CIGAR(id,name,brand_id,country_id,strength_id) VALUES(2769,'CHURCHILL',739,3,3);
INSERT INTO CIGAR(id,name,brand_id,country_id,strength_id) VALUES(2770,'GRAN TORO',739,3,2);
INSERT INTO BRAND(id,name) VALUES(740,'Villiger La Meridiana');
INSERT INTO CIGAR(id,name,brand_id,country_id,strength_id) VALUES(2771,'CORONA',740,1,2);
INSERT INTO CIGAR(id,name,brand_id,country_id,strength_id) VALUES(2772,'ROBUSTO',740,1,2);
INSERT INTO CIGAR(id,name,brand_id,country_id,strength_id) VALUES(2773,'TORPEDO',740,1,3);
INSERT INTO CIGAR(id,name,brand_id,country_id,strength_id) VALUES(2774,'CHURCHILL',740,1,3);
INSERT INTO CIGAR(id,name,brand_id,country_id,strength_id) VALUES(2775,'TORO BOX PRESSED',740,1,2);
INSERT INTO BRAND(id,name) VALUES(741,'Montecristo Espada Oscuro');
INSERT INTO CIGAR(id,name,brand_id,country_id,strength_id) VALUES(2776,'RICASSO',741,1,3);
INSERT INTO CIGAR(id,name,brand_id,country_id,strength_id) VALUES(2777,'GUARD',741,1,2);
INSERT INTO CIGAR(id,name,brand_id,country_id,strength_id) VALUES(2778,'QUILLON',741,1,2);
INSERT INTO CIGAR(id,name,brand_id,country_id,strength_id) VALUES(2779,'CAÑONAZO',114,1,2);
INSERT INTO BRAND(id,name) VALUES(742,'Black Label Trading Co. Lawless');
INSERT INTO CIGAR(id,name,brand_id,country_id,strength_id) VALUES(2780,'CHURCHILL',742,1,2);
INSERT INTO CIGAR(id,name,brand_id,country_id,strength_id) VALUES(2781,'',612,1,2);
INSERT INTO CIGAR(id,name,brand_id,country_id,strength_id) VALUES(2782,'GORDITO',279,1,2);
INSERT INTO CIGAR(id,name,brand_id,country_id,strength_id) VALUES(2783,'EDICIÓN LIMITADA CHURCHILL',667,1,2);
INSERT INTO CIGAR(id,name,brand_id,country_id,strength_id) VALUES(2784,'CENTROFINOS',120,4,3);
INSERT INTO CIGAR(id,name,brand_id,country_id,strength_id) VALUES(2785,'TAA 656',264,3,2);
INSERT INTO BRAND(id,name) VALUES(743,'Eiroa Dark');
INSERT INTO CIGAR(id,name,brand_id,country_id,strength_id) VALUES(2786,'50X5',743,2,2);
INSERT INTO CIGAR(id,name,brand_id,country_id,strength_id) VALUES(2787,'60X6',743,2,2);
INSERT INTO BRAND(id,name) VALUES(744,'Southern Draw Kudzu');
INSERT INTO CIGAR(id,name,brand_id,country_id,strength_id) VALUES(2788,'ROBUSTO',744,1,2);
INSERT INTO CIGAR(id,name,brand_id,country_id,strength_id) VALUES(2789,'GORDO',744,1,3);
INSERT INTO CIGAR(id,name,brand_id,country_id,strength_id) VALUES(2790,'PERFECTO 6X56',744,1,3);
INSERT INTO CIGAR(id,name,brand_id,country_id,strength_id) VALUES(2791,'PERFECTO 5X58',744,1,1);
INSERT INTO BRAND(id,name) VALUES(745,'The T');
INSERT INTO CIGAR(id,name,brand_id,country_id,strength_id) VALUES(2792,'SHORT CHURCHILL',745,1,2);
INSERT INTO CIGAR(id,name,brand_id,country_id,strength_id) VALUES(2793,'TORO GRANDE',745,1,2);
INSERT INTO CIGAR(id,name,brand_id,country_id,strength_id) VALUES(2794,'ROBUSTO',745,1,3);
INSERT INTO CIGAR(id,name,brand_id,country_id,strength_id) VALUES(2795,'LONSDALE',745,1,2);
INSERT INTO BRAND(id,name) VALUES(746,'Camacho Liberty');
INSERT INTO CIGAR(id,name,brand_id,country_id,strength_id) VALUES(2796,'2012 THROWBACK',746,2,3);
INSERT INTO CIGAR(id,name,brand_id,country_id,strength_id) VALUES(2797,'TORO',745,1,2);
INSERT INTO CIGAR(id,name,brand_id,country_id,strength_id) VALUES(2798,'LANCERO',744,1,2);
INSERT INTO CIGAR(id,name,brand_id,country_id,strength_id) VALUES(2799,'54X6',743,2,2);
INSERT INTO BRAND(id,name) VALUES(747,'Joya de Nicaragua Cabinetta');
INSERT INTO CIGAR(id,name,brand_id,country_id,strength_id) VALUES(2800,'CHURCHILL',747,1,2);
INSERT INTO CIGAR(id,name,brand_id,country_id,strength_id) VALUES(2801,'SERIE D NO. 5 (TUBO)',663,4,3);
INSERT INTO CIGAR(id,name,brand_id,country_id,strength_id) VALUES(2802,'TORPEDO',615,1,3);
INSERT INTO CIGAR(id,name,brand_id,country_id,strength_id) VALUES(2803,'PORTO REAL',68,3,3);
INSERT INTO CIGAR(id,name,brand_id,country_id,strength_id) VALUES(2804,'PETIT ROBUSTO FT',709,3,3);
INSERT INTO CIGAR(id,name,brand_id,country_id,strength_id) VALUES(2805,'CHURCHILL',201,2,2);
INSERT INTO CIGAR(id,name,brand_id,country_id,strength_id) VALUES(2806,'TORO',316,2,4);
INSERT INTO CIGAR(id,name,brand_id,country_id,strength_id) VALUES(2807,'NO. 1',446,1,4);
INSERT INTO BRAND(id,name) VALUES(748,'Punch');
INSERT INTO CIGAR(id,name,brand_id,country_id,strength_id) VALUES(2808,'SHORT DE PUNCH',748,4,3);
INSERT INTO CIGAR(id,name,brand_id,country_id,strength_id) VALUES(2809,'CORONA DOBLE',43,1,4);
INSERT INTO BRAND(id,name) VALUES(749,'CAO Gold');
INSERT INTO CIGAR(id,name,brand_id,country_id,strength_id) VALUES(2810,'TORPEDO',749,1,4);
INSERT INTO CIGAR(id,name,brand_id,country_id,strength_id) VALUES(2811,'TORO',241,3,5);
INSERT INTO CIGAR(id,name,brand_id,country_id,strength_id) VALUES(2812,'358',150,1,2);
INSERT INTO BRAND(id,name) VALUES(750,'Cohiba');
INSERT INTO CIGAR(id,name,brand_id,country_id,strength_id) VALUES(2813,'MEDIO SIGLO (TUBO)',750,4,2);
INSERT INTO CIGAR(id,name,brand_id,country_id,strength_id) VALUES(2814,'TACO',280,8,2);
INSERT INTO BRAND(id,name) VALUES(751,'JFR Lunatic');
INSERT INTO CIGAR(id,name,brand_id,country_id,strength_id) VALUES(2815,'EL CHIQUITO MADURO',751,1,2);
INSERT INTO CIGAR(id,name,brand_id,country_id,strength_id) VALUES(2816,'ROBUSTO',740,1,2);
INSERT INTO BRAND(id,name) VALUES(752,'Ashton');
INSERT INTO CIGAR(id,name,brand_id,country_id,strength_id) VALUES(2817,'PANETELA',752,3,4);
INSERT INTO CIGAR(id,name,brand_id,country_id,strength_id) VALUES(2818,'PRELUDIO',239,3,5);
INSERT INTO CIGAR(id,name,brand_id,country_id,strength_id) VALUES(2819,'SELECCIÓN NO. 1',194,4,3);
INSERT INTO CIGAR(id,name,brand_id,country_id,strength_id) VALUES(2820,'',219,2,3);
INSERT INTO BRAND(id,name) VALUES(753,'Kristoff Ligero Criollo');
INSERT INTO CIGAR(id,name,brand_id,country_id,strength_id) VALUES(2821,'LANCERO',753,3,1);
INSERT INTO CIGAR(id,name,brand_id,country_id,strength_id) VALUES(2822,'PORTOFINO',58,3,3);
INSERT INTO BRAND(id,name) VALUES(754,'El Galan Natural');
INSERT INTO CIGAR(id,name,brand_id,country_id,strength_id) VALUES(2823,'CHURCHILL',754,1,4);
INSERT INTO CIGAR(id,name,brand_id,country_id,strength_id) VALUES(2824,'NO. 7',66,3,3);
INSERT INTO CIGAR(id,name,brand_id,country_id,strength_id) VALUES(2825,'QUILLON',741,1,2);
INSERT INTO CIGAR(id,name,brand_id,country_id,strength_id) VALUES(2826,'CRYSTAL ROBUSTO (TUBO)',718,3,3);
INSERT INTO CIGAR(id,name,brand_id,country_id,strength_id) VALUES(2827,'FUNDADORES',103,4,3);
INSERT INTO CIGAR(id,name,brand_id,country_id,strength_id) VALUES(2828,'LANCERO',715,1,3);
INSERT INTO CIGAR(id,name,brand_id,country_id,strength_id) VALUES(2829,'CHURCHILL',574,1,2);
INSERT INTO CIGAR(id,name,brand_id,country_id,strength_id) VALUES(2830,'BULLET',697,2,3);
INSERT INTO CIGAR(id,name,brand_id,country_id,strength_id) VALUES(2831,'TORO',641,1,3);
INSERT INTO CIGAR(id,name,brand_id,country_id,strength_id) VALUES(2832,'54X6',743,2,2);
INSERT INTO BRAND(id,name) VALUES(755,'E.P. Carrillo Seleccion Oscuro');
INSERT INTO CIGAR(id,name,brand_id,country_id,strength_id) VALUES(2833,'PIRAMIDES ROYAL',755,3,3);
INSERT INTO CIGAR(id,name,brand_id,country_id,strength_id) VALUES(2834,'TORPEDO BOX PRESSED',73,1,1);
INSERT INTO CIGAR(id,name,brand_id,country_id,strength_id) VALUES(2835,'EL SENADOR',264,3,1);
INSERT INTO CIGAR(id,name,brand_id,country_id,strength_id) VALUES(2836,'FIGURADO',41,2,2);
INSERT INTO CIGAR(id,name,brand_id,country_id,strength_id) VALUES(2837,'ROBUSTO',707,1,2);
INSERT INTO CIGAR(id,name,brand_id,country_id,strength_id) VALUES(2838,'TORPEDO',475,2,3);
INSERT INTO CIGAR(id,name,brand_id,country_id,strength_id) VALUES(2839,'MAGNUM 50',105,4,3);
INSERT INTO CIGAR(id,name,brand_id,country_id,strength_id) VALUES(2840,'552M',733,1,2);
INSERT INTO CIGAR(id,name,brand_id,country_id,strength_id) VALUES(2841,'50 X 5',719,3,1);
INSERT INTO CIGAR(id,name,brand_id,country_id,strength_id) VALUES(2842,'CHURCHILL',739,3,3);
INSERT INTO CIGAR(id,name,brand_id,country_id,strength_id) VALUES(2843,'CHURCHILL',680,3,2);
INSERT INTO CIGAR(id,name,brand_id,country_id,strength_id) VALUES(2844,'ROBUSTO',136,3,3);
INSERT INTO CIGAR(id,name,brand_id,country_id,strength_id) VALUES(2845,'NO. 4',33,1,3);
INSERT INTO CIGAR(id,name,brand_id,country_id,strength_id) VALUES(2846,'EXCLUSIVO',237,1,2);
INSERT INTO CIGAR(id,name,brand_id,country_id,strength_id) VALUES(2847,'CORONA VIVA',140,1,1);
INSERT INTO CIGAR(id,name,brand_id,country_id,strength_id) VALUES(2848,'FANFARE',698,3,2);
INSERT INTO CIGAR(id,name,brand_id,country_id,strength_id) VALUES(2849,'TORO',744,1,2);
INSERT INTO CIGAR(id,name,brand_id,country_id,strength_id) VALUES(2850,'SIGNATURE',453,3,3);
INSERT INTO CIGAR(id,name,brand_id,country_id,strength_id) VALUES(2851,'SHORT CHURCHILL',745,1,2);
INSERT INTO CIGAR(id,name,brand_id,country_id,strength_id) VALUES(2852,'PERILLAS',298,3,3);
INSERT INTO BRAND(id,name) VALUES(756,'Diamond Crown Julius Caeser');
INSERT INTO CIGAR(id,name,brand_id,country_id,strength_id) VALUES(2853,'TORO',756,3,2);
INSERT INTO CIGAR(id,name,brand_id,country_id,strength_id) VALUES(2854,'ESPECIALES',90,6,2);
INSERT INTO CIGAR(id,name,brand_id,country_id,strength_id) VALUES(2855,'ANIMAL CRACKER',164,1,2);
INSERT INTO CIGAR(id,name,brand_id,country_id,strength_id) VALUES(2856,'HERMOSO',640,1,2);
INSERT INTO CIGAR(id,name,brand_id,country_id,strength_id) VALUES(2857,'2000 MADURO',230,1,3);
INSERT INTO CIGAR(id,name,brand_id,country_id,strength_id) VALUES(2858,'NO. 35',99,1,3);
INSERT INTO CIGAR(id,name,brand_id,country_id,strength_id) VALUES(2859,'DIADEMA',171,3,2);
INSERT INTO BRAND(id,name) VALUES(757,'Alec Bradley Project 40');
INSERT INTO CIGAR(id,name,brand_id,country_id,strength_id) VALUES(2860,'07.52',757,1,3);
INSERT INTO CIGAR(id,name,brand_id,country_id,strength_id) VALUES(2861,'CHURCHILL',598,3,4);
INSERT INTO BRAND(id,name) VALUES(758,'Plasencia Alma del Fuego');
INSERT INTO CIGAR(id,name,brand_id,country_id,strength_id) VALUES(2862,'FLAMA',758,1,2);
INSERT INTO CIGAR(id,name,brand_id,country_id,strength_id) VALUES(2863,'LE HOYO DE SAN JUAN',60,4,3);
INSERT INTO CIGAR(id,name,brand_id,country_id,strength_id) VALUES(2864,'EROS',53,1,2);
INSERT INTO CIGAR(id,name,brand_id,country_id,strength_id) VALUES(2865,'ROBUSTO',353,2,2);
INSERT INTO BRAND(id,name) VALUES(759,'La Flor Dominicana Double Ligero');
INSERT INTO CIGAR(id,name,brand_id,country_id,strength_id) VALUES(2866,'LANCERO',759,3,1);
INSERT INTO BRAND(id,name) VALUES(760,'7-20-4');
INSERT INTO CIGAR(id,name,brand_id,country_id,strength_id) VALUES(2867,'CHURCHILL',760,2,3);
INSERT INTO CIGAR(id,name,brand_id,country_id,strength_id) VALUES(2868,'LANCERO',636,1,2);
INSERT INTO BRAND(id,name) VALUES(761,'Timeless Supreme');
INSERT INTO CIGAR(id,name,brand_id,country_id,strength_id) VALUES(2869,'652T',761,1,2);
INSERT INTO CIGAR(id,name,brand_id,country_id,strength_id) VALUES(2870,'BELICOSO',311,4,2);
INSERT INTO CIGAR(id,name,brand_id,country_id,strength_id) VALUES(2871,'CANDENTE',758,1,2);
INSERT INTO CIGAR(id,name,brand_id,country_id,strength_id) VALUES(2872,'CONCEPCIÓN',758,1,2);
INSERT INTO CIGAR(id,name,brand_id,country_id,strength_id) VALUES(2873,'FLAMA',758,1,2);
INSERT INTO CIGAR(id,name,brand_id,country_id,strength_id) VALUES(2874,'CHURCHILL',323,3,2);
INSERT INTO CIGAR(id,name,brand_id,country_id,strength_id) VALUES(2875,'PETIT CHURCHILL (TUBO)',22,4,2);
INSERT INTO CIGAR(id,name,brand_id,country_id,strength_id) VALUES(2876,'5-50',726,3,4);
INSERT INTO CIGAR(id,name,brand_id,country_id,strength_id) VALUES(2877,'LANCERO',711,1,2);
INSERT INTO BRAND(id,name) VALUES(762,'A. Flores 1975 Gran Reserva Maduro');
INSERT INTO CIGAR(id,name,brand_id,country_id,strength_id) VALUES(2878,'ROBUSTO',762,3,2);
INSERT INTO CIGAR(id,name,brand_id,country_id,strength_id) VALUES(2879,'05.50',757,1,3);
INSERT INTO CIGAR(id,name,brand_id,country_id,strength_id) VALUES(2880,'06.52',757,1,3);
INSERT INTO CIGAR(id,name,brand_id,country_id,strength_id) VALUES(2881,'07.52',757,1,3);
INSERT INTO CIGAR(id,name,brand_id,country_id,strength_id) VALUES(2882,'06.60',757,1,2);
INSERT INTO CIGAR(id,name,brand_id,country_id,strength_id) VALUES(2883,'VITOLA "FIFTY-EIGHT"',291,3,3);
INSERT INTO CIGAR(id,name,brand_id,country_id,strength_id) VALUES(2884,'VITOLA "FIFTY-FOUR"',291,3,3);
INSERT INTO CIGAR(id,name,brand_id,country_id,strength_id) VALUES(2885,'VITOLA "SUPER SIXTY"',291,3,2);
INSERT INTO CIGAR(id,name,brand_id,country_id,strength_id) VALUES(2886,'VITOLA "FIFTY-SIX"',291,3,3);
INSERT INTO CIGAR(id,name,brand_id,country_id,strength_id) VALUES(2887,'VITOLA "FIFTY-TWO"',291,3,3);
INSERT INTO CIGAR(id,name,brand_id,country_id,strength_id) VALUES(2888,'VITOLA "FORTY-FOUR"',291,3,2);
INSERT INTO BRAND(id,name) VALUES(763,'CAO Session');
INSERT INTO CIGAR(id,name,brand_id,country_id,strength_id) VALUES(2889,'SHOP',763,3,2);
INSERT INTO CIGAR(id,name,brand_id,country_id,strength_id) VALUES(2890,'BAR',763,3,3);
INSERT INTO CIGAR(id,name,brand_id,country_id,strength_id) VALUES(2891,'GARAGE',763,3,2);
INSERT INTO BRAND(id,name) VALUES(764,'H. Upmann 175th Anniversary');
INSERT INTO CIGAR(id,name,brand_id,country_id,strength_id) VALUES(2892,'CHURCHILL',764,1,2);
INSERT INTO CIGAR(id,name,brand_id,country_id,strength_id) VALUES(2893,'SHORT DE PUNCH',125,4,3);
INSERT INTO CIGAR(id,name,brand_id,country_id,strength_id) VALUES(2894,'BELICOSO',112,1,4);
INSERT INTO BRAND(id,name) VALUES(765,'Buenaventura');
INSERT INTO CIGAR(id,name,brand_id,country_id,strength_id) VALUES(2895,'D7',765,1,2);
INSERT INTO CIGAR(id,name,brand_id,country_id,strength_id) VALUES(2896,'LE PETITE',160,2,1);
INSERT INTO CIGAR(id,name,brand_id,country_id,strength_id) VALUES(2897,'LE ELEGANCE',160,2,3);
INSERT INTO CIGAR(id,name,brand_id,country_id,strength_id) VALUES(2898,'LE MONDE',160,2,3);
INSERT INTO CIGAR(id,name,brand_id,country_id,strength_id) VALUES(2899,'LE FERME',160,2,2);
INSERT INTO CIGAR(id,name,brand_id,country_id,strength_id) VALUES(2900,'L''ALPINISTE',160,2,3);
INSERT INTO CIGAR(id,name,brand_id,country_id,strength_id) VALUES(2901,'LE MATIN',160,2,3);
INSERT INTO CIGAR(id,name,brand_id,country_id,strength_id) VALUES(2902,'LA VIE',160,2,3);
INSERT INTO CIGAR(id,name,brand_id,country_id,strength_id) VALUES(2903,'L''EXCELLENCE',160,2,2);
INSERT INTO CIGAR(id,name,brand_id,country_id,strength_id) VALUES(2904,'LE VOYAGE',160,2,3);
INSERT INTO CIGAR(id,name,brand_id,country_id,strength_id) VALUES(2905,'LE GRANDE',160,2,3);
INSERT INTO CIGAR(id,name,brand_id,country_id,strength_id) VALUES(2906,'LE TAUREAU',160,2,3);
INSERT INTO CIGAR(id,name,brand_id,country_id,strength_id) VALUES(2907,'SUPREMA',43,1,4);
INSERT INTO CIGAR(id,name,brand_id,country_id,strength_id) VALUES(2908,'10TH ANNIVERSARY D''AOSTA',160,2,2);
INSERT INTO BRAND(id,name) VALUES(766,'My Father La Promesa');
INSERT INTO CIGAR(id,name,brand_id,country_id,strength_id) VALUES(2909,'LANCERO',766,1,2);
INSERT INTO CIGAR(id,name,brand_id,country_id,strength_id) VALUES(2910,'ROBUSTO GRANDE',766,1,2);
INSERT INTO CIGAR(id,name,brand_id,country_id,strength_id) VALUES(2911,'PETITE',766,1,2);
INSERT INTO CIGAR(id,name,brand_id,country_id,strength_id) VALUES(2912,'CORONA GORDA',766,1,2);
INSERT INTO CIGAR(id,name,brand_id,country_id,strength_id) VALUES(2913,'TORO',766,1,3);
INSERT INTO CIGAR(id,name,brand_id,country_id,strength_id) VALUES(2914,'LANCERO',55,4,3);
INSERT INTO CIGAR(id,name,brand_id,country_id,strength_id) VALUES(2915,'FUNDADORES',103,4,3);
INSERT INTO CIGAR(id,name,brand_id,country_id,strength_id) VALUES(2916,'JIBARO NO. 1',657,1,2);
INSERT INTO CIGAR(id,name,brand_id,country_id,strength_id) VALUES(2917,'ESTELI',657,1,3);
INSERT INTO BRAND(id,name) VALUES(767,'Rocky Patel A.L.R. Second Edition');
INSERT INTO CIGAR(id,name,brand_id,country_id,strength_id) VALUES(2918,'ROBUSTO',767,1,2);
INSERT INTO CIGAR(id,name,brand_id,country_id,strength_id) VALUES(2919,'TORO',767,1,3);
INSERT INTO CIGAR(id,name,brand_id,country_id,strength_id) VALUES(2920,'DOBLE CORONA',711,1,2);
INSERT INTO CIGAR(id,name,brand_id,country_id,strength_id) VALUES(2921,'TORO',711,1,2);
INSERT INTO CIGAR(id,name,brand_id,country_id,strength_id) VALUES(2922,'CORONA',711,1,3);
INSERT INTO CIGAR(id,name,brand_id,country_id,strength_id) VALUES(2923,'LANCERO',711,1,2);
INSERT INTO CIGAR(id,name,brand_id,country_id,strength_id) VALUES(2924,'SIXTY',767,1,3);
INSERT INTO BRAND(id,name) VALUES(768,'H. Upmann');
INSERT INTO CIGAR(id,name,brand_id,country_id,strength_id) VALUES(2925,'PROPIOS EDICIÓN LIMITADA 2018',768,4,3);
INSERT INTO BRAND(id,name) VALUES(769,'Guardian of the Farm Nightwatch');
INSERT INTO CIGAR(id,name,brand_id,country_id,strength_id) VALUES(2926,'ORPHEUS',769,1,2);
INSERT INTO CIGAR(id,name,brand_id,country_id,strength_id) VALUES(2927,'JJ',769,1,2);
INSERT INTO CIGAR(id,name,brand_id,country_id,strength_id) VALUES(2928,'CAMPEON',769,1,2);
INSERT INTO CIGAR(id,name,brand_id,country_id,strength_id) VALUES(2929,'RAMBO',769,1,2);
INSERT INTO CIGAR(id,name,brand_id,country_id,strength_id) VALUES(2930,'ROBUSTO',682,1,2);
INSERT INTO CIGAR(id,name,brand_id,country_id,strength_id) VALUES(2931,'GORDO',682,1,2);
INSERT INTO CIGAR(id,name,brand_id,country_id,strength_id) VALUES(2932,'TORO',682,1,2);
INSERT INTO BRAND(id,name) VALUES(770,'Oliva Serie V Maduro');
INSERT INTO CIGAR(id,name,brand_id,country_id,strength_id) VALUES(2933,'DOUBLE ROBUSTO',770,1,2);
INSERT INTO CIGAR(id,name,brand_id,country_id,strength_id) VALUES(2934,'TORO',770,1,2);
INSERT INTO CIGAR(id,name,brand_id,country_id,strength_id) VALUES(2935,'TORPEDO',770,1,2);
INSERT INTO CIGAR(id,name,brand_id,country_id,strength_id) VALUES(2936,'DOUBLE TORO',770,1,3);
INSERT INTO CIGAR(id,name,brand_id,country_id,strength_id) VALUES(2937,'ROBUSTUS I',359,1,2);
INSERT INTO CIGAR(id,name,brand_id,country_id,strength_id) VALUES(2938,'TOPES',103,4,4);
INSERT INTO CIGAR(id,name,brand_id,country_id,strength_id) VALUES(2939,'MEDIA LUNA',103,4,3);
INSERT INTO BRAND(id,name) VALUES(771,'Timeless Sterling');
INSERT INTO CIGAR(id,name,brand_id,country_id,strength_id) VALUES(2940,'CHURCHILL',771,3,3);
INSERT INTO CIGAR(id,name,brand_id,country_id,strength_id) VALUES(2941,'ROBUSTO',352,3,1);
INSERT INTO BRAND(id,name) VALUES(772,'A. Flores 1975 Serie Privada Capa Rosado');
INSERT INTO CIGAR(id,name,brand_id,country_id,strength_id) VALUES(2942,'SP 52',772,3,2);
INSERT INTO CIGAR(id,name,brand_id,country_id,strength_id) VALUES(2943,'LONSDALE',533,2,4);
INSERT INTO CIGAR(id,name,brand_id,country_id,strength_id) VALUES(2944,'SIGLO VI',55,4,4);
INSERT INTO BRAND(id,name) VALUES(773,'Flor de Las Antillas');
INSERT INTO CIGAR(id,name,brand_id,country_id,strength_id) VALUES(2945,'BELICOSO',773,1,2);
INSERT INTO CIGAR(id,name,brand_id,country_id,strength_id) VALUES(2946,'CORONA',435,7,2);
INSERT INTO CIGAR(id,name,brand_id,country_id,strength_id) VALUES(2947,'DIPLOMATICO MADURO',237,1,2);
INSERT INTO CIGAR(id,name,brand_id,country_id,strength_id) VALUES(2948,'ESPECIAL NO. 3',49,3,5);
INSERT INTO CIGAR(id,name,brand_id,country_id,strength_id) VALUES(2949,'PICADORES',241,4,3);
INSERT INTO CIGAR(id,name,brand_id,country_id,strength_id) VALUES(2950,'TORO',171,3,2);
INSERT INTO CIGAR(id,name,brand_id,country_id,strength_id) VALUES(2951,'BELICOSO',139,3,2);
INSERT INTO BRAND(id,name) VALUES(774,'La Aurora 1987 Connecticut');
INSERT INTO CIGAR(id,name,brand_id,country_id,strength_id) VALUES(2952,'CHURCHILL',774,3,5);
INSERT INTO CIGAR(id,name,brand_id,country_id,strength_id) VALUES(2953,'MAGNUM 54',105,4,3);
INSERT INTO CIGAR(id,name,brand_id,country_id,strength_id) VALUES(2954,'ROBUSTO',631,1,2);
INSERT INTO CIGAR(id,name,brand_id,country_id,strength_id) VALUES(2955,'SPANISH LONSDALE',86,3,3);
INSERT INTO CIGAR(id,name,brand_id,country_id,strength_id) VALUES(2956,'EL PRIMERO',563,3,3);
INSERT INTO CIGAR(id,name,brand_id,country_id,strength_id) VALUES(2957,'Connossieur B',105,4,3);
INSERT INTO CIGAR(id,name,brand_id,country_id,strength_id) VALUES(2958,'80 YEARS',99,1,2);
INSERT INTO BRAND(id,name) VALUES(775,'Gran Habano Blue in Green');
INSERT INTO CIGAR(id,name,brand_id,country_id,strength_id) VALUES(2959,'CHURCHILL',775,2,4);
INSERT INTO BRAND(id,name) VALUES(776,'Psyko Seven Nicaragua');
INSERT INTO CIGAR(id,name,brand_id,country_id,strength_id) VALUES(2960,'ROBUSTO',776,1,2);
INSERT INTO CIGAR(id,name,brand_id,country_id,strength_id) VALUES(2961,'ESCOGIDOS',60,4,4);
INSERT INTO BRAND(id,name) VALUES(777,'Trinidad Espiritu');
INSERT INTO CIGAR(id,name,brand_id,country_id,strength_id) VALUES(2962,'BELICOSO',777,1,2);
INSERT INTO CIGAR(id,name,brand_id,country_id,strength_id) VALUES(2963,'SORCERER',281,3,2);
INSERT INTO CIGAR(id,name,brand_id,country_id,strength_id) VALUES(2964,'ROBUSTO',285,1,2);
INSERT INTO CIGAR(id,name,brand_id,country_id,strength_id) VALUES(2965,'BELICOSO FINO',109,4,2);
INSERT INTO CIGAR(id,name,brand_id,country_id,strength_id) VALUES(2966,'RICASSO',741,1,3);
INSERT INTO CIGAR(id,name,brand_id,country_id,strength_id) VALUES(2967,'BAR',763,3,3);
INSERT INTO CIGAR(id,name,brand_id,country_id,strength_id) VALUES(2968,'50X5',743,2,2);
INSERT INTO CIGAR(id,name,brand_id,country_id,strength_id) VALUES(2969,'CORONA',740,1,2);
INSERT INTO CIGAR(id,name,brand_id,country_id,strength_id) VALUES(2970,'CORONA GORDA',766,1,2);
INSERT INTO CIGAR(id,name,brand_id,country_id,strength_id) VALUES(2971,'ROMEO NO. 1 (TUBO)',22,4,3);
INSERT INTO CIGAR(id,name,brand_id,country_id,strength_id) VALUES(2972,'CAMPEON',769,1,2);
INSERT INTO CIGAR(id,name,brand_id,country_id,strength_id) VALUES(2973,'CHURCHILL',329,3,2);
INSERT INTO CIGAR(id,name,brand_id,country_id,strength_id) VALUES(2974,'ROBUSTUS I',359,1,2);
INSERT INTO CIGAR(id,name,brand_id,country_id,strength_id) VALUES(2975,'PERFECTO',213,1,2);
INSERT INTO BRAND(id,name) VALUES(778,'Espinosa Laranja Reserva Escuro');
INSERT INTO CIGAR(id,name,brand_id,country_id,strength_id) VALUES(2976,'TORO',778,1,1);
INSERT INTO BRAND(id,name) VALUES(779,'Micallef Migdalia');
INSERT INTO CIGAR(id,name,brand_id,country_id,strength_id) VALUES(2977,'CORONA EXTRA',779,1,3);
INSERT INTO CIGAR(id,name,brand_id,country_id,strength_id) VALUES(2978,'LONSDALE',273,3,4);
INSERT INTO CIGAR(id,name,brand_id,country_id,strength_id) VALUES(2979,'SIGLO II',55,4,3);
INSERT INTO CIGAR(id,name,brand_id,country_id,strength_id) VALUES(2980,'CAZADORES',478,1,3);
INSERT INTO CIGAR(id,name,brand_id,country_id,strength_id) VALUES(2981,'PODEROSO',433,3,2);
INSERT INTO CIGAR(id,name,brand_id,country_id,strength_id) VALUES(2982,'DOUBLE ROBUSTO',770,1,2);
INSERT INTO BRAND(id,name) VALUES(780,'Macanudo Inspirado Palladium');
INSERT INTO CIGAR(id,name,brand_id,country_id,strength_id) VALUES(2983,'LONSDALE',780,3,4);
INSERT INTO BRAND(id,name) VALUES(781,'Joya de Nicaragua Antaño Connecticut');
INSERT INTO CIGAR(id,name,brand_id,country_id,strength_id) VALUES(2984,'BELICOSO',781,1,3);
INSERT INTO CIGAR(id,name,brand_id,country_id,strength_id) VALUES(2985,'FAMOSO',278,4,3);
INSERT INTO CIGAR(id,name,brand_id,country_id,strength_id) VALUES(2986,'ATLANTIS',661,1,2);
INSERT INTO CIGAR(id,name,brand_id,country_id,strength_id) VALUES(2987,'NO. 3',136,3,3);
INSERT INTO BRAND(id,name) VALUES(782,'Días de Gloria');
INSERT INTO CIGAR(id,name,brand_id,country_id,strength_id) VALUES(2988,'SHORT CHURCHILL',782,1,2);
INSERT INTO CIGAR(id,name,brand_id,country_id,strength_id) VALUES(2989,'DE LUXE (TUBO)',37,4,2);
INSERT INTO CIGAR(id,name,brand_id,country_id,strength_id) VALUES(2990,'BELICOSO',279,1,2);
INSERT INTO CIGAR(id,name,brand_id,country_id,strength_id) VALUES(2991,'CENTURIA',463,2,3);
INSERT INTO CIGAR(id,name,brand_id,country_id,strength_id) VALUES(2992,'LONSDALE',431,2,3);
INSERT INTO CIGAR(id,name,brand_id,country_id,strength_id) VALUES(2993,'LONSDALE',667,1,3);
INSERT INTO CIGAR(id,name,brand_id,country_id,strength_id) VALUES(2994,'ROBUSTO',175,2,2);
INSERT INTO CIGAR(id,name,brand_id,country_id,strength_id) VALUES(2995,'FLAQUITAS',392,1,2);
INSERT INTO CIGAR(id,name,brand_id,country_id,strength_id) VALUES(2996,'ROBUSTO GRANDE',503,1,3);
INSERT INTO BRAND(id,name) VALUES(783,'Hoyo La Amistad Gold');
INSERT INTO CIGAR(id,name,brand_id,country_id,strength_id) VALUES(2997,'TORO',783,1,2);
INSERT INTO BRAND(id,name) VALUES(784,'Rocky Patel LB1');
INSERT INTO CIGAR(id,name,brand_id,country_id,strength_id) VALUES(2998,'CORONA',784,2,2);
INSERT INTO CIGAR(id,name,brand_id,country_id,strength_id) VALUES(2999,'5205',428,1,3);
INSERT INTO CIGAR(id,name,brand_id,country_id,strength_id) VALUES(3000,'SELECCIÓN NO. 5',348,3,3);
INSERT INTO BRAND(id,name) VALUES(785,'Black Label Trading Co. Royalty');
INSERT INTO CIGAR(id,name,brand_id,country_id,strength_id) VALUES(3001,'CORONA',785,1,2);
INSERT INTO CIGAR(id,name,brand_id,country_id,strength_id) VALUES(3002,'SIGLO V (TUBO)',55,4,2);
INSERT INTO CIGAR(id,name,brand_id,country_id,strength_id) VALUES(3003,'DOUBLE R',595,2,3);
INSERT INTO CIGAR(id,name,brand_id,country_id,strength_id) VALUES(3004,'DOUBLE CORONA',151,3,3);
INSERT INTO CIGAR(id,name,brand_id,country_id,strength_id) VALUES(3005,'LE ELEGANCE',160,2,3);
INSERT INTO CIGAR(id,name,brand_id,country_id,strength_id) VALUES(3006,'BELICOSO',690,3,4);
INSERT INTO CIGAR(id,name,brand_id,country_id,strength_id) VALUES(3007,'NO. 1',26,3,3);
INSERT INTO BRAND(id,name) VALUES(786,'Aging Room Quattro Maduro');
INSERT INTO CIGAR(id,name,brand_id,country_id,strength_id) VALUES(3008,'CONCERTO',786,3,3);
INSERT INTO CIGAR(id,name,brand_id,country_id,strength_id) VALUES(3009,'SATIN GLOVE',164,1,2);
INSERT INTO CIGAR(id,name,brand_id,country_id,strength_id) VALUES(3010,'00',59,3,4);
INSERT INTO BRAND(id,name) VALUES(787,'Alec & Bradley Gatekeeper');
INSERT INTO CIGAR(id,name,brand_id,country_id,strength_id) VALUES(3011,'STO',787,3,1);
INSERT INTO CIGAR(id,name,brand_id,country_id,strength_id) VALUES(3012,'8-9-8 EXCLUSIVO ASIA PACÍFICO',125,4,4);
INSERT INTO CIGAR(id,name,brand_id,country_id,strength_id) VALUES(3013,'SORCERER',281,3,2);
INSERT INTO CIGAR(id,name,brand_id,country_id,strength_id) VALUES(3014,'BELICOSO NO. 1',281,3,2);
INSERT INTO CIGAR(id,name,brand_id,country_id,strength_id) VALUES(3015,'TORPEDO',281,3,2);
INSERT INTO CIGAR(id,name,brand_id,country_id,strength_id) VALUES(3016,'PEGASUS',281,3,2);
INSERT INTO CIGAR(id,name,brand_id,country_id,strength_id) VALUES(3017,'ILLUSION',281,3,2);
INSERT INTO CIGAR(id,name,brand_id,country_id,strength_id) VALUES(3018,'MAMBO',511,3,3);
INSERT INTO CIGAR(id,name,brand_id,country_id,strength_id) VALUES(3019,'RUMBA',511,3,2);
INSERT INTO CIGAR(id,name,brand_id,country_id,strength_id) VALUES(3020,'ALDABA',511,3,3);
INSERT INTO CIGAR(id,name,brand_id,country_id,strength_id) VALUES(3021,'CONGA',511,3,3);
INSERT INTO CIGAR(id,name,brand_id,country_id,strength_id) VALUES(3022,'TANGO',511,3,3);
INSERT INTO BRAND(id,name) VALUES(788,'The American');
INSERT INTO CIGAR(id,name,brand_id,country_id,strength_id) VALUES(3023,'CHURCHILL',788,6,2);
INSERT INTO CIGAR(id,name,brand_id,country_id,strength_id) VALUES(3024,'TORO',788,6,3);
INSERT INTO CIGAR(id,name,brand_id,country_id,strength_id) VALUES(3025,'TORPEDO',788,6,2);
INSERT INTO CIGAR(id,name,brand_id,country_id,strength_id) VALUES(3026,'ROBUSTO',788,6,1);
INSERT INTO CIGAR(id,name,brand_id,country_id,strength_id) VALUES(3027,'CORONA',370,3,4);
INSERT INTO CIGAR(id,name,brand_id,country_id,strength_id) VALUES(3028,'MODE 5',420,1,2);
INSERT INTO CIGAR(id,name,brand_id,country_id,strength_id) VALUES(3029,'HILL',590,2,5);
INSERT INTO CIGAR(id,name,brand_id,country_id,strength_id) VALUES(3030,'TORO BOX PRESS',358,1,2);
INSERT INTO CIGAR(id,name,brand_id,country_id,strength_id) VALUES(3031,'SAGITA PETITE LANCERO',710,3,3);
INSERT INTO BRAND(id,name) VALUES(789,'Padilla Finest Hour Sungrown');
INSERT INTO CIGAR(id,name,brand_id,country_id,strength_id) VALUES(3032,'ROBUSTO',789,2,3);
INSERT INTO CIGAR(id,name,brand_id,country_id,strength_id) VALUES(3033,'TORO',788,6,3);
INSERT INTO BRAND(id,name) VALUES(790,'Diesel Whiskey Row Sherry Cask');
INSERT INTO CIGAR(id,name,brand_id,country_id,strength_id) VALUES(3034,'ROBUSTO',790,1,3);
INSERT INTO CIGAR(id,name,brand_id,country_id,strength_id) VALUES(3035,'TORO',790,1,3);
INSERT INTO CIGAR(id,name,brand_id,country_id,strength_id) VALUES(3036,'GIGANTE',790,1,2);
INSERT INTO CIGAR(id,name,brand_id,country_id,strength_id) VALUES(3037,'FIGURADO',381,1,3);
INSERT INTO CIGAR(id,name,brand_id,country_id,strength_id) VALUES(3038,'CHURCHILL',775,2,4);
INSERT INTO CIGAR(id,name,brand_id,country_id,strength_id) VALUES(3039,'CORONA',775,2,4);
INSERT INTO CIGAR(id,name,brand_id,country_id,strength_id) VALUES(3040,'GRAN ROBUSTO',775,2,5);
INSERT INTO CIGAR(id,name,brand_id,country_id,strength_id) VALUES(3041,'ROBUSTO',775,2,3);
INSERT INTO CIGAR(id,name,brand_id,country_id,strength_id) VALUES(3042,'TORO',778,1,1);
INSERT INTO CIGAR(id,name,brand_id,country_id,strength_id) VALUES(3043,'CORONA GORDA',778,1,2);
INSERT INTO CIGAR(id,name,brand_id,country_id,strength_id) VALUES(3044,'ROBUSTO EXTRA',778,1,2);
INSERT INTO CIGAR(id,name,brand_id,country_id,strength_id) VALUES(3045,'LANCERO',778,1,2);
INSERT INTO CIGAR(id,name,brand_id,country_id,strength_id) VALUES(3046,'STO',787,3,1);
INSERT INTO CIGAR(id,name,brand_id,country_id,strength_id) VALUES(3047,'NA',787,3,1);
INSERT INTO CIGAR(id,name,brand_id,country_id,strength_id) VALUES(3048,'',787,3,2);
INSERT INTO CIGAR(id,name,brand_id,country_id,strength_id) VALUES(3049,'O',787,3,2);
INSERT INTO CIGAR(id,name,brand_id,country_id,strength_id) VALUES(3050,'06.52',757,1,3);
INSERT INTO CIGAR(id,name,brand_id,country_id,strength_id) VALUES(3051,'8-9-8 EXCLUSIVO ASIA PACÍFICO',125,4,4);
INSERT INTO CIGAR(id,name,brand_id,country_id,strength_id) VALUES(3052,'MAESTRO',649,1,2);
INSERT INTO CIGAR(id,name,brand_id,country_id,strength_id) VALUES(3053,'NO. 6',99,1,2);
INSERT INTO CIGAR(id,name,brand_id,country_id,strength_id) VALUES(3054,'ROBUSTO',621,1,2);
INSERT INTO CIGAR(id,name,brand_id,country_id,strength_id) VALUES(3055,'ROBUSTO',55,4,2);
INSERT INTO CIGAR(id,name,brand_id,country_id,strength_id) VALUES(3056,'TORO',767,1,3);
INSERT INTO CIGAR(id,name,brand_id,country_id,strength_id) VALUES(3057,'LANCERO',33,1,2);
INSERT INTO CIGAR(id,name,brand_id,country_id,strength_id) VALUES(3058,'10TH ANNIVERSARY D''AOSTA',160,2,2);
INSERT INTO CIGAR(id,name,brand_id,country_id,strength_id) VALUES(3059,'RESERVA D''CHATEAU',215,3,1);
INSERT INTO CIGAR(id,name,brand_id,country_id,strength_id) VALUES(3060,'CHURCHILL',764,1,2);
INSERT INTO CIGAR(id,name,brand_id,country_id,strength_id) VALUES(3061,'SHORT STORY MADURO',453,3,2);
INSERT INTO CIGAR(id,name,brand_id,country_id,strength_id) VALUES(3062,'CARRILLITOS',643,3,2);
INSERT INTO CIGAR(id,name,brand_id,country_id,strength_id) VALUES(3063,'INVICTOS',181,6,2);
INSERT INTO CIGAR(id,name,brand_id,country_id,strength_id) VALUES(3064,'PERFECXION NO. 5',215,3,1);
INSERT INTO CIGAR(id,name,brand_id,country_id,strength_id) VALUES(3065,'GRANDIDO',701,1,3);
INSERT INTO BRAND(id,name) VALUES(791,'Quai D''Orsay');
INSERT INTO CIGAR(id,name,brand_id,country_id,strength_id) VALUES(3066,'ORES EDICIÓN LIMITADA 2019',791,4,2);
INSERT INTO CIGAR(id,name,brand_id,country_id,strength_id) VALUES(3067,'ROBUSTO',543,1,2);
INSERT INTO CIGAR(id,name,brand_id,country_id,strength_id) VALUES(3068,'MAVERICK 52',575,3,2);
INSERT INTO BRAND(id,name) VALUES(792,'Serino Royale Maduro');
INSERT INTO CIGAR(id,name,brand_id,country_id,strength_id) VALUES(3069,'TORO',792,1,3);
INSERT INTO CIGAR(id,name,brand_id,country_id,strength_id) VALUES(3070,'MEDIA LUNA',103,4,3);
INSERT INTO CIGAR(id,name,brand_id,country_id,strength_id) VALUES(3071,'4000',230,1,3);
INSERT INTO CIGAR(id,name,brand_id,country_id,strength_id) VALUES(3072,'NO. 2',712,3,3);
INSERT INTO CIGAR(id,name,brand_id,country_id,strength_id) VALUES(3073,'SHORT CORONA GORDA',342,6,2);
INSERT INTO CIGAR(id,name,brand_id,country_id,strength_id) VALUES(3074,'CHURCHILL',708,3,3);
INSERT INTO CIGAR(id,name,brand_id,country_id,strength_id) VALUES(3075,'ESCOGIDOS',60,4,3);
INSERT INTO CIGAR(id,name,brand_id,country_id,strength_id) VALUES(3076,'EROS',53,1,2);
INSERT INTO CIGAR(id,name,brand_id,country_id,strength_id) VALUES(3077,'AS',53,1,2);
INSERT INTO CIGAR(id,name,brand_id,country_id,strength_id) VALUES(3078,'S',53,1,3);
INSERT INTO CIGAR(id,name,brand_id,country_id,strength_id) VALUES(3079,'TRANOS',53,1,3);
INSERT INTO CIGAR(id,name,brand_id,country_id,strength_id) VALUES(3080,'PCIONS',53,1,3);
INSERT INTO CIGAR(id,name,brand_id,country_id,strength_id) VALUES(3081,'ROBUSTO',776,1,2);
INSERT INTO CIGAR(id,name,brand_id,country_id,strength_id) VALUES(3082,'TORO',776,1,3);
INSERT INTO CIGAR(id,name,brand_id,country_id,strength_id) VALUES(3083,'GORDO',776,1,3);
INSERT INTO CIGAR(id,name,brand_id,country_id,strength_id) VALUES(3084,'ROBUSTO',777,1,2);
INSERT INTO CIGAR(id,name,brand_id,country_id,strength_id) VALUES(3085,'BELICOSO',777,1,2);
INSERT INTO CIGAR(id,name,brand_id,country_id,strength_id) VALUES(3086,'TORO',777,1,3);
INSERT INTO CIGAR(id,name,brand_id,country_id,strength_id) VALUES(3087,'MAGNUM',777,1,2);
INSERT INTO CIGAR(id,name,brand_id,country_id,strength_id) VALUES(3088,'FUNDADOR',777,1,2);
INSERT INTO CIGAR(id,name,brand_id,country_id,strength_id) VALUES(3089,'NO. 4',296,1,2);
INSERT INTO CIGAR(id,name,brand_id,country_id,strength_id) VALUES(3090,'CONCEPCIÓN',758,1,2);
INSERT INTO CIGAR(id,name,brand_id,country_id,strength_id) VALUES(3091,'SELECCIÓN NO. 2',725,4,2);
INSERT INTO CIGAR(id,name,brand_id,country_id,strength_id) VALUES(3092,'SCAMP',685,1,1);
INSERT INTO CIGAR(id,name,brand_id,country_id,strength_id) VALUES(3093,'LE HOYO DE RÍO SECO',668,4,3);
INSERT INTO CIGAR(id,name,brand_id,country_id,strength_id) VALUES(3094,'TORO',225,2,2);
INSERT INTO CIGAR(id,name,brand_id,country_id,strength_id) VALUES(3095,'CHURCHILL',543,1,2);
INSERT INTO CIGAR(id,name,brand_id,country_id,strength_id) VALUES(3096,'TORO GORDO',391,1,3);
INSERT INTO CIGAR(id,name,brand_id,country_id,strength_id) VALUES(3097,'GORDO',776,1,3);
INSERT INTO CIGAR(id,name,brand_id,country_id,strength_id) VALUES(3098,'ROBUSTO',777,1,2);
INSERT INTO CIGAR(id,name,brand_id,country_id,strength_id) VALUES(3099,'ROBUSTO',790,1,3);
INSERT INTO CIGAR(id,name,brand_id,country_id,strength_id) VALUES(3100,'NO. 1 MADURO',99,1,3);
INSERT INTO CIGAR(id,name,brand_id,country_id,strength_id) VALUES(3101,'CHURCHILL',22,4,3);
INSERT INTO CIGAR(id,name,brand_id,country_id,strength_id) VALUES(3102,'SAN AGUSTIN',564,2,2);
INSERT INTO CIGAR(id,name,brand_id,country_id,strength_id) VALUES(3103,'CHURCHILL',624,1,3);
INSERT INTO CIGAR(id,name,brand_id,country_id,strength_id) VALUES(3104,'GORDO',63,1,3);
INSERT INTO CIGAR(id,name,brand_id,country_id,strength_id) VALUES(3105,'NO. 44 MADURO',137,1,2);
INSERT INTO CIGAR(id,name,brand_id,country_id,strength_id) VALUES(3106,'ROBUSTO',123,2,3);
INSERT INTO CIGAR(id,name,brand_id,country_id,strength_id) VALUES(3107,'PETIT NO. 2',45,4,3);
INSERT INTO BRAND(id,name) VALUES(793,'H. Upmann Hispaniola by Jose Mendez');
INSERT INTO CIGAR(id,name,brand_id,country_id,strength_id) VALUES(3108,'BELICOSO',793,3,5);
INSERT INTO CIGAR(id,name,brand_id,country_id,strength_id) VALUES(3109,'DOG WALKER',180,2,2);
INSERT INTO CIGAR(id,name,brand_id,country_id,strength_id) VALUES(3110,'POMPOSO',257,1,3);
INSERT INTO CIGAR(id,name,brand_id,country_id,strength_id) VALUES(3111,'SUPER TORO',391,1,3);
INSERT INTO CIGAR(id,name,brand_id,country_id,strength_id) VALUES(3112,'PRESIDENTE',136,3,3);
INSERT INTO CIGAR(id,name,brand_id,country_id,strength_id) VALUES(3113,'GRAN TORO',537,1,2);
INSERT INTO CIGAR(id,name,brand_id,country_id,strength_id) VALUES(3114,'JJ',769,1,2);
INSERT INTO CIGAR(id,name,brand_id,country_id,strength_id) VALUES(3115,'BELICOSO NO. 1',281,3,2);
INSERT INTO CIGAR(id,name,brand_id,country_id,strength_id) VALUES(3116,'SERIE P NO. 2',663,4,3);
INSERT INTO CIGAR(id,name,brand_id,country_id,strength_id) VALUES(3117,'DOUBLE TORO',770,1,3);
INSERT INTO CIGAR(id,name,brand_id,country_id,strength_id) VALUES(3118,'ROBUSTO',547,1,2);
INSERT INTO CIGAR(id,name,brand_id,country_id,strength_id) VALUES(3119,'MK',100,1,1);
INSERT INTO CIGAR(id,name,brand_id,country_id,strength_id) VALUES(3120,'PETIT CORONA',168,1,4);
INSERT INTO BRAND(id,name) VALUES(794,'Room101 Farce Maduro');
INSERT INTO CIGAR(id,name,brand_id,country_id,strength_id) VALUES(3121,'PAPI CHULO',794,3,2);
INSERT INTO BRAND(id,name) VALUES(795,'Punch Clásico');
INSERT INTO CIGAR(id,name,brand_id,country_id,strength_id) VALUES(3122,'LONDON CLUB EMS',795,2,3);
INSERT INTO CIGAR(id,name,brand_id,country_id,strength_id) VALUES(3123,'DOUBLE EDMUNDO',45,4,3);
INSERT INTO CIGAR(id,name,brand_id,country_id,strength_id) VALUES(3124,'GIGANTE BOX-AGED 1 YEAR',24,1,3);
INSERT INTO BRAND(id,name) VALUES(796,'La Galera Connecticut');
INSERT INTO CIGAR(id,name,brand_id,country_id,strength_id) VALUES(3125,'CEPO',796,3,3);
INSERT INTO BRAND(id,name) VALUES(797,'MUWAT');
INSERT INTO CIGAR(id,name,brand_id,country_id,strength_id) VALUES(3126,'5 X 60',797,1,2);
INSERT INTO CIGAR(id,name,brand_id,country_id,strength_id) VALUES(3127,'GIGANTOR',57,1,3);
INSERT INTO CIGAR(id,name,brand_id,country_id,strength_id) VALUES(3128,'TORO',144,3,3);
INSERT INTO CIGAR(id,name,brand_id,country_id,strength_id) VALUES(3129,'CHURCHILL',572,1,4);
INSERT INTO CIGAR(id,name,brand_id,country_id,strength_id) VALUES(3130,'SIXTY',541,2,3);
INSERT INTO CIGAR(id,name,brand_id,country_id,strength_id) VALUES(3131,'SIGLO I',55,4,2);
INSERT INTO CIGAR(id,name,brand_id,country_id,strength_id) VALUES(3132,'',787,3,2);
INSERT INTO CIGAR(id,name,brand_id,country_id,strength_id) VALUES(3133,'DOUBLE CHURCHILL',32,2,2);
INSERT INTO CIGAR(id,name,brand_id,country_id,strength_id) VALUES(3134,'TANGO',511,3,3);
INSERT INTO CIGAR(id,name,brand_id,country_id,strength_id) VALUES(3135,'GORDITO',486,1,3);
INSERT INTO CIGAR(id,name,brand_id,country_id,strength_id) VALUES(3136,'PETIT CORONATION (TUBO)',125,4,2);
INSERT INTO CIGAR(id,name,brand_id,country_id,strength_id) VALUES(3137,'CHURCHILL',788,6,2);
INSERT INTO CIGAR(id,name,brand_id,country_id,strength_id) VALUES(3138,'12',204,1,2);
INSERT INTO CIGAR(id,name,brand_id,country_id,strength_id) VALUES(3139,'CHURCHILL SHAGGY FOOT',784,2,2);
INSERT INTO CIGAR(id,name,brand_id,country_id,strength_id) VALUES(3140,'GRAN TORO',484,5,3);
INSERT INTO BRAND(id,name) VALUES(798,'Rocky Patel Number 6');
INSERT INTO CIGAR(id,name,brand_id,country_id,strength_id) VALUES(3141,'SIXTY',798,2,2);
INSERT INTO CIGAR(id,name,brand_id,country_id,strength_id) VALUES(3142,'CORONAS JUNIOR',109,4,3);
INSERT INTO BRAND(id,name) VALUES(799,'Gurkha Nicaragua Series');
INSERT INTO CIGAR(id,name,brand_id,country_id,strength_id) VALUES(3143,'BELICOSO',799,1,2);
INSERT INTO CIGAR(id,name,brand_id,country_id,strength_id) VALUES(3144,'DOBLE ROBUSTO',300,1,1);
INSERT INTO BRAND(id,name) VALUES(800,'La Barba Ricochet Crü Mexi-Sol');
INSERT INTO CIGAR(id,name,brand_id,country_id,strength_id) VALUES(3145,'TORPEDO',800,3,2);
INSERT INTO CIGAR(id,name,brand_id,country_id,strength_id) VALUES(3146,'TORO',526,3,2);
INSERT INTO CIGAR(id,name,brand_id,country_id,strength_id) VALUES(3147,'MADURO NO. 2',37,4,2);
INSERT INTO CIGAR(id,name,brand_id,country_id,strength_id) VALUES(3148,'ROBUSTO GRANDE',442,1,2);
INSERT INTO CIGAR(id,name,brand_id,country_id,strength_id) VALUES(3149,'NO. 7',307,3,2);
INSERT INTO CIGAR(id,name,brand_id,country_id,strength_id) VALUES(3150,'CHURCHILL',256,3,3);
INSERT INTO BRAND(id,name) VALUES(801,'Highclere Castle Edwardian');
INSERT INTO CIGAR(id,name,brand_id,country_id,strength_id) VALUES(3151,'PETITE CORONA',801,1,4);
INSERT INTO CIGAR(id,name,brand_id,country_id,strength_id) VALUES(3152,'PROPIOS EDICIÓN LIMITADA 2018',768,4,3);
INSERT INTO BRAND(id,name) VALUES(802,'Henry Clay War Hawk');
INSERT INTO CIGAR(id,name,brand_id,country_id,strength_id) VALUES(3153,'TORO',802,2,4);
INSERT INTO CIGAR(id,name,brand_id,country_id,strength_id) VALUES(3154,'CHURCHILL SHAGGY FOOT',784,2,2);
INSERT INTO CIGAR(id,name,brand_id,country_id,strength_id) VALUES(3155,'ROBUSTO',784,2,2);
INSERT INTO CIGAR(id,name,brand_id,country_id,strength_id) VALUES(3156,'CORONA',784,2,2);
INSERT INTO CIGAR(id,name,brand_id,country_id,strength_id) VALUES(3157,'TORO',784,2,3);
INSERT INTO CIGAR(id,name,brand_id,country_id,strength_id) VALUES(3158,'SIXTY',784,2,3);
INSERT INTO BRAND(id,name) VALUES(803,'La Coalición');
INSERT INTO CIGAR(id,name,brand_id,country_id,strength_id) VALUES(3159,'CORONA GORDA',803,1,1);
INSERT INTO CIGAR(id,name,brand_id,country_id,strength_id) VALUES(3160,'SIGLO',803,1,1);
INSERT INTO CIGAR(id,name,brand_id,country_id,strength_id) VALUES(3161,'GORDITO',803,1,2);
INSERT INTO CIGAR(id,name,brand_id,country_id,strength_id) VALUES(3162,'SUBLIME',803,1,2);
INSERT INTO CIGAR(id,name,brand_id,country_id,strength_id) VALUES(3163,'GORDO',782,1,2);
INSERT INTO CIGAR(id,name,brand_id,country_id,strength_id) VALUES(3164,'ROBUSTO',782,1,2);
INSERT INTO CIGAR(id,name,brand_id,country_id,strength_id) VALUES(3165,'TORO',782,1,3);
INSERT INTO CIGAR(id,name,brand_id,country_id,strength_id) VALUES(3166,'SHORT CHURCHILL',782,1,2);
INSERT INTO CIGAR(id,name,brand_id,country_id,strength_id) VALUES(3167,'ESMERALDA',103,4,3);
INSERT INTO CIGAR(id,name,brand_id,country_id,strength_id) VALUES(3168,'CORONA',629,1,2);
INSERT INTO CIGAR(id,name,brand_id,country_id,strength_id) VALUES(3169,'IT IS A LONSDALE',603,3,2);
INSERT INTO CIGAR(id,name,brand_id,country_id,strength_id) VALUES(3170,'CHURCHILL ESPECIAL NO. 7',652,3,2);
INSERT INTO CIGAR(id,name,brand_id,country_id,strength_id) VALUES(3171,'06.52',757,1,3);
INSERT INTO CIGAR(id,name,brand_id,country_id,strength_id) VALUES(3172,'TORO ESPECIAL',342,6,2);
INSERT INTO CIGAR(id,name,brand_id,country_id,strength_id) VALUES(3173,'CORONA GORDA',803,1,1);
INSERT INTO BRAND(id,name) VALUES(804,'Joya de Nicaragua Número Uno');
INSERT INTO CIGAR(id,name,brand_id,country_id,strength_id) VALUES(3174,'L''AMBASSADEUR',804,1,3);
INSERT INTO BRAND(id,name) VALUES(805,'Quesada 1974');
INSERT INTO CIGAR(id,name,brand_id,country_id,strength_id) VALUES(3175,'LANCERO',805,3,3);
INSERT INTO CIGAR(id,name,brand_id,country_id,strength_id) VALUES(3176,'SHORT ROBUSTO',805,3,3);
INSERT INTO CIGAR(id,name,brand_id,country_id,strength_id) VALUES(3177,'ROBUSTO',805,3,3);
INSERT INTO CIGAR(id,name,brand_id,country_id,strength_id) VALUES(3178,'CORONA',805,3,2);
INSERT INTO BRAND(id,name) VALUES(806,'Room101 10th Anniversary');
INSERT INTO CIGAR(id,name,brand_id,country_id,strength_id) VALUES(3179,'TORO',806,1,2);
INSERT INTO BRAND(id,name) VALUES(807,'Flor del Valle');
INSERT INTO CIGAR(id,name,brand_id,country_id,strength_id) VALUES(3180,'SELECCION DE VALLE',807,1,3);
INSERT INTO BRAND(id,name) VALUES(808,'La Aurora 115th Anniversary');
INSERT INTO CIGAR(id,name,brand_id,country_id,strength_id) VALUES(3181,'GRAN TORO',808,3,2);
INSERT INTO CIGAR(id,name,brand_id,country_id,strength_id) VALUES(3182,'ROBUSTO',808,3,2);
INSERT INTO CIGAR(id,name,brand_id,country_id,strength_id) VALUES(3183,'BELICOSO',808,3,2);
INSERT INTO CIGAR(id,name,brand_id,country_id,strength_id) VALUES(3184,'TORO',808,3,2);
INSERT INTO CIGAR(id,name,brand_id,country_id,strength_id) VALUES(3185,'ROBUSTO',215,3,2);
INSERT INTO CIGAR(id,name,brand_id,country_id,strength_id) VALUES(3186,'DOUBLE ROBUSTO',215,3,2);
INSERT INTO CIGAR(id,name,brand_id,country_id,strength_id) VALUES(3187,'FUENTE FUENTE',215,3,3);
INSERT INTO CIGAR(id,name,brand_id,country_id,strength_id) VALUES(3188,'PERFECXION NO. 5',215,3,1);
INSERT INTO CIGAR(id,name,brand_id,country_id,strength_id) VALUES(3189,'BELICOSO XXX',215,3,2);
INSERT INTO CIGAR(id,name,brand_id,country_id,strength_id) VALUES(3190,'PERFECXION A',215,3,1);
INSERT INTO CIGAR(id,name,brand_id,country_id,strength_id) VALUES(3191,'MADURO NO. 2',37,4,2);
INSERT INTO CIGAR(id,name,brand_id,country_id,strength_id) VALUES(3192,'MADURO NO. 3',37,4,3);
INSERT INTO COUNTRY(id,name) VALUES(13,'Unknown');
INSERT INTO CIGAR(id,name,brand_id,country_id,strength_id) VALUES(3193,'Churchill',28,13,3);
INSERT INTO CIGAR(id,name,brand_id,country_id,strength_id) VALUES(3194,'ESMERALDA',103,4,3);
INSERT INTO CIGAR(id,name,brand_id,country_id,strength_id) VALUES(3195,'Churchill',73,1,1);
INSERT INTO CIGAR(id,name,brand_id,country_id,strength_id) VALUES(3196,'CHISEL',36,3,2);
INSERT INTO CIGAR(id,name,brand_id,country_id,strength_id) VALUES(3197,'Churchill',77,1,2);
INSERT INTO CIGAR(id,name,brand_id,country_id,strength_id) VALUES(3198,'SUPER LANCERO',712,3,3);
INSERT INTO BRAND(id,name) VALUES(809,'Southern Draw Cedrus');
INSERT INTO CIGAR(id,name,brand_id,country_id,strength_id) VALUES(3199,'BELICOSO FINO',809,1,2);
INSERT INTO CIGAR(id,name,brand_id,country_id,strength_id) VALUES(3200,'NO. 1',35,1,3);
INSERT INTO CIGAR(id,name,brand_id,country_id,strength_id) VALUES(3201,'MADURO NO. 3',37,4,3);
INSERT INTO CIGAR(id,name,brand_id,country_id,strength_id) VALUES(3202,'ROBUSTO',784,2,2);
INSERT INTO CIGAR(id,name,brand_id,country_id,strength_id) VALUES(3203,'ROBUSTO',782,1,2);
INSERT INTO CIGAR(id,name,brand_id,country_id,strength_id) VALUES(3204,'SPELLBOUND',281,3,2);
INSERT INTO CIGAR(id,name,brand_id,country_id,strength_id) VALUES(3205,'DOUBLE CORONA',366,2,2);
INSERT INTO CIGAR(id,name,brand_id,country_id,strength_id) VALUES(3206,'RESERVA NO. 49',170,3,2);
INSERT INTO CIGAR(id,name,brand_id,country_id,strength_id) VALUES(3207,'SHORT ROBUSTO',805,3,3);
INSERT INTO CIGAR(id,name,brand_id,country_id,strength_id) VALUES(3208,'CORONA DOBLE',87,1,2);
INSERT INTO CIGAR(id,name,brand_id,country_id,strength_id) VALUES(3209,'TRIBU',485,1,3);
INSERT INTO CIGAR(id,name,brand_id,country_id,strength_id) VALUES(3210,'CHURCHILL AÑEJADOS',22,4,3);
INSERT INTO BRAND(id,name) VALUES(810,'Diplomático by Mombacho Cigars S.A.');
INSERT INTO CIGAR(id,name,brand_id,country_id,strength_id) VALUES(3211,'ROBUSTO',810,1,2);
INSERT INTO CIGAR(id,name,brand_id,country_id,strength_id) VALUES(3212,'NO. 15',16,1,4);
INSERT INTO CIGAR(id,name,brand_id,country_id,strength_id) VALUES(3213,'LUSITANIA',37,4,3);
INSERT INTO CIGAR(id,name,brand_id,country_id,strength_id) VALUES(3214,'SELECCION DE VALLE',807,1,3);
INSERT INTO CIGAR(id,name,brand_id,country_id,strength_id) VALUES(3215,'CORONA GORDA',778,1,2);
INSERT INTO BRAND(id,name) VALUES(811,'Montecristo');
INSERT INTO CIGAR(id,name,brand_id,country_id,strength_id) VALUES(3216,'SUPREMOS EDICIÓN LIMITADA 2019',811,4,2);
INSERT INTO CIGAR(id,name,brand_id,country_id,strength_id) VALUES(3217,'ROBUSTO',775,2,3);
INSERT INTO CIGAR(id,name,brand_id,country_id,strength_id) VALUES(3218,'PCIONS',53,1,3);
INSERT INTO CIGAR(id,name,brand_id,country_id,strength_id) VALUES(3219,'FIGURADO',381,1,3);
INSERT INTO CIGAR(id,name,brand_id,country_id,strength_id) VALUES(3220,'FAVORITOS',383,1,2);
INSERT INTO CIGAR(id,name,brand_id,country_id,strength_id) VALUES(3221,'DOUBLE CORONA',216,2,3);
INSERT INTO CIGAR(id,name,brand_id,country_id,strength_id) VALUES(3222,'CHURCHILL',71,3,4);
INSERT INTO CIGAR(id,name,brand_id,country_id,strength_id) VALUES(3223,'Piramide Fino',688,1,3);
INSERT INTO BRAND(id,name) VALUES(812,'Aging Room Quattro Connecticut');
INSERT INTO CIGAR(id,name,brand_id,country_id,strength_id) VALUES(3224,'CONCERTO',812,3,4);
INSERT INTO CIGAR(id,name,brand_id,country_id,strength_id) VALUES(3225,'EXECUTIVE',50,1,2);
INSERT INTO BRAND(id,name) VALUES(813,'Fratello Navetta Inverso');
INSERT INTO CIGAR(id,name,brand_id,country_id,strength_id) VALUES(3226,'THE BOXER',813,1,2);
INSERT INTO CIGAR(id,name,brand_id,country_id,strength_id) VALUES(3227,'48X4',174,2,3);
INSERT INTO BRAND(id,name) VALUES(814,'Padilla Finest Hour Connecticut');
INSERT INTO CIGAR(id,name,brand_id,country_id,strength_id) VALUES(3228,'ROBUSTO',814,2,4);
INSERT INTO BRAND(id,name) VALUES(815,'Partagas Black Label');
INSERT INTO CIGAR(id,name,brand_id,country_id,strength_id) VALUES(3229,'Piramide',815,3,2);
INSERT INTO CIGAR(id,name,brand_id,country_id,strength_id) VALUES(3230,'CHURCHILL ESPECIAL NO. 7',367,3,3);
INSERT INTO BRAND(id,name) VALUES(816,'Warzone');
INSERT INTO CIGAR(id,name,brand_id,country_id,strength_id) VALUES(3231,'ROBUSTO',816,1,3);
INSERT INTO CIGAR(id,name,brand_id,country_id,strength_id) VALUES(3232,'DOUBLE ROBUSTO',215,3,2);
INSERT INTO BRAND(id,name) VALUES(817,'Undercrown Maduro');
INSERT INTO CIGAR(id,name,brand_id,country_id,strength_id) VALUES(3233,'CORONA PEQUEÑA',817,1,2);
INSERT INTO CIGAR(id,name,brand_id,country_id,strength_id) VALUES(3234,'TORO',808,3,2);
INSERT INTO CIGAR(id,name,brand_id,country_id,strength_id) VALUES(3235,'DOUBLE CORONA',447,2,2);
INSERT INTO CIGAR(id,name,brand_id,country_id,strength_id) VALUES(3236,'NO. 2',45,4,3);
INSERT INTO BRAND(id,name) VALUES(818,'Intemperance EC XVIII');
INSERT INTO CIGAR(id,name,brand_id,country_id,strength_id) VALUES(3237,'HUMILITY',818,1,3);
INSERT INTO CIGAR(id,name,brand_id,country_id,strength_id) VALUES(3238,'TORPEDO',212,1,4);
INSERT INTO CIGAR(id,name,brand_id,country_id,strength_id) VALUES(3239,'MAJESTUOSO 1966',55,4,2);
INSERT INTO CIGAR(id,name,brand_id,country_id,strength_id) VALUES(3240,'L-400',210,3,2);
INSERT INTO BRAND(id,name) VALUES(819,'Villiger Cuellar Black Forest');
INSERT INTO CIGAR(id,name,brand_id,country_id,strength_id) VALUES(3241,'CHURCHILL',819,3,3);
INSERT INTO CIGAR(id,name,brand_id,country_id,strength_id) VALUES(3242,'CORONA',802,2,2);
INSERT INTO BRAND(id,name) VALUES(820,'H.R. Signature');
INSERT INTO CIGAR(id,name,brand_id,country_id,strength_id) VALUES(3243,'BELICOSO',820,1,3);
INSERT INTO CIGAR(id,name,brand_id,country_id,strength_id) VALUES(3244,'ROBUSTO NO. 2',202,3,4);
INSERT INTO CIGAR(id,name,brand_id,country_id,strength_id) VALUES(3245,'NO. 58',177,3,2);
INSERT INTO BRAND(id,name) VALUES(821,'Caldwell Signature');
INSERT INTO CIGAR(id,name,brand_id,country_id,strength_id) VALUES(3246,'CULEBRA',821,3,4);
INSERT INTO BRAND(id,name) VALUES(822,'Tabaquero by Hamlet Paredes');
INSERT INTO CIGAR(id,name,brand_id,country_id,strength_id) VALUES(3247,'CULEBRA',822,1,3);
INSERT INTO BRAND(id,name) VALUES(823,'La Galera Anemoi');
INSERT INTO CIGAR(id,name,brand_id,country_id,strength_id) VALUES(3248,'BOREAS',823,3,2);
INSERT INTO CIGAR(id,name,brand_id,country_id,strength_id) VALUES(3249,'EURUS',823,3,1);
INSERT INTO CIGAR(id,name,brand_id,country_id,strength_id) VALUES(3250,'Notus',823,3,1);
INSERT INTO CIGAR(id,name,brand_id,country_id,strength_id) VALUES(3251,'ZEPHYRUS',823,3,2);
INSERT INTO CIGAR(id,name,brand_id,country_id,strength_id) VALUES(3252,'ANEMOI',823,3,2);
INSERT INTO CIGAR(id,name,brand_id,country_id,strength_id) VALUES(3253,'CORONA PEQUEÑA',43,1,3);
INSERT INTO CIGAR(id,name,brand_id,country_id,strength_id) VALUES(3254,'CORONA PEQUEÑA',817,1,2);
INSERT INTO CIGAR(id,name,brand_id,country_id,strength_id) VALUES(3255,'TORO',816,1,2);
INSERT INTO CIGAR(id,name,brand_id,country_id,strength_id) VALUES(3256,'ROBUSTO',816,1,3);
INSERT INTO BRAND(id,name) VALUES(824,'JFR Lunatic Loco');
INSERT INTO CIGAR(id,name,brand_id,country_id,strength_id) VALUES(3257,'EL LOQUITO',824,1,3);
INSERT INTO CIGAR(id,name,brand_id,country_id,strength_id) VALUES(3258,'EL GRAN LOCO',824,1,3);
INSERT INTO CIGAR(id,name,brand_id,country_id,strength_id) VALUES(3259,'EL LOCO',824,1,3);
INSERT INTO CIGAR(id,name,brand_id,country_id,strength_id) VALUES(3260,'SUPREMOS EDICIÓN LIMITADA 2019',811,4,2);
INSERT INTO CIGAR(id,name,brand_id,country_id,strength_id) VALUES(3261,'ROTHSCHILD',226,1,2);
INSERT INTO CIGAR(id,name,brand_id,country_id,strength_id) VALUES(3262,'',612,1,2);
INSERT INTO CIGAR(id,name,brand_id,country_id,strength_id) VALUES(3263,'MAGNATES',476,1,3);
INSERT INTO BRAND(id,name) VALUES(825,'Dawn of Destiny');
INSERT INTO CIGAR(id,name,brand_id,country_id,strength_id) VALUES(3264,'ROBUSTO',825,3,3);
INSERT INTO CIGAR(id,name,brand_id,country_id,strength_id) VALUES(3265,'Presidente',280,8,3);
INSERT INTO CIGAR(id,name,brand_id,country_id,strength_id) VALUES(3266,'V',274,3,4);
INSERT INTO CIGAR(id,name,brand_id,country_id,strength_id) VALUES(3267,'NO. 3',96,3,3);
INSERT INTO CIGAR(id,name,brand_id,country_id,strength_id) VALUES(3268,'DOUBLE ROBUSTO',33,1,2);
INSERT INTO CIGAR(id,name,brand_id,country_id,strength_id) VALUES(3269,'NANO',584,2,3);
INSERT INTO CIGAR(id,name,brand_id,country_id,strength_id) VALUES(3270,'CHURCHILL',40,1,3);
INSERT INTO CIGAR(id,name,brand_id,country_id,strength_id) VALUES(3271,'CHIQUITAS',209,1,2);
INSERT INTO CIGAR(id,name,brand_id,country_id,strength_id) VALUES(3272,'TORPEDO',617,1,3);
INSERT INTO BRAND(id,name) VALUES(826,'H. Upmann Herman''s Batch');
INSERT INTO CIGAR(id,name,brand_id,country_id,strength_id) VALUES(3273,'A GORDA',826,3,3);
INSERT INTO CIGAR(id,name,brand_id,country_id,strength_id) VALUES(3274,'ALE',826,3,2);
INSERT INTO CIGAR(id,name,brand_id,country_id,strength_id) VALUES(3275,'TO',826,3,2);
INSERT INTO CIGAR(id,name,brand_id,country_id,strength_id) VALUES(3276,'',826,3,2);
INSERT INTO BRAND(id,name) VALUES(827,'Viva La Vida');
INSERT INTO CIGAR(id,name,brand_id,country_id,strength_id) VALUES(3277,'DIADEMA FINAS LIMITED EDITION',827,1,3);
INSERT INTO CIGAR(id,name,brand_id,country_id,strength_id) VALUES(3278,'GRAN TORO',827,1,3);
INSERT INTO CIGAR(id,name,brand_id,country_id,strength_id) VALUES(3279,'ROBUSTO',827,1,2);
INSERT INTO CIGAR(id,name,brand_id,country_id,strength_id) VALUES(3280,'TORO',827,1,3);
INSERT INTO CIGAR(id,name,brand_id,country_id,strength_id) VALUES(3281,'TORPEDO',827,1,2);
INSERT INTO CIGAR(id,name,brand_id,country_id,strength_id) VALUES(3282,'JESTER',827,1,1);
INSERT INTO CIGAR(id,name,brand_id,country_id,strength_id) VALUES(3283,'CHURCHILL AÑEJADOS',22,4,3);
INSERT INTO CIGAR(id,name,brand_id,country_id,strength_id) VALUES(3284,'CLUB 500',827,1,2);
INSERT INTO CIGAR(id,name,brand_id,country_id,strength_id) VALUES(3285,'FIRST DEGREE',336,3,3);
INSERT INTO CIGAR(id,name,brand_id,country_id,strength_id) VALUES(3286,'CABEZA CARACOL',409,3,3);
INSERT INTO BRAND(id,name) VALUES(828,'Viaje Circa ''45');
INSERT INTO CIGAR(id,name,brand_id,country_id,strength_id) VALUES(3287,'',828,1,3);
INSERT INTO CIGAR(id,name,brand_id,country_id,strength_id) VALUES(3288,'',828,1,2);
INSERT INTO CIGAR(id,name,brand_id,country_id,strength_id) VALUES(3289,'',828,1,4);
INSERT INTO CIGAR(id,name,brand_id,country_id,strength_id) VALUES(3290,'TORPEDO BOX PRESSED',535,1,3);
INSERT INTO CIGAR(id,name,brand_id,country_id,strength_id) VALUES(3291,'CORONA',798,2,3);
INSERT INTO CIGAR(id,name,brand_id,country_id,strength_id) VALUES(3292,'ROBUSTO',798,2,2);
INSERT INTO CIGAR(id,name,brand_id,country_id,strength_id) VALUES(3293,'BELICOSO',781,1,3);
INSERT INTO CIGAR(id,name,brand_id,country_id,strength_id) VALUES(3294,'TORO',781,1,4);
INSERT INTO CIGAR(id,name,brand_id,country_id,strength_id) VALUES(3295,'ROBUSTO',781,1,3);
INSERT INTO CIGAR(id,name,brand_id,country_id,strength_id) VALUES(3296,'CORONA GORDA',781,1,4);
INSERT INTO BRAND(id,name) VALUES(829,'Villiger do Brasil Maduro');
INSERT INTO CIGAR(id,name,brand_id,country_id,strength_id) VALUES(3297,'ROBUSTO',829,10,2);
INSERT INTO CIGAR(id,name,brand_id,country_id,strength_id) VALUES(3298,'TORO',829,10,2);
INSERT INTO BRAND(id,name) VALUES(830,'Villiger do Brasil Claro');
INSERT INTO CIGAR(id,name,brand_id,country_id,strength_id) VALUES(3299,'ROBUSTO',830,10,4);
INSERT INTO CIGAR(id,name,brand_id,country_id,strength_id) VALUES(3300,'TORO',830,10,4);
INSERT INTO CIGAR(id,name,brand_id,country_id,strength_id) VALUES(3301,'NO. 2',121,1,2);
INSERT INTO CIGAR(id,name,brand_id,country_id,strength_id) VALUES(3302,'NO. 1',121,1,3);
INSERT INTO CIGAR(id,name,brand_id,country_id,strength_id) VALUES(3303,'NO. 3',121,1,3);
INSERT INTO CIGAR(id,name,brand_id,country_id,strength_id) VALUES(3304,'NO. 4',121,1,2);
INSERT INTO CIGAR(id,name,brand_id,country_id,strength_id) VALUES(3305,'NO. 5',121,1,2);
INSERT INTO CIGAR(id,name,brand_id,country_id,strength_id) VALUES(3306,'NO. 60',121,1,3);
INSERT INTO CIGAR(id,name,brand_id,country_id,strength_id) VALUES(3307,'CLUB KINGS',22,4,2);
INSERT INTO CIGAR(id,name,brand_id,country_id,strength_id) VALUES(3308,'IMPERIAL MADURO',237,1,2);
INSERT INTO CIGAR(id,name,brand_id,country_id,strength_id) VALUES(3309,'ROBUSTO',225,2,3);
INSERT INTO CIGAR(id,name,brand_id,country_id,strength_id) VALUES(3310,'PYRAMID',161,1,4);
INSERT INTO CIGAR(id,name,brand_id,country_id,strength_id) VALUES(3311,'CHURCHILL',442,1,2);
INSERT INTO CIGAR(id,name,brand_id,country_id,strength_id) VALUES(3312,'749',761,1,3);
INSERT INTO CIGAR(id,name,brand_id,country_id,strength_id) VALUES(3313,'RESERVA NO. 48',170,3,2);
INSERT INTO BRAND(id,name) VALUES(831,'A. Flores 1975 Serie Privada Maduro');
INSERT INTO CIGAR(id,name,brand_id,country_id,strength_id) VALUES(3314,'SP54',831,3,2);
INSERT INTO CIGAR(id,name,brand_id,country_id,strength_id) VALUES(3315,'La Isla Exclusivo Cuba',125,4,3);
INSERT INTO CIGAR(id,name,brand_id,country_id,strength_id) VALUES(3316,'BELICOSO',644,1,4);
INSERT INTO CIGAR(id,name,brand_id,country_id,strength_id) VALUES(3317,'DOBLE TRES',42,3,2);
INSERT INTO CIGAR(id,name,brand_id,country_id,strength_id) VALUES(3318,'TORO',798,2,3);
INSERT INTO CIGAR(id,name,brand_id,country_id,strength_id) VALUES(3319,'CHURCHILL SHAGGY FOOT',798,2,3);
INSERT INTO CIGAR(id,name,brand_id,country_id,strength_id) VALUES(3320,'SIXTY',798,2,2);
INSERT INTO CIGAR(id,name,brand_id,country_id,strength_id) VALUES(3321,'CHUNK',696,2,1);
INSERT INTO BRAND(id,name) VALUES(832,'Crux Epicure');
INSERT INTO CIGAR(id,name,brand_id,country_id,strength_id) VALUES(3322,'CORONA GORDA',832,1,4);
INSERT INTO CIGAR(id,name,brand_id,country_id,strength_id) VALUES(3323,'ROBUSTO EXTRA',832,1,4);
INSERT INTO CIGAR(id,name,brand_id,country_id,strength_id) VALUES(3324,'ROBUSTO',832,1,3);
INSERT INTO CIGAR(id,name,brand_id,country_id,strength_id) VALUES(3325,'SHORT SALOMONE',832,1,4);
INSERT INTO CIGAR(id,name,brand_id,country_id,strength_id) VALUES(3326,'TORO',832,1,4);
INSERT INTO BRAND(id,name) VALUES(833,'Avo Improvisation');
INSERT INTO CIGAR(id,name,brand_id,country_id,strength_id) VALUES(3327,'LE20',833,3,4);
INSERT INTO BRAND(id,name) VALUES(834,'Timeless');
INSERT INTO CIGAR(id,name,brand_id,country_id,strength_id) VALUES(3328,'2020 TAA LIMITED EDITION',834,1,2);
INSERT INTO CIGAR(id,name,brand_id,country_id,strength_id) VALUES(3329,'La Isla Exclusivo Cuba',125,4,3);
INSERT INTO CIGAR(id,name,brand_id,country_id,strength_id) VALUES(3330,'ESPLENDIDO',55,4,3);
INSERT INTO CIGAR(id,name,brand_id,country_id,strength_id) VALUES(3331,'LANCERO',499,1,2);
INSERT INTO CIGAR(id,name,brand_id,country_id,strength_id) VALUES(3332,'CHURCHILL',664,3,4);
INSERT INTO CIGAR(id,name,brand_id,country_id,strength_id) VALUES(3333,'FUNDADOR',777,1,2);
INSERT INTO CIGAR(id,name,brand_id,country_id,strength_id) VALUES(3334,'TORO',816,1,2);
INSERT INTO CIGAR(id,name,brand_id,country_id,strength_id) VALUES(3335,'ROBUSTO',636,1,2);
INSERT INTO CIGAR(id,name,brand_id,country_id,strength_id) VALUES(3336,'LANCERO',55,4,3);
INSERT INTO CIGAR(id,name,brand_id,country_id,strength_id) VALUES(3337,'LANCERO',805,3,3);
INSERT INTO CIGAR(id,name,brand_id,country_id,strength_id) VALUES(3338,'TORPEDO BOX PRESSED',535,1,3);
INSERT INTO CIGAR(id,name,brand_id,country_id,strength_id) VALUES(3339,'',828,1,3);
INSERT INTO CIGAR(id,name,brand_id,country_id,strength_id) VALUES(3340,'RUSTIC CHEROOT',310,2,1);
INSERT INTO CIGAR(id,name,brand_id,country_id,strength_id) VALUES(3341,'JESTER',827,1,1);
INSERT INTO CIGAR(id,name,brand_id,country_id,strength_id) VALUES(3342,'5.75X43',613,1,4);
INSERT INTO CIGAR(id,name,brand_id,country_id,strength_id) VALUES(3343,'CHURCHILL',597,1,2);
INSERT INTO CIGAR(id,name,brand_id,country_id,strength_id) VALUES(3344,'FUNDADORES',103,4,3);
INSERT INTO CIGAR(id,name,brand_id,country_id,strength_id) VALUES(3345,'NO. 2',189,3,3);
INSERT INTO CIGAR(id,name,brand_id,country_id,strength_id) VALUES(3346,'NIGHTCRAWLER',797,1,2);
INSERT INTO BRAND(id,name) VALUES(835,'Tatuaje Havana VI');
INSERT INTO CIGAR(id,name,brand_id,country_id,strength_id) VALUES(3347,'VICTORIAS',835,1,1);
INSERT INTO CIGAR(id,name,brand_id,country_id,strength_id) VALUES(3348,'GLORIAS',78,3,2);
INSERT INTO CIGAR(id,name,brand_id,country_id,strength_id) VALUES(3349,'CORONA',622,1,2);
INSERT INTO CIGAR(id,name,brand_id,country_id,strength_id) VALUES(3350,'CHURCHILL',309,1,2);
INSERT INTO CIGAR(id,name,brand_id,country_id,strength_id) VALUES(3351,'SERIE D NO. 4',37,4,2);
INSERT INTO CIGAR(id,name,brand_id,country_id,strength_id) VALUES(3352,'LONSDALE',694,1,2);
INSERT INTO CIGAR(id,name,brand_id,country_id,strength_id) VALUES(3353,'LONDRES',50,1,3);
INSERT INTO BRAND(id,name) VALUES(836,'Perdomo Reserve 10th Anniversary Champagne Connecticut');
INSERT INTO CIGAR(id,name,brand_id,country_id,strength_id) VALUES(3354,'TORPEDO',836,1,3);
INSERT INTO CIGAR(id,name,brand_id,country_id,strength_id) VALUES(3355,'BRILLIANTES',119,3,2);
INSERT INTO CIGAR(id,name,brand_id,country_id,strength_id) VALUES(3356,'L-40',91,1,2);
INSERT INTO BRAND(id,name) VALUES(837,'Leaf by Oscar Maduro');
INSERT INTO CIGAR(id,name,brand_id,country_id,strength_id) VALUES(3357,'LANCERO',837,2,2);
INSERT INTO CIGAR(id,name,brand_id,country_id,strength_id) VALUES(3358,'ROBUSTO',781,1,3);
INSERT INTO CIGAR(id,name,brand_id,country_id,strength_id) VALUES(3359,'NO. 2',121,1,2);
INSERT INTO CIGAR(id,name,brand_id,country_id,strength_id) VALUES(3360,'CORONA MAJOR (TUBO)',105,4,3);
INSERT INTO CIGAR(id,name,brand_id,country_id,strength_id) VALUES(3361,'TORO',832,1,4);
INSERT INTO CIGAR(id,name,brand_id,country_id,strength_id) VALUES(3362,'CORONA',798,2,3);
INSERT INTO CIGAR(id,name,brand_id,country_id,strength_id) VALUES(3363,'A GORDA',826,3,3);
INSERT INTO CIGAR(id,name,brand_id,country_id,strength_id) VALUES(3364,'FUENTE FUENTE',215,3,3);
INSERT INTO BRAND(id,name) VALUES(838,'The Edge Connecticut');
INSERT INTO CIGAR(id,name,brand_id,country_id,strength_id) VALUES(3365,'TORPEDO',838,2,4);
INSERT INTO CIGAR(id,name,brand_id,country_id,strength_id) VALUES(3366,'NO. 42',723,3,5);
INSERT INTO CIGAR(id,name,brand_id,country_id,strength_id) VALUES(3367,'SIGNATURE NO. 2',388,3,2);
INSERT INTO CIGAR(id,name,brand_id,country_id,strength_id) VALUES(3368,'PANETELA BOX-AGED 1 YEAR',24,1,2);
INSERT INTO CIGAR(id,name,brand_id,country_id,strength_id) VALUES(3369,'TORO',329,3,2);
INSERT INTO CIGAR(id,name,brand_id,country_id,strength_id) VALUES(3370,'CORONA',408,1,2);
INSERT INTO CIGAR(id,name,brand_id,country_id,strength_id) VALUES(3371,'SIGLO III',55,4,3);
INSERT INTO BRAND(id,name) VALUES(839,'La Sirena Oceano');
INSERT INTO CIGAR(id,name,brand_id,country_id,strength_id) VALUES(3372,'ATLANTIC',839,3,2);
INSERT INTO CIGAR(id,name,brand_id,country_id,strength_id) VALUES(3373,'NO. 2',105,4,2);
INSERT INTO CIGAR(id,name,brand_id,country_id,strength_id) VALUES(3374,'40 X 6 1/2',449,3,1);
INSERT INTO CIGAR(id,name,brand_id,country_id,strength_id) VALUES(3375,'CORONA',175,2,3);
INSERT INTO BRAND(id,name) VALUES(840,'Romeo y Julieta 1875 Connecticut Nicaragua');
INSERT INTO CIGAR(id,name,brand_id,country_id,strength_id) VALUES(3376,'CHURCHILL',840,1,4);
INSERT INTO CIGAR(id,name,brand_id,country_id,strength_id) VALUES(3377,'NO. 17',16,1,4);
INSERT INTO CIGAR(id,name,brand_id,country_id,strength_id) VALUES(3378,'STOUT TORO',352,3,1);
INSERT INTO CIGAR(id,name,brand_id,country_id,strength_id) VALUES(3379,'EPICURE ESPECIAL',60,4,3);
INSERT INTO CIGAR(id,name,brand_id,country_id,strength_id) VALUES(3380,'CHURCHILL',238,3,3);
INSERT INTO CIGAR(id,name,brand_id,country_id,strength_id) VALUES(3381,'GRAN TORO',350,2,2);
INSERT INTO BRAND(id,name) VALUES(841,'Curivari El Gran Rey');
INSERT INTO CIGAR(id,name,brand_id,country_id,strength_id) VALUES(3382,'BELICOSO',841,1,2);
INSERT INTO CIGAR(id,name,brand_id,country_id,strength_id) VALUES(3383,'CHURCHILL',519,1,1);
INSERT INTO CIGAR(id,name,brand_id,country_id,strength_id) VALUES(3384,'MALTÉS',592,4,2);
INSERT INTO CIGAR(id,name,brand_id,country_id,strength_id) VALUES(3385,'CHURCHILL',179,3,2);
INSERT INTO CIGAR(id,name,brand_id,country_id,strength_id) VALUES(3386,'TORPEDO',509,5,3);
INSERT INTO CIGAR(id,name,brand_id,country_id,strength_id) VALUES(3387,'SALOMON',37,4,2);
INSERT INTO CIGAR(id,name,brand_id,country_id,strength_id) VALUES(3388,'LANCERO',766,1,2);
INSERT INTO CIGAR(id,name,brand_id,country_id,strength_id) VALUES(3389,'TORPEDO',233,3,3);
INSERT INTO CIGAR(id,name,brand_id,country_id,strength_id) VALUES(3390,'CANDENTE',758,1,2);
INSERT INTO CIGAR(id,name,brand_id,country_id,strength_id) VALUES(3391,'466BPT',150,1,2);
INSERT INTO CIGAR(id,name,brand_id,country_id,strength_id) VALUES(3392,'358',150,1,3);
INSERT INTO CIGAR(id,name,brand_id,country_id,strength_id) VALUES(3393,'460',150,1,3);
INSERT INTO CIGAR(id,name,brand_id,country_id,strength_id) VALUES(3394,'464T',150,1,3);
INSERT INTO CIGAR(id,name,brand_id,country_id,strength_id) VALUES(3395,'TIN',345,1,2);
INSERT INTO CIGAR(id,name,brand_id,country_id,strength_id) VALUES(3396,'ROBUSTO',810,1,2);
INSERT INTO CIGAR(id,name,brand_id,country_id,strength_id) VALUES(3397,'TORO',810,1,2);
INSERT INTO CIGAR(id,name,brand_id,country_id,strength_id) VALUES(3398,'PETIT CORONA',810,1,1);
INSERT INTO BRAND(id,name) VALUES(842,'Cuevas Reserva Natural');
INSERT INTO CIGAR(id,name,brand_id,country_id,strength_id) VALUES(3399,'ROBUSTO',842,3,5);
INSERT INTO CIGAR(id,name,brand_id,country_id,strength_id) VALUES(3400,'TORO',842,3,4);
INSERT INTO CIGAR(id,name,brand_id,country_id,strength_id) VALUES(3401,'TORPEDO',842,3,4);
INSERT INTO BRAND(id,name) VALUES(843,'Tatuaje');
INSERT INTO CIGAR(id,name,brand_id,country_id,strength_id) VALUES(3402,'TAA EXCLUSIVE 2020',843,1,2);
INSERT INTO BRAND(id,name) VALUES(844,'Diesel Delirium');
INSERT INTO CIGAR(id,name,brand_id,country_id,strength_id) VALUES(3403,'TORO',844,1,2);
INSERT INTO CIGAR(id,name,brand_id,country_id,strength_id) VALUES(3404,'SALOMON',37,4,2);
INSERT INTO CIGAR(id,name,brand_id,country_id,strength_id) VALUES(3405,'2020 TAA EXCLUSIVE',193,1,2);
INSERT INTO BRAND(id,name) VALUES(845,'Casa Turrent 1880 Claro');
INSERT INTO CIGAR(id,name,brand_id,country_id,strength_id) VALUES(3406,'Doble Robusto',845,5,4);
INSERT INTO BRAND(id,name) VALUES(846,'Casa Turrent 1880 Colorado');
INSERT INTO CIGAR(id,name,brand_id,country_id,strength_id) VALUES(3407,'Doble Robusto',846,5,3);
INSERT INTO BRAND(id,name) VALUES(847,'Casa Turrent 1880 Oscuro');
INSERT INTO CIGAR(id,name,brand_id,country_id,strength_id) VALUES(3408,'Doble Robusto',847,5,2);
INSERT INTO BRAND(id,name) VALUES(848,'Casa Turrent 1880 Maduro');
INSERT INTO CIGAR(id,name,brand_id,country_id,strength_id) VALUES(3409,'Doble Robusto',848,5,1);
INSERT INTO CIGAR(id,name,brand_id,country_id,strength_id) VALUES(3410,'Club Kings',22,4,2);
INSERT INTO CIGAR(id,name,brand_id,country_id,strength_id) VALUES(3411,'Short Churchill',636,1,2);
INSERT INTO CIGAR(id,name,brand_id,country_id,strength_id) VALUES(3412,'Between the Lines',453,3,3);
INSERT INTO CIGAR(id,name,brand_id,country_id,strength_id) VALUES(3413,'Manzanita',689,3,2);
INSERT INTO CIGAR(id,name,brand_id,country_id,strength_id) VALUES(3414,'Churchill',653,1,3);
INSERT INTO CIGAR(id,name,brand_id,country_id,strength_id) VALUES(3415,'No. 5',404,1,6);
INSERT INTO CIGAR(id,name,brand_id,country_id,strength_id) VALUES(3416,'Churchill',546,1,4);
INSERT INTO CIGAR(id,name,brand_id,country_id,strength_id) VALUES(3417,'Figurado',94,2,4);
INSERT INTO CIGAR(id,name,brand_id,country_id,strength_id) VALUES(3418,'Short de Punch',125,4,3);
INSERT INTO CIGAR(id,name,brand_id,country_id,strength_id) VALUES(3419,'Juniors',316,2,4);
INSERT INTO CIGAR(id,name,brand_id,country_id,strength_id) VALUES(3420,'Petite La Nox',295,3,1);
INSERT INTO CIGAR(id,name,brand_id,country_id,strength_id) VALUES(3421,'Seleccion Privada No. 1',86,3,3);
INSERT INTO CIGAR(id,name,brand_id,country_id,strength_id) VALUES(3422,'Toro',781,1,4);
INSERT INTO CIGAR(id,name,brand_id,country_id,strength_id) VALUES(3423,'Corona Gorda',373,1,1);
INSERT INTO CIGAR(id,name,brand_id,country_id,strength_id) VALUES(3424,'466BPT',150,1,2);
INSERT INTO CIGAR(id,name,brand_id,country_id,strength_id) VALUES(3425,'Serie E No. 2',37,4,2);
INSERT INTO CIGAR(id,name,brand_id,country_id,strength_id) VALUES(3426,'Tin',345,1,2);
INSERT INTO CIGAR(id,name,brand_id,country_id,strength_id) VALUES(3427,'Torpedo',827,1,2);
INSERT INTO CIGAR(id,name,brand_id,country_id,strength_id) VALUES(3428,'Punch EMS',795,2,3);
INSERT INTO BRAND(id,name) VALUES(849,'Hoyo de Monterrey Epicure Selección');
INSERT INTO CIGAR(id,name,brand_id,country_id,strength_id) VALUES(3429,'No. 2',849,2,2);
INSERT INTO CIGAR(id,name,brand_id,country_id,strength_id) VALUES(3430,'Lonsdale',168,1,4);
INSERT INTO CIGAR(id,name,brand_id,country_id,strength_id) VALUES(3431,'No. 5',45,4,2);
INSERT INTO CIGAR(id,name,brand_id,country_id,strength_id) VALUES(3432,'Churchill',362,1,3);
INSERT INTO CIGAR(id,name,brand_id,country_id,strength_id) VALUES(3433,'Petite Lancero',32,2,2);
INSERT INTO CIGAR(id,name,brand_id,country_id,strength_id) VALUES(3434,'Robusto',531,1,3);
INSERT INTO CIGAR(id,name,brand_id,country_id,strength_id) VALUES(3435,'Robusto',830,10,4);
INSERT INTO BRAND(id,name) VALUES(850,'Don Lino Africa');
INSERT INTO CIGAR(id,name,brand_id,country_id,strength_id) VALUES(3436,'Duma',850,1,3);
INSERT INTO CIGAR(id,name,brand_id,country_id,strength_id) VALUES(3437,'Reyes',103,4,2);
INSERT INTO CIGAR(id,name,brand_id,country_id,strength_id) VALUES(3438,'No. 46 Maduro',137,1,2);
INSERT INTO CIGAR(id,name,brand_id,country_id,strength_id) VALUES(3439,'Belicoso Oscuro',87,1,2);
INSERT INTO CIGAR(id,name,brand_id,country_id,strength_id) VALUES(3440,'Vibrato',786,3,2);
INSERT INTO CIGAR(id,name,brand_id,country_id,strength_id) VALUES(3441,'DL-600',36,3,3);
INSERT INTO BRAND(id,name) VALUES(851,'Romeo y Julieta Reserva Real Nicaragua');
INSERT INTO CIGAR(id,name,brand_id,country_id,strength_id) VALUES(3442,'Toro',851,1,2);
INSERT INTO CIGAR(id,name,brand_id,country_id,strength_id) VALUES(3443,'El Diputado Exclusivo Belux',51,4,3);
INSERT INTO CIGAR(id,name,brand_id,country_id,strength_id) VALUES(3444,'to',826,3,2);
INSERT INTO CIGAR(id,name,brand_id,country_id,strength_id) VALUES(3445,'Robusto',798,2,2);
INSERT INTO CIGAR(id,name,brand_id,country_id,strength_id) VALUES(3446,'No. 1',121,1,3);
INSERT INTO CIGAR(id,name,brand_id,country_id,strength_id) VALUES(3447,'Delicias',181,6,2);
INSERT INTO CIGAR(id,name,brand_id,country_id,strength_id) VALUES(3448,'8-9-8',37,4,3);
INSERT INTO CIGAR(id,name,brand_id,country_id,strength_id) VALUES(3449,'Lonsdale',28,3,3);
INSERT INTO CIGAR(id,name,brand_id,country_id,strength_id) VALUES(3450,'Churchill',514,3,3);
INSERT INTO CIGAR(id,name,brand_id,country_id,strength_id) VALUES(3451,'Obscure',352,3,1);
INSERT INTO CIGAR(id,name,brand_id,country_id,strength_id) VALUES(3452,'Magnum 46',105,4,3);
INSERT INTO CIGAR(id,name,brand_id,country_id,strength_id) VALUES(3453,'Churchill',526,3,2);
INSERT INTO CIGAR(id,name,brand_id,country_id,strength_id) VALUES(3454,'Corona Doble',486,1,2);
INSERT INTO CIGAR(id,name,brand_id,country_id,strength_id) VALUES(3455,'Churchill',394,1,2);
INSERT INTO CIGAR(id,name,brand_id,country_id,strength_id) VALUES(3456,'Epicure No. 1',60,4,4);
INSERT INTO BRAND(id,name) VALUES(852,'Padilla Finest Hour Oscuro');
INSERT INTO CIGAR(id,name,brand_id,country_id,strength_id) VALUES(3457,'Robusto',852,2,2);
INSERT INTO CIGAR(id,name,brand_id,country_id,strength_id) VALUES(3458,'V642 Piston',135,1,1);
INSERT INTO CIGAR(id,name,brand_id,country_id,strength_id) VALUES(3459,'CORONA GORDA',373,1,1);
INSERT INTO BRAND(id,name) VALUES(853,'Aladino Cameroon');
INSERT INTO CIGAR(id,name,brand_id,country_id,strength_id) VALUES(3460,'LONSDALE',853,2,3);
INSERT INTO CIGAR(id,name,brand_id,country_id,strength_id) VALUES(3461,'ROBUSTO',853,2,3);
INSERT INTO CIGAR(id,name,brand_id,country_id,strength_id) VALUES(3462,'SUPER TORO',853,2,3);
INSERT INTO CIGAR(id,name,brand_id,country_id,strength_id) VALUES(3463,'NO. 50 MADURO',137,1,1);
INSERT INTO CIGAR(id,name,brand_id,country_id,strength_id) VALUES(3464,'NO. 85 MADRO',137,1,2);
INSERT INTO CIGAR(id,name,brand_id,country_id,strength_id) VALUES(3465,'NO. 46 MADURO',137,1,2);
INSERT INTO CIGAR(id,name,brand_id,country_id,strength_id) VALUES(3466,'NO. 44 MADURO',137,1,2);
INSERT INTO CIGAR(id,name,brand_id,country_id,strength_id) VALUES(3467,'NO. 45 MADURO',137,1,2);
INSERT INTO CIGAR(id,name,brand_id,country_id,strength_id) VALUES(3468,'KIFARU',850,1,2);
INSERT INTO CIGAR(id,name,brand_id,country_id,strength_id) VALUES(3469,'Kudu',850,1,2);
INSERT INTO CIGAR(id,name,brand_id,country_id,strength_id) VALUES(3470,'DUMA',850,1,3);
INSERT INTO CIGAR(id,name,brand_id,country_id,strength_id) VALUES(3471,'PUNDA MILIA',850,1,3);
INSERT INTO CIGAR(id,name,brand_id,country_id,strength_id) VALUES(3472,'TEMBO',850,1,3);
INSERT INTO CIGAR(id,name,brand_id,country_id,strength_id) VALUES(3473,'SERIE E NO. 2',37,4,2);
INSERT INTO CIGAR(id,name,brand_id,country_id,strength_id) VALUES(3474,'Faith',818,1,3);
INSERT INTO CIGAR(id,name,brand_id,country_id,strength_id) VALUES(3475,'Cedros Deluxe Cervantes',35,1,2);
INSERT INTO CIGAR(id,name,brand_id,country_id,strength_id) VALUES(3476,'Pirámides No. 5',483,3,2);
INSERT INTO BRAND(id,name) VALUES(854,'Casa Magna D. Magnus II');
INSERT INTO CIGAR(id,name,brand_id,country_id,strength_id) VALUES(3477,'Caligula',854,1,2);
INSERT INTO CIGAR(id,name,brand_id,country_id,strength_id) VALUES(3478,'Corona',464,1,2);
INSERT INTO CIGAR(id,name,brand_id,country_id,strength_id) VALUES(3479,'Churchill',545,1,3);
INSERT INTO CIGAR(id,name,brand_id,country_id,strength_id) VALUES(3480,'X46',501,1,3);
INSERT INTO CIGAR(id,name,brand_id,country_id,strength_id) VALUES(3481,'Pirámides Extra',55,4,3);
INSERT INTO CIGAR(id,name,brand_id,country_id,strength_id) VALUES(3482,'La Vega',564,2,3);
INSERT INTO CIGAR(id,name,brand_id,country_id,strength_id) VALUES(3483,'Lunch Break',479,2,3);
INSERT INTO BRAND(id,name) VALUES(855,'Eiroa The First 20 Years Colorado');
INSERT INTO CIGAR(id,name,brand_id,country_id,strength_id) VALUES(3484,'440',855,2,2);
INSERT INTO CIGAR(id,name,brand_id,country_id,strength_id) VALUES(3485,'Dalias',771,3,4);
INSERT INTO CIGAR(id,name,brand_id,country_id,strength_id) VALUES(3486,'La Punta',117,4,3);
INSERT INTO BRAND(id,name) VALUES(856,'601 Green Label Oscuro');
INSERT INTO CIGAR(id,name,brand_id,country_id,strength_id) VALUES(3487,'Corona',856,1,2);
INSERT INTO CIGAR(id,name,brand_id,country_id,strength_id) VALUES(3488,'Torpedo',430,2,3);
INSERT INTO CIGAR(id,name,brand_id,country_id,strength_id) VALUES(3489,'Corona',820,1,1);
INSERT INTO CIGAR(id,name,brand_id,country_id,strength_id) VALUES(3490,'No. 2',51,4,2);
INSERT INTO CIGAR(id,name,brand_id,country_id,strength_id) VALUES(3491,'Especial No. 1',71,3,4);
INSERT INTO CIGAR(id,name,brand_id,country_id,strength_id) VALUES(3492,'Illusion',281,3,2);
INSERT INTO BRAND(id,name) VALUES(857,'Micallef Experiencia La Crema');
INSERT INTO CIGAR(id,name,brand_id,country_id,strength_id) VALUES(3493,'Churchill',857,1,3);
INSERT INTO BRAND(id,name) VALUES(858,'Paul Garmirian 15th Anniversary');
INSERT INTO CIGAR(id,name,brand_id,country_id,strength_id) VALUES(3494,'Churchill',858,3,4);
INSERT INTO CIGAR(id,name,brand_id,country_id,strength_id) VALUES(3495,'CHURCHILL',851,1,3);
INSERT INTO CIGAR(id,name,brand_id,country_id,strength_id) VALUES(3496,'MAGNUM',851,1,2);
INSERT INTO CIGAR(id,name,brand_id,country_id,strength_id) VALUES(3497,'ROBUSTO',851,1,2);
INSERT INTO CIGAR(id,name,brand_id,country_id,strength_id) VALUES(3498,'TORO',851,1,2);
INSERT INTO BRAND(id,name) VALUES(859,'Saga Short Tales');
INSERT INTO CIGAR(id,name,brand_id,country_id,strength_id) VALUES(3499,'Tomo III',859,3,3);
INSERT INTO CIGAR(id,name,brand_id,country_id,strength_id) VALUES(3500,'Tomo IV',859,3,3);
INSERT INTO CIGAR(id,name,brand_id,country_id,strength_id) VALUES(3501,'Tomo V',859,3,3);
INSERT INTO CIGAR(id,name,brand_id,country_id,strength_id) VALUES(3502,'DL-700',36,3,2);
INSERT INTO CIGAR(id,name,brand_id,country_id,strength_id) VALUES(3503,'CHISEL',36,3,2);
INSERT INTO CIGAR(id,name,brand_id,country_id,strength_id) VALUES(3504,'DL-654',36,3,1);
INSERT INTO CIGAR(id,name,brand_id,country_id,strength_id) VALUES(3505,'DL-600',36,3,3);
INSERT INTO BRAND(id,name) VALUES(860,'La Flor Dominicanan Double Ligero');
INSERT INTO CIGAR(id,name,brand_id,country_id,strength_id) VALUES(3506,'HISELITO',860,3,2);
INSERT INTO CIGAR(id,name,brand_id,country_id,strength_id) VALUES(3507,'SPECIAL ≪53≫',46,3,3);
INSERT INTO CIGAR(id,name,brand_id,country_id,strength_id) VALUES(3508,'EL DIPUTADO EXCLUSIVO BELUX',51,4,3);
INSERT INTO CIGAR(id,name,brand_id,country_id,strength_id) VALUES(3509,'Toro',842,3,4);
INSERT INTO BRAND(id,name) VALUES(861,'La Aurora');
INSERT INTO CIGAR(id,name,brand_id,country_id,strength_id) VALUES(3510,'TAA EXCLUSIVO',861,3,1);
INSERT INTO CIGAR(id,name,brand_id,country_id,strength_id) VALUES(3511,'10TH ANNIVERSARY',264,3,2);
INSERT INTO CIGAR(id,name,brand_id,country_id,strength_id) VALUES(3512,'DOÑA ELENA',264,3,2);
INSERT INTO CIGAR(id,name,brand_id,country_id,strength_id) VALUES(3513,'REGALIAS D''CELIA',264,3,2);
INSERT INTO CIGAR(id,name,brand_id,country_id,strength_id) VALUES(3514,'E-III',264,3,2);
INSERT INTO CIGAR(id,name,brand_id,country_id,strength_id) VALUES(3515,'EL SENADOR',264,13,2);
INSERT INTO BRAND(id,name) VALUES(862,'Highclere Castle Victorian');
INSERT INTO CIGAR(id,name,brand_id,country_id,strength_id) VALUES(3516,'Toro',862,1,3);
INSERT INTO CIGAR(id,name,brand_id,country_id,strength_id) VALUES(3517,'Robusto',862,1,2);
INSERT INTO CIGAR(id,name,brand_id,country_id,strength_id) VALUES(3518,'Churchill',862,1,3);
INSERT INTO CIGAR(id,name,brand_id,country_id,strength_id) VALUES(3519,'Corona',862,1,2);
INSERT INTO CIGAR(id,name,brand_id,country_id,strength_id) VALUES(3520,'Petit Corona',862,1,2);
INSERT INTO CIGAR(id,name,brand_id,country_id,strength_id) VALUES(3521,'MAGNUM 46',105,4,3);
INSERT INTO CIGAR(id,name,brand_id,country_id,strength_id) VALUES(3522,'MAGNUM 54',105,4,3);
INSERT INTO CIGAR(id,name,brand_id,country_id,strength_id) VALUES(3523,'MAGNUM 50',105,4,3);
INSERT INTO BRAND(id,name) VALUES(863,'Camacho Nicaragua');
INSERT INTO CIGAR(id,name,brand_id,country_id,strength_id) VALUES(3524,'Robusto',863,2,3);
INSERT INTO CIGAR(id,name,brand_id,country_id,strength_id) VALUES(3525,'Toro',863,2,3);
INSERT INTO BRAND(id,name) VALUES(864,'Perdomo Reserve 10th Anniversary Sun Grown');
INSERT INTO CIGAR(id,name,brand_id,country_id,strength_id) VALUES(3526,'Figurado',864,1,3);
INSERT INTO CIGAR(id,name,brand_id,country_id,strength_id) VALUES(3527,'Robusto',864,1,3);
INSERT INTO CIGAR(id,name,brand_id,country_id,strength_id) VALUES(3528,'Epicure',864,1,2);
INSERT INTO CIGAR(id,name,brand_id,country_id,strength_id) VALUES(3529,'Churchill',864,1,4);
INSERT INTO CIGAR(id,name,brand_id,country_id,strength_id) VALUES(3530,'Torpedo',864,1,2);
INSERT INTO CIGAR(id,name,brand_id,country_id,strength_id) VALUES(3531,'Super Toro',864,1,3);
INSERT INTO BRAND(id,name) VALUES(865,'Oscar Valladares Super Fly');
INSERT INTO CIGAR(id,name,brand_id,country_id,strength_id) VALUES(3532,'Super Gordo',865,2,2);
INSERT INTO CIGAR(id,name,brand_id,country_id,strength_id) VALUES(3533,'Super Corona',865,2,2);
INSERT INTO BRAND(id,name) VALUES(866,'Aganorsa Supreme Leaf');
INSERT INTO CIGAR(id,name,brand_id,country_id,strength_id) VALUES(3534,'Toro',866,1,2);
INSERT INTO CIGAR(id,name,brand_id,country_id,strength_id) VALUES(3535,'Super Toro',865,2,2);
INSERT INTO CIGAR(id,name,brand_id,country_id,strength_id) VALUES(3536,'Gran Churchill',863,2,3);
INSERT INTO BRAND(id,name) VALUES(867,'Cohiba Royale');
INSERT INTO CIGAR(id,name,brand_id,country_id,strength_id) VALUES(3537,'Gran Royale',867,2,1);
INSERT INTO CIGAR(id,name,brand_id,country_id,strength_id) VALUES(3538,'Magnum 50',105,4,3);
INSERT INTO BRAND(id,name) VALUES(868,'Macanudo Inspirado Green');
INSERT INTO CIGAR(id,name,brand_id,country_id,strength_id) VALUES(3539,'Churchill',868,3,2);
INSERT INTO CIGAR(id,name,brand_id,country_id,strength_id) VALUES(3540,'Eye of the Shark',136,3,3);
INSERT INTO CIGAR(id,name,brand_id,country_id,strength_id) VALUES(3541,'Robusto',574,1,2);
INSERT INTO CIGAR(id,name,brand_id,country_id,strength_id) VALUES(3542,'Belicoso',489,1,3);
INSERT INTO BRAND(id,name) VALUES(869,'Tatuaje Negociant');
INSERT INTO CIGAR(id,name,brand_id,country_id,strength_id) VALUES(3543,'Monopole No. 3',869,1,3);
INSERT INTO BRAND(id,name) VALUES(870,'Southern Draw QuickDraw Connecticut');
INSERT INTO CIGAR(id,name,brand_id,country_id,strength_id) VALUES(3544,'Corona Gorda',870,1,4);
INSERT INTO CIGAR(id,name,brand_id,country_id,strength_id) VALUES(3545,'10th Anniversary',563,3,3);
INSERT INTO CIGAR(id,name,brand_id,country_id,strength_id) VALUES(3546,'Warhead VI',349,1,2);
INSERT INTO BRAND(id,name) VALUES(871,'HVC Hot Cake');
INSERT INTO CIGAR(id,name,brand_id,country_id,strength_id) VALUES(3547,'Corona Gorda',871,1,1);
INSERT INTO CIGAR(id,name,brand_id,country_id,strength_id) VALUES(3548,'Laguito No. 4',871,1,2);
INSERT INTO CIGAR(id,name,brand_id,country_id,strength_id) VALUES(3549,'Laguito No. 5',871,1,3);
INSERT INTO CIGAR(id,name,brand_id,country_id,strength_id) VALUES(3550,'Le Premier',804,1,3);
INSERT INTO BRAND(id,name) VALUES(872,'Villiger');
INSERT INTO CIGAR(id,name,brand_id,country_id,strength_id) VALUES(3551,'2020 TAA Exclusive Toro',872,3,2);
INSERT INTO BRAND(id,name) VALUES(873,'Paul Garmirian Gourmet Series III');
INSERT INTO CIGAR(id,name,brand_id,country_id,strength_id) VALUES(3552,'Bombones Extra',873,3,2);
INSERT INTO CIGAR(id,name,brand_id,country_id,strength_id) VALUES(3553,'Connoisseur',873,3,2);
INSERT INTO CIGAR(id,name,brand_id,country_id,strength_id) VALUES(3554,'Short Robusto',873,3,2);
INSERT INTO BRAND(id,name) VALUES(874,'Four Kicks Capa Especial');
INSERT INTO CIGAR(id,name,brand_id,country_id,strength_id) VALUES(3555,'Corona Gorda',874,3,2);
INSERT INTO CIGAR(id,name,brand_id,country_id,strength_id) VALUES(3556,'Robusto',874,3,2);
INSERT INTO BRAND(id,name) VALUES(875,'Fonseca by My Father');
INSERT INTO CIGAR(id,name,brand_id,country_id,strength_id) VALUES(3557,'Belicoso',875,1,3);
INSERT INTO CIGAR(id,name,brand_id,country_id,strength_id) VALUES(3558,'Cosaco',875,1,2);
INSERT INTO CIGAR(id,name,brand_id,country_id,strength_id) VALUES(3559,'Petit Corona',875,1,2);
INSERT INTO CIGAR(id,name,brand_id,country_id,strength_id) VALUES(3560,'Robusto',875,1,2);
INSERT INTO CIGAR(id,name,brand_id,country_id,strength_id) VALUES(3561,'Toro Gordo',875,1,3);
INSERT INTO CIGAR(id,name,brand_id,country_id,strength_id) VALUES(3562,'Cedro',875,1,2);
INSERT INTO CIGAR(id,name,brand_id,country_id,strength_id) VALUES(3563,'Punto 55 Exclusivo Francia',194,4,2);
INSERT INTO CIGAR(id,name,brand_id,country_id,strength_id) VALUES(3564,'Punto 55 Exclusivo Francia',194,4,2);
INSERT INTO CIGAR(id,name,brand_id,country_id,strength_id) VALUES(3565,'Super Toro',644,1,3);
INSERT INTO BRAND(id,name) VALUES(876,'H. Upmann 1844 Añejo');
INSERT INTO CIGAR(id,name,brand_id,country_id,strength_id) VALUES(3566,'Magnum',876,2,3);
INSERT INTO BRAND(id,name) VALUES(877,'Patoro Brazil');
INSERT INTO CIGAR(id,name,brand_id,country_id,strength_id) VALUES(3567,'Belicoso',877,3,2);
INSERT INTO CIGAR(id,name,brand_id,country_id,strength_id) VALUES(3568,'Royal Corona',109,4,3);
INSERT INTO CIGAR(id,name,brand_id,country_id,strength_id) VALUES(3569,'Short Corona Gorda',667,1,2);
INSERT INTO CIGAR(id,name,brand_id,country_id,strength_id) VALUES(3570,'Pyramid',179,3,3);
INSERT INTO BRAND(id,name) VALUES(878,'New World Cameroon');
INSERT INTO CIGAR(id,name,brand_id,country_id,strength_id) VALUES(3571,'Churchill',878,1,3);
INSERT INTO CIGAR(id,name,brand_id,country_id,strength_id) VALUES(3572,'Toro Grande',88,1,3);
INSERT INTO CIGAR(id,name,brand_id,country_id,strength_id) VALUES(3573,'Punch (Tubo)',125,4,2);
INSERT INTO CIGAR(id,name,brand_id,country_id,strength_id) VALUES(3574,'Robusto',853,2,3);
INSERT INTO CIGAR(id,name,brand_id,country_id,strength_id) VALUES(3575,'No. 45 Maduro',137,1,2);
INSERT INTO CIGAR(id,name,brand_id,country_id,strength_id) VALUES(3576,'Churchill',851,1,3);
INSERT INTO CIGAR(id,name,brand_id,country_id,strength_id) VALUES(3577,'Churchill (Tubo)',22,4,2);
INSERT INTO CIGAR(id,name,brand_id,country_id,strength_id) VALUES(3578,'Short Robusto',144,3,2);
INSERT INTO CIGAR(id,name,brand_id,country_id,strength_id) VALUES(3579,'E-III',264,3,2);
INSERT INTO CIGAR(id,name,brand_id,country_id,strength_id) VALUES(3580,'Laguito No. 4',871,1,2);
INSERT INTO CIGAR(id,name,brand_id,country_id,strength_id) VALUES(3581,'Torpedo',864,1,2);
INSERT INTO CIGAR(id,name,brand_id,country_id,strength_id) VALUES(3582,'Le Premier',804,1,3);
INSERT INTO CIGAR(id,name,brand_id,country_id,strength_id) VALUES(3583,'Bait Fish',797,1,2);
INSERT INTO CIGAR(id,name,brand_id,country_id,strength_id) VALUES(3584,'Double Toro',33,1,2);
INSERT INTO CIGAR(id,name,brand_id,country_id,strength_id) VALUES(3585,'Sixto II',359,1,2);
INSERT INTO CIGAR(id,name,brand_id,country_id,strength_id) VALUES(3586,'Le Hoyo de San Juan',60,13,2);
INSERT INTO CIGAR(id,name,brand_id,country_id,strength_id) VALUES(3587,'Double Chateau Fuente',86,3,5);
INSERT INTO CIGAR(id,name,brand_id,country_id,strength_id) VALUES(3588,'Robusto',273,3,4);
INSERT INTO CIGAR(id,name,brand_id,country_id,strength_id) VALUES(3589,'Tomo V',859,3,3);
INSERT INTO CIGAR(id,name,brand_id,country_id,strength_id) VALUES(3590,'Edmundo (Tubo)',45,4,2);
INSERT INTO CIGAR(id,name,brand_id,country_id,strength_id) VALUES(3591,'358',150,1,2);
INSERT INTO CIGAR(id,name,brand_id,country_id,strength_id) VALUES(3592,'Chiselito',36,3,2);
INSERT INTO CIGAR(id,name,brand_id,country_id,strength_id) VALUES(3593,'Toro',862,1,3);
INSERT INTO CIGAR(id,name,brand_id,country_id,strength_id) VALUES(3594,'Toro',810,1,2);
INSERT INTO CIGAR(id,name,brand_id,country_id,strength_id) VALUES(3595,'20-Year Salute',97,3,3);
INSERT INTO CIGAR(id,name,brand_id,country_id,strength_id) VALUES(3596,'Petit Edmundo (Tubo)',45,4,3);
INSERT INTO CIGAR(id,name,brand_id,country_id,strength_id) VALUES(3597,'Chunk',696,2,1);
INSERT INTO CIGAR(id,name,brand_id,country_id,strength_id) VALUES(3598,'Doble Robusto',845,5,4);
INSERT INTO CIGAR(id,name,brand_id,country_id,strength_id) VALUES(3599,'Super Toro',865,2,2);
INSERT INTO CIGAR(id,name,brand_id,country_id,strength_id) VALUES(3600,'Corona Gorda',832,1,4);
INSERT INTO CIGAR(id,name,brand_id,country_id,strength_id) VALUES(3601,'Robusto',863,2,3);
INSERT INTO CIGAR(id,name,brand_id,country_id,strength_id) VALUES(3602,'Churchill',158,3,2);
INSERT INTO CIGAR(id,name,brand_id,country_id,strength_id) VALUES(3603,'Medio Siglo (Tubo)',55,4,2);
INSERT INTO BRAND(id,name) VALUES(879,'Punch Knuckle Buster');
INSERT INTO CIGAR(id,name,brand_id,country_id,strength_id) VALUES(3604,'Gordo',879,2,3);
INSERT INTO CIGAR(id,name,brand_id,country_id,strength_id) VALUES(3605,'Flying Pig',817,1,2);
INSERT INTO CIGAR(id,name,brand_id,country_id,strength_id) VALUES(3606,'Torpedo',292,3,2);
INSERT INTO CIGAR(id,name,brand_id,country_id,strength_id) VALUES(3607,'Robusto',875,1,2);
INSERT INTO CIGAR(id,name,brand_id,country_id,strength_id) VALUES(3608,'Serie D No. 5 (Tubo)',37,4,2);
INSERT INTO CIGAR(id,name,brand_id,country_id,strength_id) VALUES(3609,'Vitola “Super Sixty”',291,3,3);
INSERT INTO CIGAR(id,name,brand_id,country_id,strength_id) VALUES(3610,'Magnum',704,3,2);
INSERT INTO CIGAR(id,name,brand_id,country_id,strength_id) VALUES(3611,'Animal Cracker 550',164,1,2);
INSERT INTO CIGAR(id,name,brand_id,country_id,strength_id) VALUES(3612,'Magnum',227,3,4);
INSERT INTO CIGAR(id,name,brand_id,country_id,strength_id) VALUES(3613,'No. 70',177,3,3);
INSERT INTO BRAND(id,name) VALUES(880,'Nat Cicco Casino Real');
INSERT INTO CIGAR(id,name,brand_id,country_id,strength_id) VALUES(3614,'Belicoso',880,1,2);
INSERT INTO CIGAR(id,name,brand_id,country_id,strength_id) VALUES(3615,'Petit Royales (Tubo)',22,4,3);
INSERT INTO BRAND(id,name) VALUES(881,'A. Flores Gran Reserva Desflorado');
INSERT INTO CIGAR(id,name,brand_id,country_id,strength_id) VALUES(3616,'Half Corona',881,3,3);
INSERT INTO CIGAR(id,name,brand_id,country_id,strength_id) VALUES(3617,'Gordo',54,3,3);
INSERT INTO BRAND(id,name) VALUES(882,'Achilles Heroicos');
INSERT INTO CIGAR(id,name,brand_id,country_id,strength_id) VALUES(3618,'Peleus',882,1,3);
INSERT INTO CIGAR(id,name,brand_id,country_id,strength_id) VALUES(3619,'Churchill',461,2,3);
INSERT INTO BRAND(id,name) VALUES(883,'Pichardo Clasico');
INSERT INTO CIGAR(id,name,brand_id,country_id,strength_id) VALUES(3620,'Toro',883,1,3);
INSERT INTO CIGAR(id,name,brand_id,country_id,strength_id) VALUES(3621,'Torpedo Maduro',237,1,3);
INSERT INTO CIGAR(id,name,brand_id,country_id,strength_id) VALUES(3622,'Torito',57,1,2);
INSERT INTO CIGAR(id,name,brand_id,country_id,strength_id) VALUES(3623,'Rebellious',802,1,2);
INSERT INTO CIGAR(id,name,brand_id,country_id,strength_id) VALUES(3624,'Gordo',832,1,4);
INSERT INTO BRAND(id,name) VALUES(884,'Luciano');
INSERT INTO CIGAR(id,name,brand_id,country_id,strength_id) VALUES(3625,'The Dreamer',884,1,2);
INSERT INTO BRAND(id,name) VALUES(885,'Yagua');
INSERT INTO CIGAR(id,name,brand_id,country_id,strength_id) VALUES(3626,'Toro',885,1,2);
INSERT INTO CIGAR(id,name,brand_id,country_id,strength_id) VALUES(3627,'Belicoso',880,1,2);
INSERT INTO CIGAR(id,name,brand_id,country_id,strength_id) VALUES(3628,'Double Robusto',880,1,2);
INSERT INTO CIGAR(id,name,brand_id,country_id,strength_id) VALUES(3629,'Double Toro',880,1,2);
INSERT INTO CIGAR(id,name,brand_id,country_id,strength_id) VALUES(3630,'Figurado',880,1,2);
INSERT INTO CIGAR(id,name,brand_id,country_id,strength_id) VALUES(3631,'Toro',617,1,3);
INSERT INTO BRAND(id,name) VALUES(886,'Micallef Herencia Maduro');
INSERT INTO CIGAR(id,name,brand_id,country_id,strength_id) VALUES(3632,'Toro',886,1,3);
INSERT INTO BRAND(id,name) VALUES(887,'Rocky Patel World Championship');
INSERT INTO CIGAR(id,name,brand_id,country_id,strength_id) VALUES(3633,'Mareva',887,1,1);
INSERT INTO COUNTRY(id,name) VALUES(14,'');
INSERT INTO CIGAR(id,name,brand_id,country_id,strength_id) VALUES(3634,'Toro',887,14,1);
INSERT INTO CIGAR(id,name,brand_id,country_id,strength_id) VALUES(3635,'Robusto',887,1,2);
INSERT INTO CIGAR(id,name,brand_id,country_id,strength_id) VALUES(3636,'Capitols',37,4,1);
INSERT INTO CIGAR(id,name,brand_id,country_id,strength_id) VALUES(3637,'Sixty',767,1,3);
INSERT INTO CIGAR(id,name,brand_id,country_id,strength_id) VALUES(3638,'Hermoso',237,1,3);
INSERT INTO BRAND(id,name) VALUES(888,'Rocky Patel Quarter Century');
INSERT INTO CIGAR(id,name,brand_id,country_id,strength_id) VALUES(3639,'Toro',888,1,3);
INSERT INTO CIGAR(id,name,brand_id,country_id,strength_id) VALUES(3640,'Travesia Box Press',485,1,3);
INSERT INTO CIGAR(id,name,brand_id,country_id,strength_id) VALUES(3641,'Generacion V',359,1,2);
INSERT INTO CIGAR(id,name,brand_id,country_id,strength_id) VALUES(3642,'Sixto II',359,1,2);
INSERT INTO CIGAR(id,name,brand_id,country_id,strength_id) VALUES(3643,'Nestor IV',359,1,1);
INSERT INTO CIGAR(id,name,brand_id,country_id,strength_id) VALUES(3644,'Robustus I',359,1,2);
INSERT INTO BRAND(id,name) VALUES(889,'Herrera Esteli Connecticut Broadleaf');
INSERT INTO CIGAR(id,name,brand_id,country_id,strength_id) VALUES(3645,'Tienda Exclusiva Lancero',889,1,2);
INSERT INTO CIGAR(id,name,brand_id,country_id,strength_id) VALUES(3646,'Robusto Intenso Limited Edition 2020',46,3,2);
INSERT INTO CIGAR(id,name,brand_id,country_id,strength_id) VALUES(3647,'Toro Royale',867,2,2);
INSERT INTO CIGAR(id,name,brand_id,country_id,strength_id) VALUES(3648,'Robusto Royale',867,2,2);
INSERT INTO CIGAR(id,name,brand_id,country_id,strength_id) VALUES(3649,'Gran Royale',867,2,1);
INSERT INTO CIGAR(id,name,brand_id,country_id,strength_id) VALUES(3650,'Diamond',519,1,2);
INSERT INTO BRAND(id,name) VALUES(890,'La Sirena Aniversario Especial');
INSERT INTO CIGAR(id,name,brand_id,country_id,strength_id) VALUES(3651,'Toro',890,5,2);
INSERT INTO BRAND(id,name) VALUES(891,'Tatuaje Monster Series');
INSERT INTO CIGAR(id,name,brand_id,country_id,strength_id) VALUES(3652,'Karloff',891,1,3);
INSERT INTO CIGAR(id,name,brand_id,country_id,strength_id) VALUES(3653,'Allones No. 2 Edición Limitada 2019',74,4,2);
INSERT INTO CIGAR(id,name,brand_id,country_id,strength_id) VALUES(3654,'Allones No. 2 Edición Limitada 2019',74,4,2);
INSERT INTO CIGAR(id,name,brand_id,country_id,strength_id) VALUES(3655,'Lancero',809,1,2);
INSERT INTO CIGAR(id,name,brand_id,country_id,strength_id) VALUES(3656,'PCA Exclusive',100,1,3);
INSERT INTO BRAND(id,name) VALUES(892,'Aladino Corojo Reserva');
INSERT INTO CIGAR(id,name,brand_id,country_id,strength_id) VALUES(3657,'No. 4',892,2,3);
INSERT INTO BRAND(id,name) VALUES(893,'JFR Lunatic Torch');
INSERT INTO CIGAR(id,name,brand_id,country_id,strength_id) VALUES(3658,'Mad Folk',893,1,3);
INSERT INTO CIGAR(id,name,brand_id,country_id,strength_id) VALUES(3659,'Visionaries',893,1,2);
INSERT INTO CIGAR(id,name,brand_id,country_id,strength_id) VALUES(3660,'Dreamlands',893,1,3);
INSERT INTO CIGAR(id,name,brand_id,country_id,strength_id) VALUES(3661,'Churchill',840,1,4);
INSERT INTO CIGAR(id,name,brand_id,country_id,strength_id) VALUES(3662,'Magnum',840,1,4);
INSERT INTO CIGAR(id,name,brand_id,country_id,strength_id) VALUES(3663,'Bully',840,1,5);
INSERT INTO CIGAR(id,name,brand_id,country_id,strength_id) VALUES(3664,'Toro',840,1,5);
INSERT INTO CIGAR(id,name,brand_id,country_id,strength_id) VALUES(3665,'Gordo',112,1,4);
INSERT INTO BRAND(id,name) VALUES(894,'E.P. Carrillo Pledge');
INSERT INTO CIGAR(id,name,brand_id,country_id,strength_id) VALUES(3666,'Prequel',894,3,2);
INSERT INTO CIGAR(id,name,brand_id,country_id,strength_id) VALUES(3667,'Sojourn',894,3,2);
INSERT INTO CIGAR(id,name,brand_id,country_id,strength_id) VALUES(3668,'TAA 656',563,3,2);
INSERT INTO CIGAR(id,name,brand_id,country_id,strength_id) VALUES(3669,'Short Churchill (Tubo)',22,4,2);
INSERT INTO CIGAR(id,name,brand_id,country_id,strength_id) VALUES(3670,'Wide Churchill (Tubo)',22,4,2);
INSERT INTO CIGAR(id,name,brand_id,country_id,strength_id) VALUES(3671,'Petit Churchill (Tubo)',22,4,2);
INSERT INTO CIGAR(id,name,brand_id,country_id,strength_id) VALUES(3672,'Churchill (Tubo)',22,4,2);
INSERT INTO BRAND(id,name) VALUES(895,'Gran Habano Corojo No. 5 Maduro');
INSERT INTO CIGAR(id,name,brand_id,country_id,strength_id) VALUES(3673,'Churchill',895,2,2);
INSERT INTO CIGAR(id,name,brand_id,country_id,strength_id) VALUES(3674,'6000',50,1,2);
INSERT INTO CIGAR(id,name,brand_id,country_id,strength_id) VALUES(3675,'Especial No. 3',49,3,3);
INSERT INTO CIGAR(id,name,brand_id,country_id,strength_id) VALUES(3676,'Gordo',94,2,4);
INSERT INTO CIGAR(id,name,brand_id,country_id,strength_id) VALUES(3677,'Churchill',780,3,5);
INSERT INTO CIGAR(id,name,brand_id,country_id,strength_id) VALUES(3678,'Maestro',786,3,2);
INSERT INTO CIGAR(id,name,brand_id,country_id,strength_id) VALUES(3679,'Short Churchill (Tubo)',22,4,2);
INSERT INTO BRAND(id,name) VALUES(896,'CAO Bones');
INSERT INTO CIGAR(id,name,brand_id,country_id,strength_id) VALUES(3680,'Matador',896,1,3);
INSERT INTO BRAND(id,name) VALUES(897,'Alec & Bradley Blind Faith');
INSERT INTO CIGAR(id,name,brand_id,country_id,strength_id) VALUES(3681,'sto',897,2,1);
INSERT INTO CIGAR(id,name,brand_id,country_id,strength_id) VALUES(3682,'No. 5',35,1,3);
INSERT INTO CIGAR(id,name,brand_id,country_id,strength_id) VALUES(3683,'464T',272,1,4);
INSERT INTO CIGAR(id,name,brand_id,country_id,strength_id) VALUES(3684,'20 Aniversario',117,4,3);
INSERT INTO CIGAR(id,name,brand_id,country_id,strength_id) VALUES(3685,'Pyramid No. 9',497,3,2);
INSERT INTO CIGAR(id,name,brand_id,country_id,strength_id) VALUES(3686,'Gordo',225,2,3);
INSERT INTO CIGAR(id,name,brand_id,country_id,strength_id) VALUES(3687,'Coloniales',103,4,3);
INSERT INTO CIGAR(id,name,brand_id,country_id,strength_id) VALUES(3688,'Robusto',813,1,3);
INSERT INTO CIGAR(id,name,brand_id,country_id,strength_id) VALUES(3689,'Dreamlands',893,1,3);
INSERT INTO CIGAR(id,name,brand_id,country_id,strength_id) VALUES(3690,'Virtue',818,13,3);
INSERT INTO BRAND(id,name) VALUES(898,'Cloud Hopper');
INSERT INTO CIGAR(id,name,brand_id,country_id,strength_id) VALUES(3691,'No. 53',898,1,2);
INSERT INTO CIGAR(id,name,brand_id,country_id,strength_id) VALUES(3692,'Petit Lancero',215,3,2);
INSERT INTO CIGAR(id,name,brand_id,country_id,strength_id) VALUES(3693,'Magnum',799,1,3);
INSERT INTO CIGAR(id,name,brand_id,country_id,strength_id) VALUES(3694,'Churchill',402,1,2);
INSERT INTO CIGAR(id,name,brand_id,country_id,strength_id) VALUES(3695,'Lonsdale Deluxe',688,1,2);
INSERT INTO CIGAR(id,name,brand_id,country_id,strength_id) VALUES(3696,'Corona',76,1,2);
INSERT INTO CIGAR(id,name,brand_id,country_id,strength_id) VALUES(3697,'No. 2',45,4,3);
INSERT INTO CIGAR(id,name,brand_id,country_id,strength_id) VALUES(3698,'Corona',369,3,3);
INSERT INTO CIGAR(id,name,brand_id,country_id,strength_id) VALUES(3699,'Monumento',10,1,2);
INSERT INTO CIGAR(id,name,brand_id,country_id,strength_id) VALUES(3700,'Churchill',613,1,5);
INSERT INTO CIGAR(id,name,brand_id,country_id,strength_id) VALUES(3701,'550',222,1,2);
INSERT INTO CIGAR(id,name,brand_id,country_id,strength_id) VALUES(3702,'No. 1 (Tubo)',22,4,2);
INSERT INTO CIGAR(id,name,brand_id,country_id,strength_id) VALUES(3703,'Gordo',112,1,4);
INSERT INTO CIGAR(id,name,brand_id,country_id,strength_id) VALUES(3704,'Diamond',519,1,2);
INSERT INTO CIGAR(id,name,brand_id,country_id,strength_id) VALUES(3705,'Magnum',840,1,4);
INSERT INTO CIGAR(id,name,brand_id,country_id,strength_id) VALUES(3706,'Corona Senior (Tubo)',37,4,3);
INSERT INTO BRAND(id,name) VALUES(899,'Cohiba Gran Royale');
INSERT INTO CIGAR(id,name,brand_id,country_id,strength_id) VALUES(3707,'Robusto Royale',899,2,2);
INSERT INTO CIGAR(id,name,brand_id,country_id,strength_id) VALUES(3708,'Robusto',887,1,2);
INSERT INTO BRAND(id,name) VALUES(900,'INCH Ringmaster');
INSERT INTO CIGAR(id,name,brand_id,country_id,strength_id) VALUES(3709,'No. 5',900,3,3);
INSERT INTO CIGAR(id,name,brand_id,country_id,strength_id) VALUES(3710,'Delicias',476,1,2);
INSERT INTO CIGAR(id,name,brand_id,country_id,strength_id) VALUES(3711,'Robusto',55,4,3);
INSERT INTO CIGAR(id,name,brand_id,country_id,strength_id) VALUES(3712,'Churchill',43,1,4);
INSERT INTO CIGAR(id,name,brand_id,country_id,strength_id) VALUES(3713,'6x60',797,1,2);
INSERT INTO CIGAR(id,name,brand_id,country_id,strength_id) VALUES(3714,'Super Toro',535,1,3);
INSERT INTO CIGAR(id,name,brand_id,country_id,strength_id) VALUES(3715,'Corona',629,1,3);
INSERT INTO BRAND(id,name) VALUES(901,'VegaFina 1998');
INSERT INTO CIGAR(id,name,brand_id,country_id,strength_id) VALUES(3716,'VF 52',901,3,2);
INSERT INTO CIGAR(id,name,brand_id,country_id,strength_id) VALUES(3717,'Sojourn',894,3,2);
INSERT INTO CIGAR(id,name,brand_id,country_id,strength_id) VALUES(3718,'Epicure No. 2',60,4,3);
INSERT INTO CIGAR(id,name,brand_id,country_id,strength_id) VALUES(3719,'J21',508,6,2);
INSERT INTO CIGAR(id,name,brand_id,country_id,strength_id) VALUES(3720,'Generacion V',359,1,2);
INSERT INTO CIGAR(id,name,brand_id,country_id,strength_id) VALUES(3721,'Toro',886,1,3);
INSERT INTO CIGAR(id,name,brand_id,country_id,strength_id) VALUES(3722,'No. 2',98,3,4);
INSERT INTO CIGAR(id,name,brand_id,country_id,strength_id) VALUES(3723,'Prestige',139,3,3);
INSERT INTO CIGAR(id,name,brand_id,country_id,strength_id) VALUES(3724,'Choix Supreme',277,4,3);
INSERT INTO CIGAR(id,name,brand_id,country_id,strength_id) VALUES(3725,'Belicoso',345,1,2);
INSERT INTO CIGAR(id,name,brand_id,country_id,strength_id) VALUES(3726,'Corona Maduro',237,1,2);
INSERT INTO CIGAR(id,name,brand_id,country_id,strength_id) VALUES(3727,'Howitzer',366,2,3);
INSERT INTO CIGAR(id,name,brand_id,country_id,strength_id) VALUES(3728,'Toro',890,5,2);
INSERT INTO CIGAR(id,name,brand_id,country_id,strength_id) VALUES(3729,'Illusion',281,3,2);
INSERT INTO CIGAR(id,name,brand_id,country_id,strength_id) VALUES(3730,'Trés Mystique',281,3,1);
INSERT INTO CIGAR(id,name,brand_id,country_id,strength_id) VALUES(3731,'Corona Gorda',281,3,2);
INSERT INTO CIGAR(id,name,brand_id,country_id,strength_id) VALUES(3732,'Wizard',281,3,2);
INSERT INTO CIGAR(id,name,brand_id,country_id,strength_id) VALUES(3733,'Robusto',281,3,2);
INSERT INTO CIGAR(id,name,brand_id,country_id,strength_id) VALUES(3734,'K222',508,6,2);
INSERT INTO CIGAR(id,name,brand_id,country_id,strength_id) VALUES(3735,'Short SW',508,6,3);
INSERT INTO CIGAR(id,name,brand_id,country_id,strength_id) VALUES(3736,'J21',508,6,2);
INSERT INTO CIGAR(id,name,brand_id,country_id,strength_id) VALUES(3737,'SW',508,6,3);
INSERT INTO CIGAR(id,name,brand_id,country_id,strength_id) VALUES(3738,'A Uno',508,6,3);
INSERT INTO BRAND(id,name) VALUES(902,'Brick House Ciento');
INSERT INTO CIGAR(id,name,brand_id,country_id,strength_id) VALUES(3739,'Por Ciento',902,1,3);
INSERT INTO BRAND(id,name) VALUES(903,'La Aurora 107 Nicaragua');
INSERT INTO CIGAR(id,name,brand_id,country_id,strength_id) VALUES(3740,'Robusto',903,3,2);
INSERT INTO CIGAR(id,name,brand_id,country_id,strength_id) VALUES(3741,'Toro',903,3,2);
INSERT INTO CIGAR(id,name,brand_id,country_id,strength_id) VALUES(3742,'Gran Toro',903,3,2);
INSERT INTO CIGAR(id,name,brand_id,country_id,strength_id) VALUES(3743,'20 Aniversario',117,4,3);
INSERT INTO CIGAR(id,name,brand_id,country_id,strength_id) VALUES(3744,'Robusto',903,3,2);
INSERT INTO CIGAR(id,name,brand_id,country_id,strength_id) VALUES(3745,'Siglo VI',55,4,2);
INSERT INTO CIGAR(id,name,brand_id,country_id,strength_id) VALUES(3746,'Perfecto',104,7,4);
INSERT INTO CIGAR(id,name,brand_id,country_id,strength_id) VALUES(3747,'Cream Crush',689,3,3);
INSERT INTO BRAND(id,name) VALUES(904,'Cuevas Reserva Maduro');
INSERT INTO CIGAR(id,name,brand_id,country_id,strength_id) VALUES(3748,'Torpedo',904,3,2);
INSERT INTO CIGAR(id,name,brand_id,country_id,strength_id) VALUES(3749,'Serie P No. 2 (Tubo)',37,4,2);
INSERT INTO BRAND(id,name) VALUES(905,'Montecristo 1935 Anniversary Nicaragua');
INSERT INTO CIGAR(id,name,brand_id,country_id,strength_id) VALUES(3750,'Demi',905,1,2);
INSERT INTO BRAND(id,name) VALUES(906,'Arturo Fuente Sungrown Magnum R');
INSERT INTO CIGAR(id,name,brand_id,country_id,strength_id) VALUES(3751,'Vitola "Fifty-Four"',906,3,3);
INSERT INTO CIGAR(id,name,brand_id,country_id,strength_id) VALUES(3752,'L-500',210,3,2);
INSERT INTO CIGAR(id,name,brand_id,country_id,strength_id) VALUES(3753,'No. 3',45,4,2);
INSERT INTO CIGAR(id,name,brand_id,country_id,strength_id) VALUES(3754,'Robusto',54,3,3);
INSERT INTO CIGAR(id,name,brand_id,country_id,strength_id) VALUES(3755,'Double Toro',151,3,4);
INSERT INTO CIGAR(id,name,brand_id,country_id,strength_id) VALUES(3756,'Julieta',622,1,3);
INSERT INTO CIGAR(id,name,brand_id,country_id,strength_id) VALUES(3757,'Churchill',819,3,3);
INSERT INTO CIGAR(id,name,brand_id,country_id,strength_id) VALUES(3758,'Double Toro',880,1,2);
INSERT INTO CIGAR(id,name,brand_id,country_id,strength_id) VALUES(3759,'Prequel',894,13,6);
INSERT INTO COUNTRY(id,name) VALUES(15,'</p>');
INSERT INTO CIGAR(id,name,brand_id,country_id,strength_id) VALUES(3760,'Double Robusto',215,15,6);
INSERT INTO COUNTRY(id,name) VALUES(16,'</div>');
INSERT INTO CIGAR(id,name,brand_id,country_id,strength_id) VALUES(3761,'Hermoso',237,16,6);
INSERT INTO CIGAR(id,name,brand_id,country_id,strength_id) VALUES(3762,'',612,16,6);
INSERT INTO CIGAR(id,name,brand_id,country_id,strength_id) VALUES(3763,'Short de Punch',125,16,6);
INSERT INTO CIGAR(id,name,brand_id,country_id,strength_id) VALUES(3764,'L''Ambassadeur',804,16,6);
INSERT INTO CIGAR(id,name,brand_id,country_id,strength_id) VALUES(3765,'sto',787,15,6);
INSERT INTO CIGAR(id,name,brand_id,country_id,strength_id) VALUES(3766,'Churchill',362,16,6);
INSERT INTO CIGAR(id,name,brand_id,country_id,strength_id) VALUES(3767,'Corona',798,16,6);
INSERT INTO COUNTRY(id,name) VALUES(17,'<p');
INSERT INTO CIGAR(id,name,brand_id,country_id,strength_id) VALUES(3768,'Corona',802,17,6);
INSERT INTO CIGAR(id,name,brand_id,country_id,strength_id) VALUES(3769,'Belicoso Fino',109,17,6);
INSERT INTO CIGAR(id,name,brand_id,country_id,strength_id) VALUES(3770,'Sorcerer',281,17,6);
INSERT INTO CIGAR(id,name,brand_id,country_id,strength_id) VALUES(3771,'No. 1',121,17,6);
INSERT INTO CIGAR(id,name,brand_id,country_id,strength_id) VALUES(3772,'Jester',827,17,6);
INSERT INTO CIGAR(id,name,brand_id,country_id,strength_id) VALUES(3773,'Robusto',863,17,6);
INSERT INTO CIGAR(id,name,brand_id,country_id,strength_id) VALUES(3774,'Petit Corona',875,1,6);
INSERT INTO CIGAR(id,name,brand_id,country_id,strength_id) VALUES(3775,'La Vega',564,17,6);
INSERT INTO CIGAR(id,name,brand_id,country_id,strength_id) VALUES(3776,'Robusto',874,17,6);
INSERT INTO CIGAR(id,name,brand_id,country_id,strength_id) VALUES(3777,'Toro',862,17,6);
INSERT INTO CIGAR(id,name,brand_id,country_id,strength_id) VALUES(3778,'Toro',851,17,6);
INSERT INTO CIGAR(id,name,brand_id,country_id,strength_id) VALUES(3779,'Mambo',511,3,6);
INSERT INTO CIGAR(id,name,brand_id,country_id,strength_id) VALUES(3780,'Short Corona Gorda',342,17,6);
INSERT INTO BRAND(id,name) VALUES(907,'The Big Payback Maduro');
INSERT INTO CIGAR(id,name,brand_id,country_id,strength_id) VALUES(3781,'Robusto',907,2,1);
INSERT INTO BRAND(id,name) VALUES(908,'CAO Vision');
INSERT INTO CIGAR(id,name,brand_id,country_id,strength_id) VALUES(3782,'Vision',908,1,3);
INSERT INTO CIGAR(id,name,brand_id,country_id,strength_id) VALUES(3783,'6102R',428,1,2);
INSERT INTO BRAND(id,name) VALUES(909,'Stallone Alazan Corojo');
INSERT INTO CIGAR(id,name,brand_id,country_id,strength_id) VALUES(3784,'Toro',909,1,3);
INSERT INTO CIGAR(id,name,brand_id,country_id,strength_id) VALUES(3785,'Torpedo',909,1,3);
INSERT INTO CIGAR(id,name,brand_id,country_id,strength_id) VALUES(3786,'Robusto',909,1,2);
INSERT INTO CIGAR(id,name,brand_id,country_id,strength_id) VALUES(3787,'Year of the Ox 2021 Limited Edition',46,3,3);
INSERT INTO CIGAR(id,name,brand_id,country_id,strength_id) VALUES(3788,'Laguito No. 6',255,6,3);
INSERT INTO CIGAR(id,name,brand_id,country_id,strength_id) VALUES(3789,'Sixty',888,1,3);
INSERT INTO CIGAR(id,name,brand_id,country_id,strength_id) VALUES(3790,'Toro',888,1,3);
INSERT INTO CIGAR(id,name,brand_id,country_id,strength_id) VALUES(3791,'Robusto',888,1,3);
INSERT INTO BRAND(id,name) VALUES(910,'Alec & Bradley Kintsugi');
INSERT INTO CIGAR(id,name,brand_id,country_id,strength_id) VALUES(3792,'na Gorda',910,2,2);
INSERT INTO CIGAR(id,name,brand_id,country_id,strength_id) VALUES(3793,'sto',910,2,2);
INSERT INTO CIGAR(id,name,brand_id,country_id,strength_id) VALUES(3794,'',910,2,3);
INSERT INTO CIGAR(id,name,brand_id,country_id,strength_id) VALUES(3795,'VF 52',901,3,2);
INSERT INTO CIGAR(id,name,brand_id,country_id,strength_id) VALUES(3796,'VF 50',901,3,2);
INSERT INTO CIGAR(id,name,brand_id,country_id,strength_id) VALUES(3797,'VF 54',901,3,3);
INSERT INTO CIGAR(id,name,brand_id,country_id,strength_id) VALUES(3798,'Double Corona',345,1,2);
INSERT INTO CIGAR(id,name,brand_id,country_id,strength_id) VALUES(3799,'Robusto',55,4,3);
INSERT INTO CIGAR(id,name,brand_id,country_id,strength_id) VALUES(3800,'Esplendido',55,4,3);
INSERT INTO CIGAR(id,name,brand_id,country_id,strength_id) VALUES(3801,'Invictos',181,6,2);
INSERT INTO CIGAR(id,name,brand_id,country_id,strength_id) VALUES(3802,'Gordo',636,1,2);
INSERT INTO BRAND(id,name) VALUES(911,'Saga Solaz');
INSERT INTO CIGAR(id,name,brand_id,country_id,strength_id) VALUES(3803,'Churchill',911,3,4);
INSERT INTO CIGAR(id,name,brand_id,country_id,strength_id) VALUES(3804,'Perillas',298,3,2);
INSERT INTO CIGAR(id,name,brand_id,country_id,strength_id) VALUES(3805,'Double Edmundo',45,4,3);
INSERT INTO BRAND(id,name) VALUES(912,'Diesel Estelí Puro');
INSERT INTO CIGAR(id,name,brand_id,country_id,strength_id) VALUES(3806,'Robusto',912,1,3);
INSERT INTO CIGAR(id,name,brand_id,country_id,strength_id) VALUES(3807,'Short Story',453,3,3);
INSERT INTO BRAND(id,name) VALUES(913,'Serino Royale Medio');
INSERT INTO CIGAR(id,name,brand_id,country_id,strength_id) VALUES(3808,'Belicoso',913,1,3);
INSERT INTO CIGAR(id,name,brand_id,country_id,strength_id) VALUES(3809,'No. 10',26,3,3);
INSERT INTO CIGAR(id,name,brand_id,country_id,strength_id) VALUES(3810,'Double Corona',215,3,2);
INSERT INTO CIGAR(id,name,brand_id,country_id,strength_id) VALUES(3811,'Churchill',47,3,5);
INSERT INTO CIGAR(id,name,brand_id,country_id,strength_id) VALUES(3812,'Corona Especial',55,4,3);
INSERT INTO BRAND(id,name) VALUES(914,'Oliveros Gran Retorno Shade');
INSERT INTO CIGAR(id,name,brand_id,country_id,strength_id) VALUES(3813,'Fiddle',914,1,5);
INSERT INTO CIGAR(id,name,brand_id,country_id,strength_id) VALUES(3814,'Double Robusto',33,1,2);
INSERT INTO CIGAR(id,name,brand_id,country_id,strength_id) VALUES(3815,'Travesia Box Press',485,1,3);
INSERT INTO CIGAR(id,name,brand_id,country_id,strength_id) VALUES(3816,'K222',508,6,2);
INSERT INTO CIGAR(id,name,brand_id,country_id,strength_id) VALUES(3817,'Media Luna',103,4,3);
INSERT INTO CIGAR(id,name,brand_id,country_id,strength_id) VALUES(3818,'na Gorda',910,2,2);
INSERT INTO CIGAR(id,name,brand_id,country_id,strength_id) VALUES(3819,'Corona Gorda',281,3,2);
INSERT INTO CIGAR(id,name,brand_id,country_id,strength_id) VALUES(3820,'Tienda Exclusiva Lancero',889,1,2);
INSERT INTO CIGAR(id,name,brand_id,country_id,strength_id) VALUES(3821,'Robusto',888,1,3);
INSERT INTO BRAND(id,name) VALUES(915,'La Flor Dominicana Double Ligero Maduro');
INSERT INTO CIGAR(id,name,brand_id,country_id,strength_id) VALUES(3822,'Chiselito',915,3,2);
INSERT INTO BRAND(id,name) VALUES(916,'Charter Oak Habano');
INSERT INTO CIGAR(id,name,brand_id,country_id,strength_id) VALUES(3823,'Torpedo',916,1,3);
INSERT INTO CIGAR(id,name,brand_id,country_id,strength_id) VALUES(3824,'4/2g',100,1,2);
INSERT INTO BRAND(id,name) VALUES(917,'Leaf by Oscar Connecticut');
INSERT INTO CIGAR(id,name,brand_id,country_id,strength_id) VALUES(3825,'Lancero',917,2,4);
INSERT INTO CIGAR(id,name,brand_id,country_id,strength_id) VALUES(3826,'Selección No. 2',194,4,3);
INSERT INTO CIGAR(id,name,brand_id,country_id,strength_id) VALUES(3827,'Torpedo',484,5,3);
INSERT INTO CIGAR(id,name,brand_id,country_id,strength_id) VALUES(3828,'Panetela',50,1,2);
INSERT INTO CIGAR(id,name,brand_id,country_id,strength_id) VALUES(3829,'La Fuerza',117,4,2);
INSERT INTO BRAND(id,name) VALUES(918,'Perla Del Mar Corojo');
INSERT INTO CIGAR(id,name,brand_id,country_id,strength_id) VALUES(3830,'Robusto',918,1,2);
INSERT INTO COUNTRY(id,name) VALUES(18,'Nicaragua.');
INSERT INTO CIGAR(id,name,brand_id,country_id,strength_id) VALUES(3831,'Apuestos',283,18,3);
INSERT INTO CIGAR(id,name,brand_id,country_id,strength_id) VALUES(3832,'Robusto',419,1,3);
INSERT INTO CIGAR(id,name,brand_id,country_id,strength_id) VALUES(3833,'Torpedo',753,3,3);
INSERT INTO CIGAR(id,name,brand_id,country_id,strength_id) VALUES(3834,'Robusto',776,1,4);
INSERT INTO CIGAR(id,name,brand_id,country_id,strength_id) VALUES(3835,'Churchill',73,1,3);
INSERT INTO BRAND(id,name) VALUES(919,'Romeo y Julieta 505');
INSERT INTO CIGAR(id,name,brand_id,country_id,strength_id) VALUES(3836,'Churchill',919,1,2);
INSERT INTO CIGAR(id,name,brand_id,country_id,strength_id) VALUES(3837,'The Dreamer',884,1,2);
INSERT INTO CIGAR(id,name,brand_id,country_id,strength_id) VALUES(3838,'VF 54',901,3,3);
INSERT INTO CIGAR(id,name,brand_id,country_id,strength_id) VALUES(3839,'Petit No. 2',45,4,3);
INSERT INTO CIGAR(id,name,brand_id,country_id,strength_id) VALUES(3840,'Lancero',809,1,2);
INSERT INTO CIGAR(id,name,brand_id,country_id,strength_id) VALUES(3841,'Vision',908,1,3);
INSERT INTO CIGAR(id,name,brand_id,country_id,strength_id) VALUES(3842,'Feral Flying Pig',91,1,2);
INSERT INTO CIGAR(id,name,brand_id,country_id,strength_id) VALUES(3843,'Double R',52,3,3);
INSERT INTO CIGAR(id,name,brand_id,country_id,strength_id) VALUES(3844,'Double Chateau Fuente Sun Grown',86,3,2);
INSERT INTO CIGAR(id,name,brand_id,country_id,strength_id) VALUES(3845,'Double Corona',60,4,3);
INSERT INTO CIGAR(id,name,brand_id,country_id,strength_id) VALUES(3846,'Churchill',742,1,3);
INSERT INTO CIGAR(id,name,brand_id,country_id,strength_id) VALUES(3847,'A Maduro',237,1,2);
INSERT INTO BRAND(id,name) VALUES(920,'Perdomo Reserve 10th Anniversary Maduro');
INSERT INTO CIGAR(id,name,brand_id,country_id,strength_id) VALUES(3848,'Churchill',920,1,2);
INSERT INTO CIGAR(id,name,brand_id,country_id,strength_id) VALUES(3849,'7th Sam',164,1,2);
INSERT INTO CIGAR(id,name,brand_id,country_id,strength_id) VALUES(3850,'Lancero',31,1,1);
INSERT INTO CIGAR(id,name,brand_id,country_id,strength_id) VALUES(3851,'No. 17',16,1,4);
INSERT INTO CIGAR(id,name,brand_id,country_id,strength_id) VALUES(3852,'Specially Selected',74,4,1);
INSERT INTO CIGAR(id,name,brand_id,country_id,strength_id) VALUES(3853,'Presidente',77,1,2);
INSERT INTO BRAND(id,name) VALUES(921,'A. Flores 1975 Serie Privada Rosado');
INSERT INTO CIGAR(id,name,brand_id,country_id,strength_id) VALUES(3854,'SP 58',921,3,2);
INSERT INTO CIGAR(id,name,brand_id,country_id,strength_id) VALUES(3855,'Lancero',805,3,3);
INSERT INTO CIGAR(id,name,brand_id,country_id,strength_id) VALUES(3856,'Epicure Especial',60,4,3);
INSERT INTO CIGAR(id,name,brand_id,country_id,strength_id) VALUES(3857,'Belicoso',40,1,2);
INSERT INTO CIGAR(id,name,brand_id,country_id,strength_id) VALUES(3858,'Double Corona',345,1,2);
INSERT INTO BRAND(id,name) VALUES(922,'Trinidad Espíritu');
INSERT INTO CIGAR(id,name,brand_id,country_id,strength_id) VALUES(3859,'Fundador',922,1,2);
INSERT INTO CIGAR(id,name,brand_id,country_id,strength_id) VALUES(3860,'Porto Real',68,3,3);
INSERT INTO BRAND(id,name) VALUES(923,'INCH Colorado by E.P. Carrillo');
INSERT INTO CIGAR(id,name,brand_id,country_id,strength_id) VALUES(3861,'No. 58',923,3,2);
INSERT INTO BRAND(id,name) VALUES(924,'CLE 25th Anniversary');
INSERT INTO CIGAR(id,name,brand_id,country_id,strength_id) VALUES(3862,'50x5',924,2,3);
INSERT INTO CIGAR(id,name,brand_id,country_id,strength_id) VALUES(3863,'Unico',278,4,2);
INSERT INTO BRAND(id,name) VALUES(925,'Avo Classic Maduro');
INSERT INTO CIGAR(id,name,brand_id,country_id,strength_id) VALUES(3864,'No. 3',925,3,3);
INSERT INTO BRAND(id,name) VALUES(926,'La Palina Nicaragua Connecticut');
INSERT INTO CIGAR(id,name,brand_id,country_id,strength_id) VALUES(3865,'Robusto',926,1,4);
INSERT INTO CIGAR(id,name,brand_id,country_id,strength_id) VALUES(3866,'Gran Via',119,3,4);
INSERT INTO BRAND(id,name) VALUES(927,'Mombacho Casa Favilli');
INSERT INTO CIGAR(id,name,brand_id,country_id,strength_id) VALUES(3867,'Torpedo',927,1,2);
INSERT INTO CIGAR(id,name,brand_id,country_id,strength_id) VALUES(3868,'Robusto',336,3,2);
INSERT INTO CIGAR(id,name,brand_id,country_id,strength_id) VALUES(3869,'Gigantes',74,4,3);
INSERT INTO CIGAR(id,name,brand_id,country_id,strength_id) VALUES(3870,'Lancero',350,2,1);
INSERT INTO CIGAR(id,name,brand_id,country_id,strength_id) VALUES(3871,'Robusto',918,1,2);
INSERT INTO CIGAR(id,name,brand_id,country_id,strength_id) VALUES(3872,'Toro',918,1,2);
INSERT INTO CIGAR(id,name,brand_id,country_id,strength_id) VALUES(3873,'Churchill',868,3,2);
INSERT INTO CIGAR(id,name,brand_id,country_id,strength_id) VALUES(3874,'Robusto',868,3,3);
INSERT INTO CIGAR(id,name,brand_id,country_id,strength_id) VALUES(3875,'Toro',868,3,1);
INSERT INTO BRAND(id,name) VALUES(928,'Flor del Valle Sky Flower');
INSERT INTO CIGAR(id,name,brand_id,country_id,strength_id) VALUES(3876,'Lancero',928,1,3);
INSERT INTO BRAND(id,name) VALUES(929,'Partagas Limited Reserve Decadas 2020');
INSERT INTO CIGAR(id,name,brand_id,country_id,strength_id) VALUES(3877,'Dalia',929,3,2);
INSERT INTO CIGAR(id,name,brand_id,country_id,strength_id) VALUES(3878,'Gigantes',74,4,3);
INSERT INTO CIGAR(id,name,brand_id,country_id,strength_id) VALUES(3879,'Superiores',74,4,2);
INSERT INTO CIGAR(id,name,brand_id,country_id,strength_id) VALUES(3880,'Specially Selected',74,4,1);
INSERT INTO CIGAR(id,name,brand_id,country_id,strength_id) VALUES(3881,'Small Club Corona',74,4,2);
INSERT INTO CIGAR(id,name,brand_id,country_id,strength_id) VALUES(3882,'Redondo',345,1,2);
INSERT INTO BRAND(id,name) VALUES(930,'Perla del Mar Corojo');
INSERT INTO CIGAR(id,name,brand_id,country_id,strength_id) VALUES(3883,'Corona Gorda',930,1,2);
INSERT INTO CIGAR(id,name,brand_id,country_id,strength_id) VALUES(3884,'Double Toro',918,1,3);
INSERT INTO CIGAR(id,name,brand_id,country_id,strength_id) VALUES(3885,'Churchill',911,3,4);
INSERT INTO CIGAR(id,name,brand_id,country_id,strength_id) VALUES(3886,'Gordo',911,3,4);
INSERT INTO CIGAR(id,name,brand_id,country_id,strength_id) VALUES(3887,'Robusto',911,3,3);
INSERT INTO BRAND(id,name) VALUES(931,'Zino Platinum Crown Series');
INSERT INTO CIGAR(id,name,brand_id,country_id,strength_id) VALUES(3888,'2020 Gran Robusto',931,2,3);
INSERT INTO CIGAR(id,name,brand_id,country_id,strength_id) VALUES(3889,'11/18',924,2,2);
INSERT INTO CIGAR(id,name,brand_id,country_id,strength_id) VALUES(3890,'60x6',924,2,3);
INSERT INTO CIGAR(id,name,brand_id,country_id,strength_id) VALUES(3891,'Petite Corona',916,1,2);
INSERT INTO CIGAR(id,name,brand_id,country_id,strength_id) VALUES(3892,'Lonsdale',916,1,3);
INSERT INTO CIGAR(id,name,brand_id,country_id,strength_id) VALUES(3893,'Rothschild',916,1,3);
INSERT INTO CIGAR(id,name,brand_id,country_id,strength_id) VALUES(3894,'Grande',916,1,3);
INSERT INTO CIGAR(id,name,brand_id,country_id,strength_id) VALUES(3895,'Toro',916,1,2);
INSERT INTO BRAND(id,name) VALUES(932,'La Palina Silver Label');
INSERT INTO CIGAR(id,name,brand_id,country_id,strength_id) VALUES(3896,'Toro',932,2,3);
INSERT INTO CIGAR(id,name,brand_id,country_id,strength_id) VALUES(3897,'Robusto',932,2,2);
INSERT INTO CIGAR(id,name,brand_id,country_id,strength_id) VALUES(3898,'Gordo',932,2,2);
INSERT INTO BRAND(id,name) VALUES(933,'Fratello Arlequín');
INSERT INTO CIGAR(id,name,brand_id,country_id,strength_id) VALUES(3899,'Robusto',933,1,3);
INSERT INTO CIGAR(id,name,brand_id,country_id,strength_id) VALUES(3900,'Toro',933,1,3);
INSERT INTO CIGAR(id,name,brand_id,country_id,strength_id) VALUES(3901,'Siglo II',55,4,3);
INSERT INTO CIGAR(id,name,brand_id,country_id,strength_id) VALUES(3902,'El Primero',563,3,3);
INSERT INTO BRAND(id,name) VALUES(934,'Alec Bradley Project 40 Maduro');
INSERT INTO CIGAR(id,name,brand_id,country_id,strength_id) VALUES(3903,'06.60',934,1,3);
INSERT INTO CIGAR(id,name,brand_id,country_id,strength_id) VALUES(3904,'Churchill',200,3,2);
INSERT INTO BRAND(id,name) VALUES(935,'Mil Días');
INSERT INTO CIGAR(id,name,brand_id,country_id,strength_id) VALUES(3905,'Edmundo',935,1,3);
INSERT INTO BRAND(id,name) VALUES(936,'Micallef Connecticut');
INSERT INTO CIGAR(id,name,brand_id,country_id,strength_id) VALUES(3906,'Robusto',936,1,3);
INSERT INTO CIGAR(id,name,brand_id,country_id,strength_id) VALUES(3907,'Belicoso',875,1,3);
INSERT INTO CIGAR(id,name,brand_id,country_id,strength_id) VALUES(3908,'Robusto',629,1,2);
INSERT INTO CIGAR(id,name,brand_id,country_id,strength_id) VALUES(3909,'Valiente',433,3,2);
INSERT INTO CIGAR(id,name,brand_id,country_id,strength_id) VALUES(3910,'Connossieur No. 2',105,4,3);
INSERT INTO CIGAR(id,name,brand_id,country_id,strength_id) VALUES(3911,'Golossos',367,3,3);
INSERT INTO CIGAR(id,name,brand_id,country_id,strength_id) VALUES(3912,'Invictos',476,1,2);
INSERT INTO CIGAR(id,name,brand_id,country_id,strength_id) VALUES(3913,'Corona Pequeña',43,1,4);
INSERT INTO CIGAR(id,name,brand_id,country_id,strength_id) VALUES(3914,'Belicoso',311,4,2);
INSERT INTO CIGAR(id,name,brand_id,country_id,strength_id) VALUES(3915,'Toro',879,2,1);
INSERT INTO CIGAR(id,name,brand_id,country_id,strength_id) VALUES(3916,'Gran Robusto',800,3,2);
INSERT INTO CIGAR(id,name,brand_id,country_id,strength_id) VALUES(3917,'Open Regata',45,4,3);
INSERT INTO CIGAR(id,name,brand_id,country_id,strength_id) VALUES(3918,'Robusto',136,3,3);
INSERT INTO CIGAR(id,name,brand_id,country_id,strength_id) VALUES(3919,'Belicoso',486,1,3);
INSERT INTO CIGAR(id,name,brand_id,country_id,strength_id) VALUES(3920,'Belicoso',22,4,3);
INSERT INTO CIGAR(id,name,brand_id,country_id,strength_id) VALUES(3921,'Grand Robusto',373,1,2);
INSERT INTO CIGAR(id,name,brand_id,country_id,strength_id) VALUES(3922,'Corona Gorda',622,1,2);
INSERT INTO CIGAR(id,name,brand_id,country_id,strength_id) VALUES(3923,'Churchill',653,1,2);
INSERT INTO CIGAR(id,name,brand_id,country_id,strength_id) VALUES(3924,'Epicure No. 1',60,4,3);
INSERT INTO CIGAR(id,name,brand_id,country_id,strength_id) VALUES(3925,'Torpedo',227,3,4);
INSERT INTO CIGAR(id,name,brand_id,country_id,strength_id) VALUES(3926,'Bait Fish',797,1,2);
INSERT INTO CIGAR(id,name,brand_id,country_id,strength_id) VALUES(3927,'Toro',636,1,1);
INSERT INTO CIGAR(id,name,brand_id,country_id,strength_id) VALUES(3928,'Topes',103,4,2);
INSERT INTO CIGAR(id,name,brand_id,country_id,strength_id) VALUES(3929,'Trés Mystique',281,3,1);
INSERT INTO CIGAR(id,name,brand_id,country_id,strength_id) VALUES(3930,'Toro Redondo',345,1,2);
INSERT INTO CIGAR(id,name,brand_id,country_id,strength_id) VALUES(3931,'SW',508,6,3);
INSERT INTO BRAND(id,name) VALUES(937,'Room101');
INSERT INTO CIGAR(id,name,brand_id,country_id,strength_id) VALUES(3932,'11th Anniversary',937,1,1);
INSERT INTO CIGAR(id,name,brand_id,country_id,strength_id) VALUES(3933,'Corona Gorda',918,1,2);
INSERT INTO CIGAR(id,name,brand_id,country_id,strength_id) VALUES(3934,'No. 2',96,3,3);
INSERT INTO CIGAR(id,name,brand_id,country_id,strength_id) VALUES(3935,'Toro',868,3,1);
INSERT INTO CIGAR(id,name,brand_id,country_id,strength_id) VALUES(3936,'Serie D No. 6',37,4,2);
INSERT INTO CIGAR(id,name,brand_id,country_id,strength_id) VALUES(3937,'sto',910,2,2);
INSERT INTO CIGAR(id,name,brand_id,country_id,strength_id) VALUES(3938,'No. 2',905,1,1);
INSERT INTO CIGAR(id,name,brand_id,country_id,strength_id) VALUES(3939,'No. 485',898,1,3);
INSERT INTO CIGAR(id,name,brand_id,country_id,strength_id) VALUES(3940,'Churchill',571,2,2);
INSERT INTO CIGAR(id,name,brand_id,country_id,strength_id) VALUES(3941,'Churchill',78,3,3);
INSERT INTO CIGAR(id,name,brand_id,country_id,strength_id) VALUES(3942,'Media Corona',45,4,2);
INSERT INTO BRAND(id,name) VALUES(938,'Hamlet 2020');
INSERT INTO CIGAR(id,name,brand_id,country_id,strength_id) VALUES(3943,'Gordo',938,1,2);
INSERT INTO BRAND(id,name) VALUES(939,'Neanderthal');
INSERT INTO CIGAR(id,name,brand_id,country_id,strength_id) VALUES(3944,'HN',939,1,1);
INSERT INTO CIGAR(id,name,brand_id,country_id,strength_id) VALUES(3945,'Churchill',840,1,4);
INSERT INTO CIGAR(id,name,brand_id,country_id,strength_id) VALUES(3946,'Figurado',270,1,2);
INSERT INTO CIGAR(id,name,brand_id,country_id,strength_id) VALUES(3947,'No. 4 Maduro',237,1,2);
INSERT INTO CIGAR(id,name,brand_id,country_id,strength_id) VALUES(3948,'Impromptu',649,1,2);
INSERT INTO CIGAR(id,name,brand_id,country_id,strength_id) VALUES(3949,'Toro',442,1,2);
INSERT INTO CIGAR(id,name,brand_id,country_id,strength_id) VALUES(3950,'Churchill',168,1,5);
INSERT INTO BRAND(id,name) VALUES(940,'Crux Epicure Maduro');
INSERT INTO CIGAR(id,name,brand_id,country_id,strength_id) VALUES(3951,'Gordo',940,1,3);
INSERT INTO CIGAR(id,name,brand_id,country_id,strength_id) VALUES(3952,'No. 1 Maduro',99,1,2);
INSERT INTO CIGAR(id,name,brand_id,country_id,strength_id) VALUES(3953,'No. 4',33,1,2);
INSERT INTO CIGAR(id,name,brand_id,country_id,strength_id) VALUES(3954,'Robusto',8,3,2);
INSERT INTO CIGAR(id,name,brand_id,country_id,strength_id) VALUES(3955,'Short Corona',171,3,2);
INSERT INTO CIGAR(id,name,brand_id,country_id,strength_id) VALUES(3956,'Grandido',507,1,1);
INSERT INTO CIGAR(id,name,brand_id,country_id,strength_id) VALUES(3957,'Gordo',776,3,3);
INSERT INTO CIGAR(id,name,brand_id,country_id,strength_id) VALUES(3958,'Half Corona',105,4,2);
INSERT INTO CIGAR(id,name,brand_id,country_id,strength_id) VALUES(3959,'La Volcada',295,3,2);
INSERT INTO CIGAR(id,name,brand_id,country_id,strength_id) VALUES(3960,'Churchill',437,3,3);
INSERT INTO CIGAR(id,name,brand_id,country_id,strength_id) VALUES(3961,'La Musica',564,2,3);
INSERT INTO BRAND(id,name) VALUES(941,'Aladino Maduro');
INSERT INTO CIGAR(id,name,brand_id,country_id,strength_id) VALUES(3962,'Corona',941,2,1);
INSERT INTO CIGAR(id,name,brand_id,country_id,strength_id) VALUES(3963,'Demi',905,1,2);
INSERT INTO CIGAR(id,name,brand_id,country_id,strength_id) VALUES(3964,'Churchill',905,1,2);
INSERT INTO CIGAR(id,name,brand_id,country_id,strength_id) VALUES(3965,'No. 2',905,1,1);
INSERT INTO CIGAR(id,name,brand_id,country_id,strength_id) VALUES(3966,'Toro',905,1,1);
INSERT INTO BRAND(id,name) VALUES(942,'The Big Payback Connecticut');
INSERT INTO CIGAR(id,name,brand_id,country_id,strength_id) VALUES(3967,'Robusto',942,1,5);
INSERT INTO CIGAR(id,name,brand_id,country_id,strength_id) VALUES(3968,'Toro',942,1,5);
INSERT INTO CIGAR(id,name,brand_id,country_id,strength_id) VALUES(3969,'Gordo',942,1,5);
INSERT INTO BRAND(id,name) VALUES(943,'Avo Regional');
INSERT INTO CIGAR(id,name,brand_id,country_id,strength_id) VALUES(3970,'North',943,3,3);
INSERT INTO CIGAR(id,name,brand_id,country_id,strength_id) VALUES(3971,'South',943,3,3);
INSERT INTO BRAND(id,name) VALUES(944,'Arturo Fuente Rare Pink Vintage 1960’s Séries');
INSERT INTO CIGAR(id,name,brand_id,country_id,strength_id) VALUES(3972,'Short Story',944,3,2);
INSERT INTO CIGAR(id,name,brand_id,country_id,strength_id) VALUES(3973,'Signature',944,3,2);
INSERT INTO CIGAR(id,name,brand_id,country_id,strength_id) VALUES(3974,'Work of Art',944,3,2);
INSERT INTO CIGAR(id,name,brand_id,country_id,strength_id) VALUES(3975,'Happy Ending',944,3,3);
INSERT INTO CIGAR(id,name,brand_id,country_id,strength_id) VALUES(3976,'Impromptu',649,1,2);
INSERT INTO CIGAR(id,name,brand_id,country_id,strength_id) VALUES(3977,'Connossieur No. 2',105,4,3);
INSERT INTO BRAND(id,name) VALUES(945,'Arturo Fuente Rare Pink Vintage 1960’s Series');
INSERT INTO CIGAR(id,name,brand_id,country_id,strength_id) VALUES(3978,'Happy Ending',945,3,3);
INSERT INTO BRAND(id,name) VALUES(946,'Cohiba Behike');
INSERT INTO CIGAR(id,name,brand_id,country_id,strength_id) VALUES(3979,'BHK 56',946,4,3);
INSERT INTO CIGAR(id,name,brand_id,country_id,strength_id) VALUES(3980,'Gran Toro',827,1,2);
INSERT INTO BRAND(id,name) VALUES(947,'HR Blue');
INSERT INTO CIGAR(id,name,brand_id,country_id,strength_id) VALUES(3981,'Gordo',947,1,2);
INSERT INTO BRAND(id,name) VALUES(948,'Eastern Standard Sungrown');
INSERT INTO CIGAR(id,name,brand_id,country_id,strength_id) VALUES(3982,'Magnum',948,3,3);
INSERT INTO CIGAR(id,name,brand_id,country_id,strength_id) VALUES(3983,'Dumas',592,4,3);
INSERT INTO CIGAR(id,name,brand_id,country_id,strength_id) VALUES(3984,'Churchill',819,3,3);
INSERT INTO CIGAR(id,name,brand_id,country_id,strength_id) VALUES(3985,'Robusto',819,3,1);
INSERT INTO CIGAR(id,name,brand_id,country_id,strength_id) VALUES(3986,'Toro Gordo',819,3,2);
INSERT INTO CIGAR(id,name,brand_id,country_id,strength_id) VALUES(3987,'Torpedo',819,3,2);
INSERT INTO BRAND(id,name) VALUES(949,'Epic Ten');
INSERT INTO CIGAR(id,name,brand_id,country_id,strength_id) VALUES(3988,'Toro',949,1,2);
INSERT INTO CIGAR(id,name,brand_id,country_id,strength_id) VALUES(3989,'Sublime',935,1,3);
INSERT INTO CIGAR(id,name,brand_id,country_id,strength_id) VALUES(3990,'Mareva EL XX',935,1,2);
INSERT INTO CIGAR(id,name,brand_id,country_id,strength_id) VALUES(3991,'Corona Gorda',935,1,2);
INSERT INTO CIGAR(id,name,brand_id,country_id,strength_id) VALUES(3992,'Double Robusto',935,1,3);
INSERT INTO CIGAR(id,name,brand_id,country_id,strength_id) VALUES(3993,'Serie D No. 6',37,4,2);
INSERT INTO CIGAR(id,name,brand_id,country_id,strength_id) VALUES(3994,'Serie P No. 2 (Tubo)',37,4,2);
INSERT INTO CIGAR(id,name,brand_id,country_id,strength_id) VALUES(3995,'Serie E No. 2',37,4,3);
INSERT INTO CIGAR(id,name,brand_id,country_id,strength_id) VALUES(3996,'Serie D No. 4',37,4,3);
INSERT INTO CIGAR(id,name,brand_id,country_id,strength_id) VALUES(3997,'Robusto',438,1,2);
INSERT INTO CIGAR(id,name,brand_id,country_id,strength_id) VALUES(3998,'Bombones Extra',873,3,3);
INSERT INTO CIGAR(id,name,brand_id,country_id,strength_id) VALUES(3999,'Toro Box Press',358,1,3);
INSERT INTO CIGAR(id,name,brand_id,country_id,strength_id) VALUES(4000,'Edmundo',935,1,3);
INSERT INTO BRAND(id,name) VALUES(950,'Aganorsa Leaf Rare Leaf Reserve');
INSERT INTO CIGAR(id,name,brand_id,country_id,strength_id) VALUES(4001,'Titan',950,1,4);
INSERT INTO CIGAR(id,name,brand_id,country_id,strength_id) VALUES(4002,'Toro',950,1,3);
INSERT INTO BRAND(id,name) VALUES(951,'Alec Bradley Black Market Filthy Hooligan');
INSERT INTO CIGAR(id,name,brand_id,country_id,strength_id) VALUES(4003,'Barber Pole Toro',951,2,4);
INSERT INTO CIGAR(id,name,brand_id,country_id,strength_id) VALUES(4004,'Shamrock',951,2,4);
INSERT INTO CIGAR(id,name,brand_id,country_id,strength_id) VALUES(4005,'Limited Edition 2021 Toro',156,3,3);
INSERT INTO CIGAR(id,name,brand_id,country_id,strength_id) VALUES(4006,'Serie D No. 5 (Tubo)',37,4,2);
INSERT INTO CIGAR(id,name,brand_id,country_id,strength_id) VALUES(4007,'Big Bull',40,1,3);
INSERT INTO BRAND(id,name) VALUES(952,'Buenaventura Pralines');
INSERT INTO CIGAR(id,name,brand_id,country_id,strength_id) VALUES(4008,'P 554',952,1,2);
INSERT INTO CIGAR(id,name,brand_id,country_id,strength_id) VALUES(4009,'No. 4',121,1,3);
INSERT INTO BRAND(id,name) VALUES(953,'Plasencia Alma Fuerte Colorado Claro');
INSERT INTO CIGAR(id,name,brand_id,country_id,strength_id) VALUES(4010,'Sixto I',953,1,2);
INSERT INTO BRAND(id,name) VALUES(954,'Southern Draw Desert Rose');
INSERT INTO CIGAR(id,name,brand_id,country_id,strength_id) VALUES(4011,'Lonsdale',954,1,3);
INSERT INTO BRAND(id,name) VALUES(955,'Flores y Rodriguez 10th Anniversary');
INSERT INTO CIGAR(id,name,brand_id,country_id,strength_id) VALUES(4012,'Robusto',955,3,2);
INSERT INTO CIGAR(id,name,brand_id,country_id,strength_id) VALUES(4013,'Wide Churchill',955,3,3);
INSERT INTO CIGAR(id,name,brand_id,country_id,strength_id) VALUES(4014,'Gran Toro',955,3,3);
INSERT INTO CIGAR(id,name,brand_id,country_id,strength_id) VALUES(4015,'Figurado',955,3,3);
INSERT INTO BRAND(id,name) VALUES(956,'Padilla 88 Aniversario');
INSERT INTO CIGAR(id,name,brand_id,country_id,strength_id) VALUES(4016,'Robusto',956,1,2);
INSERT INTO CIGAR(id,name,brand_id,country_id,strength_id) VALUES(4017,'Toro',956,1,2);
INSERT INTO CIGAR(id,name,brand_id,country_id,strength_id) VALUES(4018,'Figurado',956,1,2);
INSERT INTO CIGAR(id,name,brand_id,country_id,strength_id) VALUES(4019,'No. 4',237,1,2);
INSERT INTO CIGAR(id,name,brand_id,country_id,strength_id) VALUES(4020,'Torpedo',237,1,2);
INSERT INTO CIGAR(id,name,brand_id,country_id,strength_id) VALUES(4021,'Monarca',237,1,3);
INSERT INTO CIGAR(id,name,brand_id,country_id,strength_id) VALUES(4022,'Soberano',237,1,2);
INSERT INTO CIGAR(id,name,brand_id,country_id,strength_id) VALUES(4023,'Superior',237,1,2);
INSERT INTO CIGAR(id,name,brand_id,country_id,strength_id) VALUES(4024,'Regalias',105,4,2);
INSERT INTO CIGAR(id,name,brand_id,country_id,strength_id) VALUES(4025,'Regalias',105,4,2);
INSERT INTO CIGAR(id,name,brand_id,country_id,strength_id) VALUES(4026,'Corona Doble',817,1,2);
INSERT INTO CIGAR(id,name,brand_id,country_id,strength_id) VALUES(4027,'No. 6',35,1,3);
INSERT INTO CIGAR(id,name,brand_id,country_id,strength_id) VALUES(4028,'7000',50,1,3);
INSERT INTO CIGAR(id,name,brand_id,country_id,strength_id) VALUES(4029,'Sixty',917,2,4);
INSERT INTO CIGAR(id,name,brand_id,country_id,strength_id) VALUES(4030,'Trés Petite',259,3,4);
INSERT INTO CIGAR(id,name,brand_id,country_id,strength_id) VALUES(4031,'No. 4',45,4,3);
INSERT INTO CIGAR(id,name,brand_id,country_id,strength_id) VALUES(4032,'Lunch Break',218,2,1);
INSERT INTO CIGAR(id,name,brand_id,country_id,strength_id) VALUES(4033,'Tapados',120,4,3);
INSERT INTO CIGAR(id,name,brand_id,country_id,strength_id) VALUES(4034,'Belicoso',96,3,3);
INSERT INTO CIGAR(id,name,brand_id,country_id,strength_id) VALUES(4035,'Britanicas Extra',478,1,3);
INSERT INTO BRAND(id,name) VALUES(957,'Pichardo Reserva Familiar Connecticut');
INSERT INTO CIGAR(id,name,brand_id,country_id,strength_id) VALUES(4036,'6 x 52',957,1,3);
INSERT INTO CIGAR(id,name,brand_id,country_id,strength_id) VALUES(4037,'Le Hoyo Rio Seco (Tubo)',60,4,2);
INSERT INTO CIGAR(id,name,brand_id,country_id,strength_id) VALUES(4038,'Churchill',788,6,2);
INSERT INTO CIGAR(id,name,brand_id,country_id,strength_id) VALUES(4039,'07.52',757,1,3);
INSERT INTO CIGAR(id,name,brand_id,country_id,strength_id) VALUES(4040,'Torpedo Box-Aged 1 Year',24,1,2);
INSERT INTO CIGAR(id,name,brand_id,country_id,strength_id) VALUES(4041,'Short Story',944,3,2);
INSERT INTO CIGAR(id,name,brand_id,country_id,strength_id) VALUES(4042,'Churchill',905,1,2);
INSERT INTO CIGAR(id,name,brand_id,country_id,strength_id) VALUES(4043,'60x6',924,2,3);
INSERT INTO CIGAR(id,name,brand_id,country_id,strength_id) VALUES(4044,'Toro',932,2,3);
INSERT INTO CIGAR(id,name,brand_id,country_id,strength_id) VALUES(4045,'Siglo IV',55,4,3);
INSERT INTO CIGAR(id,name,brand_id,country_id,strength_id) VALUES(4046,'Toro',933,1,3);
INSERT INTO CIGAR(id,name,brand_id,country_id,strength_id) VALUES(4047,'Lonsdale',916,1,3);
INSERT INTO CIGAR(id,name,brand_id,country_id,strength_id) VALUES(4048,'Robusto',920,1,1);
INSERT INTO CIGAR(id,name,brand_id,country_id,strength_id) VALUES(4049,'Juniors',201,2,2);
INSERT INTO CIGAR(id,name,brand_id,country_id,strength_id) VALUES(4050,'Churchill',271,3,4);
INSERT INTO CIGAR(id,name,brand_id,country_id,strength_id) VALUES(4051,'Magnum 54',105,4,2);
INSERT INTO CIGAR(id,name,brand_id,country_id,strength_id) VALUES(4052,'Toro',734,3,4);
INSERT INTO CIGAR(id,name,brand_id,country_id,strength_id) VALUES(4053,'No. 5',98,3,3);
INSERT INTO CIGAR(id,name,brand_id,country_id,strength_id) VALUES(4054,'Robusto',302,1,4);
INSERT INTO CIGAR(id,name,brand_id,country_id,strength_id) VALUES(4055,'Toro',631,1,2);
INSERT INTO CIGAR(id,name,brand_id,country_id,strength_id) VALUES(4056,'Siglo II',55,4,3);
INSERT INTO CIGAR(id,name,brand_id,country_id,strength_id) VALUES(4057,'Sixty',531,1,3);
INSERT INTO CIGAR(id,name,brand_id,country_id,strength_id) VALUES(4058,'Torpedo',597,1,2);
INSERT INTO BRAND(id,name) VALUES(958,'Illusione Ultra');
INSERT INTO CIGAR(id,name,brand_id,country_id,strength_id) VALUES(4059,'MK',958,1,2);
INSERT INTO CIGAR(id,name,brand_id,country_id,strength_id) VALUES(4060,'Robusto',876,2,3);
INSERT INTO CIGAR(id,name,brand_id,country_id,strength_id) VALUES(4061,'Torpedo',237,1,2);
INSERT INTO CIGAR(id,name,brand_id,country_id,strength_id) VALUES(4062,'Punch 48',125,4,3);
INSERT INTO BRAND(id,name) VALUES(959,'Cohiba Serie M');
INSERT INTO CIGAR(id,name,brand_id,country_id,strength_id) VALUES(4063,'Toro',959,6,2);
INSERT INTO CIGAR(id,name,brand_id,country_id,strength_id) VALUES(4064,'Robusto',955,3,2);
INSERT INTO CIGAR(id,name,brand_id,country_id,strength_id) VALUES(4065,'Toro Gordo',819,3,2);
INSERT INTO CIGAR(id,name,brand_id,country_id,strength_id) VALUES(4066,'Churchill',112,1,3);
INSERT INTO BRAND(id,name) VALUES(960,'Saint Luis Rey Carenas');
INSERT INTO CIGAR(id,name,brand_id,country_id,strength_id) VALUES(4067,'Magnum',960,2,2);
INSERT INTO CIGAR(id,name,brand_id,country_id,strength_id) VALUES(4068,'Churchill',438,1,2);
INSERT INTO CIGAR(id,name,brand_id,country_id,strength_id) VALUES(4069,'Magnum',670,1,3);
INSERT INTO CIGAR(id,name,brand_id,country_id,strength_id) VALUES(4070,'No. 3',93,3,2);
INSERT INTO BRAND(id,name) VALUES(961,'Nestor Miranda Collection Connecticut');
INSERT INTO CIGAR(id,name,brand_id,country_id,strength_id) VALUES(4071,'Gran Toro',961,1,5);
INSERT INTO CIGAR(id,name,brand_id,country_id,strength_id) VALUES(4072,'Maduro No. 2',37,4,2);
INSERT INTO CIGAR(id,name,brand_id,country_id,strength_id) VALUES(4073,'Churchill',529,2,4);
INSERT INTO CIGAR(id,name,brand_id,country_id,strength_id) VALUES(4074,'Diabolus',685,1,2);
INSERT INTO CIGAR(id,name,brand_id,country_id,strength_id) VALUES(4075,'Robusto',141,3,5);
INSERT INTO CIGAR(id,name,brand_id,country_id,strength_id) VALUES(4076,'Belicoso',43,1,4);
INSERT INTO CIGAR(id,name,brand_id,country_id,strength_id) VALUES(4077,'Valiente',433,3,2);
INSERT INTO BRAND(id,name) VALUES(962,'Rocky Patel Winter Collection');
INSERT INTO CIGAR(id,name,brand_id,country_id,strength_id) VALUES(4078,'Corona',962,1,1);
INSERT INTO CIGAR(id,name,brand_id,country_id,strength_id) VALUES(4079,'Robusto',962,1,2);
INSERT INTO CIGAR(id,name,brand_id,country_id,strength_id) VALUES(4080,'Sixty',962,1,2);
INSERT INTO CIGAR(id,name,brand_id,country_id,strength_id) VALUES(4081,'Churchill',112,1,3);
INSERT INTO BRAND(id,name) VALUES(963,'JFR Lunatic Maduro');
INSERT INTO CIGAR(id,name,brand_id,country_id,strength_id) VALUES(4082,'El Grande',963,1,2);
INSERT INTO CIGAR(id,name,brand_id,country_id,strength_id) VALUES(4083,'LE21',833,3,3);
INSERT INTO CIGAR(id,name,brand_id,country_id,strength_id) VALUES(4084,'Toro',959,6,2);
INSERT INTO CIGAR(id,name,brand_id,country_id,strength_id) VALUES(4085,'Special Edition',779,1,1);
INSERT INTO CIGAR(id,name,brand_id,country_id,strength_id) VALUES(4086,'Toro',962,1,2);
INSERT INTO CIGAR(id,name,brand_id,country_id,strength_id) VALUES(4087,'Matatan',433,3,2);
INSERT INTO CIGAR(id,name,brand_id,country_id,strength_id) VALUES(4088,'Maestro',433,3,2);
INSERT INTO CIGAR(id,name,brand_id,country_id,strength_id) VALUES(4089,'Poderoso',433,3,3);
INSERT INTO CIGAR(id,name,brand_id,country_id,strength_id) VALUES(4090,'Guerrero',433,3,2);
INSERT INTO CIGAR(id,name,brand_id,country_id,strength_id) VALUES(4091,'Chisel',433,3,1);
